-- phpMyAdmin SQL Dump
-- version 5.1.1
-- https://www.phpmyadmin.net/
--
-- Host: 127.0.0.1
-- Waktu pembuatan: 19 Okt 2024 pada 11.14
-- Versi server: 10.4.22-MariaDB
-- Versi PHP: 8.1.0

SET SQL_MODE = "NO_AUTO_VALUE_ON_ZERO";
START TRANSACTION;
SET time_zone = "+00:00";


/*!40101 SET @OLD_CHARACTER_SET_CLIENT=@@CHARACTER_SET_CLIENT */;
/*!40101 SET @OLD_CHARACTER_SET_RESULTS=@@CHARACTER_SET_RESULTS */;
/*!40101 SET @OLD_COLLATION_CONNECTION=@@COLLATION_CONNECTION */;
/*!40101 SET NAMES utf8mb4 */;

--
-- Database: `wastudig_smartqeesh`
--

-- --------------------------------------------------------

--
-- Struktur dari tabel `mactivity`
--

CREATE TABLE `mactivity` (
  `intIdActivity` int(11) NOT NULL,
  `intIdDepartement` int(11) NOT NULL,
  `txtNamaActivity` varchar(255) NOT NULL,
  `bitActive` tinyint(1) NOT NULL,
  `intInsertedBy` int(11) NOT NULL,
  `dtmInsertedDate` date NOT NULL,
  `intUpdatedBy` int(11) NOT NULL,
  `dtmUpdatedDate` date NOT NULL
) ENGINE=InnoDB DEFAULT CHARSET=latin1 ROW_FORMAT=DYNAMIC;

--
-- Dumping data untuk tabel `mactivity`
--

INSERT INTO `mactivity` (`intIdActivity`, `intIdDepartement`, `txtNamaActivity`, `bitActive`, `intInsertedBy`, `dtmInsertedDate`, `intUpdatedBy`, `dtmUpdatedDate`) VALUES
(3, 8, 'PENGGANTIAN LAMPU JALAN \r\n(Tinggi 12 meter) :', 1, 8, '2022-06-16', 8, '2022-06-16'),
(4, 8, 'PENGGANTIAN LAMPU SOROT DI ATAS PIPERACK  (Tinggi 6 meter) :', 1, 8, '2022-06-16', 8, '2022-06-16'),
(5, 8, 'PENGGANTIAN LAMPU SOROT DI DINDING  (6 METER) :', 1, 8, '2022-06-16', 8, '2022-06-16'),
(6, 8, 'OVERHOUL MOTOR', 1, 8, '2022-06-16', 8, '2022-06-16'),
(7, 8, 'PM BATTERY SEL :', 1, 8, '2022-06-16', 8, '2022-06-16'),
(8, 8, 'PREVENTIVE MAINTENANCE BREAKER 380 V :', 1, 8, '2022-06-16', 8, '2022-06-16'),
(9, 8, 'MAINTENANCE CB 3.3 KV DAN 11 KV :', 1, 8, '2022-06-16', 8, '2022-06-16'),
(10, 8, 'PM BDV OIL TRAFO :', 1, 8, '2022-06-16', 8, '2022-06-16'),
(11, 8, 'MENGGANTI LAMPU TL', 1, 8, '2022-06-16', 8, '2022-06-16'),
(12, 8, 'PM GREASING MOTOR :', 1, 8, '2022-06-16', 8, '2022-06-16'),
(13, 8, 'PM SILLICAGEL :', 1, 8, '2022-06-16', 8, '2022-06-16'),
(22, 17, 'TEST', 1, 1, '2022-06-29', 1, '2022-06-29'),
(23, 17, 'TEST1', 1, 1, '2022-06-29', 1, '2022-06-29'),
(24, 17, 'SUNT VOLUPTATEM APE', 1, 1, '2022-12-21', 1, '2022-12-21');

-- --------------------------------------------------------

--
-- Struktur dari tabel `magama`
--

CREATE TABLE `magama` (
  `intidAgama` int(11) NOT NULL,
  `txtNamaAgama` varchar(128) NOT NULL
) ENGINE=InnoDB DEFAULT CHARSET=utf8 ROW_FORMAT=DYNAMIC;

--
-- Dumping data untuk tabel `magama`
--

INSERT INTO `magama` (`intidAgama`, `txtNamaAgama`) VALUES
(1, 'Islam'),
(2, 'Kristen'),
(3, 'Katholik'),
(4, 'Hindu'),
(5, 'Budha'),
(6, 'Konghucu'),
(99, 'Lainnya');

-- --------------------------------------------------------

--
-- Struktur dari tabel `mbodypart`
--

CREATE TABLE `mbodypart` (
  `intIdBodyPart` int(11) NOT NULL,
  `txtNameBodyPart` text NOT NULL
) ENGINE=InnoDB DEFAULT CHARSET=latin1 ROW_FORMAT=DYNAMIC;

--
-- Dumping data untuk tabel `mbodypart`
--

INSERT INTO `mbodypart` (`intIdBodyPart`, `txtNameBodyPart`) VALUES
(1, 'Forehead'),
(2, 'Eye'),
(3, 'Nose'),
(4, 'Mouth'),
(5, 'Lip'),
(6, 'Chin'),
(7, 'Head'),
(8, 'Ear'),
(9, 'Neck'),
(10, 'Shoulder'),
(11, 'Chest'),
(12, 'Nipple'),
(13, 'Arm'),
(14, 'Armpit'),
(15, 'Elbow'),
(16, 'Navel'),
(17, 'Wrist'),
(18, 'Buttocks'),
(19, 'Forearm'),
(20, 'Hand'),
(21, 'Thumb'),
(22, 'Finger'),
(23, 'Hip'),
(24, 'Groin'),
(25, 'Leg'),
(26, 'Thigh'),
(27, 'Knee'),
(28, 'Calf'),
(29, 'Foot'),
(30, 'Ankle'),
(31, 'Instep'),
(32, 'Heal'),
(33, 'Toenail');

-- --------------------------------------------------------

--
-- Struktur dari tabel `mdepartemen`
--

CREATE TABLE `mdepartemen` (
  `intIdDepartement` int(11) NOT NULL,
  `txtNamaDepartement` varchar(255) NOT NULL,
  `txtSingkatan` varchar(50) NOT NULL,
  `bitActive` tinyint(1) NOT NULL,
  `intInsertedBy` int(11) NOT NULL,
  `dtmInsertedDate` date NOT NULL,
  `intUpdatedBy` int(11) NOT NULL,
  `dtmUpdatedDate` date NOT NULL,
  `intIdSection` int(11) DEFAULT NULL
) ENGINE=InnoDB DEFAULT CHARSET=latin1 ROW_FORMAT=DYNAMIC;

--
-- Dumping data untuk tabel `mdepartemen`
--

INSERT INTO `mdepartemen` (`intIdDepartement`, `txtNamaDepartement`, `txtSingkatan`, `bitActive`, `intInsertedBy`, `dtmInsertedDate`, `intUpdatedBy`, `dtmUpdatedDate`, `intIdSection`) VALUES
(1, 'OPRNS. E&M MECHANICAL UTILITY', 'TEST', 1, 1, '2022-05-14', 1, '2022-05-14', 1),
(2, 'OPRNS. E&M MECHANICAL POG (FIB', 'TEST', 1, 1, '2022-05-14', 1, '2022-05-14', 1),
(3, 'FINANCE & ACCOUNTING', 'TEST', 1, 1, '2022-05-14', 1, '2022-05-14', 2),
(4, 'HR. SECURITY', 'TEST', 1, 1, '2022-05-14', 1, '2022-05-14', 3),
(5, 'OPRNS. E&M ELECTRICAL POG (POL', 'TEST', 1, 1, '2022-05-14', 1, '2022-05-14', 1),
(6, 'HR. GA', 'TEST', 1, 1, '2022-05-14', 1, '2022-05-14', 3),
(7, 'OPRNS. MARKETING SHIPPING', 'TEST', 1, 1, '2022-05-14', 1, '2022-05-14', 1),
(8, 'OPRNS. E&M ELECTRICAL UTILITY', 'TEST', 1, 1, '2022-05-14', 1, '2022-05-14', 1),
(9, 'OPRNS. E&M ELECTRICAL POG (FIB', 'TEST', 1, 1, '2022-05-14', 1, '2022-05-14', 1),
(10, 'FIN. PROCUREMENT STORE', 'TEST', 1, 1, '2022-05-14', 1, '2022-05-14', 2),
(11, 'OPRNS. FIBER 1', 'TEST', 1, 1, '2022-05-14', 1, '2022-05-14', 1),
(12, 'HR. TRAINING & DEV.', 'TEST', 1, 1, '2022-05-14', 1, '2022-05-14', 3),
(13, 'CT FIBER PROCESS CONTROL', 'TEST', 1, 1, '2022-05-14', 1, '2022-05-14', 6),
(14, 'OPRNS. E&M UTILITY OPERATION', 'TEST', 1, 1, '2022-05-14', 1, '2022-05-14', 1),
(15, 'FIN. PROCUREMENT IMPORT', 'TEST', 1, 1, '2022-05-14', 1, '2022-05-14', 2),
(16, 'HR. PERSONNEL', 'TEST', 1, 1, '2022-05-14', 1, '2022-05-14', 3),
(17, 'OPRNS. POLY PRODUCTION', 'TEST', 1, 1, '2022-05-14', 1, '2022-05-14', 1),
(18, 'CT. QC/QA CHEMICAL', 'TEST', 1, 1, '2022-05-14', 1, '2022-05-14', 4),
(19, 'OPRNS. E&M INSTR POG (FIBER)', 'TEST', 1, 1, '2022-05-14', 1, '2022-05-14', 1),
(20, 'OPRNS. PTA PRODUCTION', 'TEST', 1, 1, '2022-05-14', 1, '2022-05-14', 1),
(21, 'CT POLY PROCESS CONTROL', 'TEST', 1, 1, '2022-05-14', 1, '2022-05-14', 4),
(22, 'FIN. PROCUREMENT CLEARANCE', 'TEST', 1, 1, '2022-05-14', 1, '2022-05-14', 2),
(23, 'OPRNS. PPC', 'TEST', 1, 1, '2022-05-14', 1, '2022-05-14', 1),
(24, 'OPRNS. E&M MECHANICAL POG (POL', 'TEST', 1, 1, '2022-05-14', 1, '2022-05-14', 1),
(25, 'SS. HSE', 'TEST', 1, 1, '2022-05-14', 1, '2022-05-14', 5),
(26, 'OPRNS. FIBER 2', 'TEST', 1, 1, '2022-05-14', 1, '2022-05-14', 1),
(27, 'OPRNS. E&M INSTRUMENTATION POG', 'TEST', 1, 1, '2022-05-14', 1, '2022-05-14', 1),
(28, 'MF PTA DEBAGGING', 'TEST', 1, 1, '2022-05-14', 1, '2022-05-14', 1),
(29, 'HR. COLONY & TELECOM', 'TEST', 1, 1, '2022-05-14', 1, '2022-05-14', 3),
(30, 'FIN. RAW MATERIALS', 'TEST', 1, 1, '2022-05-14', 1, '2022-05-14', 2),
(31, 'HR. GENERAL', 'TEST', 1, 1, '2022-05-14', 1, '2022-05-14', 3),
(32, 'OPRNS. E&M PED', 'TEST', 1, 1, '2022-05-14', 1, '2022-05-14', 1),
(33, 'OPRNS. E&M INSTRUMENTATION PTA', 'TEST', 1, 1, '2022-05-14', 1, '2022-05-14', 1),
(34, 'CT. TECH DEVELOPMENT', 'TEST', 1, 1, '2022-05-14', 1, '2022-05-14', 4),
(35, 'CT. QC/QA FIBER', 'TEST', 1, 1, '2022-05-14', 1, '2022-05-14', 4),
(36, 'FIN. PROCUREMENT DOMESTIC', 'TEST', 1, 1, '2022-05-14', 1, '2022-05-14', 2),
(37, 'OPRNS. MARKETING TECH SERVICE', 'TEST', 1, 1, '2022-05-14', 1, '2022-05-14', 1),
(38, 'OPRNS. POLY GEN ADMIN', 'TEST', 1, 1, '2022-05-14', 1, '2022-05-14', 1),
(39, 'OPRNS. E&M MECHANICAL PTA', 'TEST', 1, 1, '2022-05-14', 1, '2022-05-14', 1),
(40, 'OPRNS. LOGISTIC CHIPS', 'TEST', 1, 1, '2022-05-14', 1, '2022-05-14', 1),
(41, 'OPRNS. E&M INSTRUMENTATION UTI', 'TEST', 1, 1, '2022-05-14', 1, '2022-05-14', 1),
(42, 'OPRNS. LOGISTIC FIBER', 'TEST', 1, 1, '2022-05-14', 1, '2022-05-14', 1),
(43, 'DIRECTOR GEN ADMIN', 'TEST', 1, 1, '2022-05-14', 1, '2022-05-14', 6),
(44, 'IT', 'TEST', 1, 1, '2022-05-14', 1, '2022-05-14', 7),
(45, 'FIN. RAW MATERIALS GEN ADMIN', 'TEST', 1, 1, '2022-05-14', 1, '2022-05-14', 2),
(46, 'CT. GENERAL ADMIN', 'TEST', 1, 1, '2022-05-14', 1, '2022-05-14', 4),
(47, 'OPRNS. MARKETING EXPORT', 'TEST', 1, 1, '2022-05-14', 1, '2022-05-14', 1),
(48, 'OPRNS. E&M ELECTRICAL PTA', 'TEST', 1, 1, '2022-05-14', 1, '2022-05-14', 1),
(49, 'IT GENERAL ADMIN', 'TEST', 1, 1, '2022-05-14', 1, '2022-05-14', 7),
(50, 'OPRNS. MARKETING DOMESTIC', 'TEST', 1, 1, '2022-05-14', 1, '2022-05-14', 1),
(51, 'SS. LICE & PERMIT & H.KEEPING', 'TEST', 1, 1, '2022-05-14', 1, '2022-05-14', 5),
(52, 'HR. RECRUITMENT', 'TEST', 1, 1, '2022-05-14', 1, '2022-05-14', 3);

-- --------------------------------------------------------

--
-- Struktur dari tabel `mdisease`
--

CREATE TABLE `mdisease` (
  `intidDisease` int(11) NOT NULL,
  `txtNamaDisease` varchar(30) NOT NULL,
  `txtMedicalTerm` varchar(30) NOT NULL
) ENGINE=InnoDB DEFAULT CHARSET=latin1 ROW_FORMAT=DYNAMIC;

--
-- Dumping data untuk tabel `mdisease`
--

INSERT INTO `mdisease` (`intidDisease`, `txtNamaDisease`, `txtMedicalTerm`) VALUES
(5, 'Flu', 'Influenza'),
(6, 'Batuk', ''),
(8, 'Batuk Berdahak', ''),
(9, 'Sakit Kepala Sebelah', 'Migrain'),
(10, 'Maag', ''),
(15, 'Sesak Napas', ''),
(16, 'hipertensi', '');

-- --------------------------------------------------------

--
-- Struktur dari tabel `memployee`
--

CREATE TABLE `memployee` (
  `intIdEmployee` int(11) NOT NULL,
  `txtNameEmployee` varchar(50) NOT NULL,
  `txtNikEmployee` varchar(50) NOT NULL,
  `txtEmail` varchar(30) DEFAULT NULL,
  `txtNomorWa` varchar(20) DEFAULT NULL,
  `intIdDepartment` int(11) NOT NULL,
  `intIdJabatan` int(11) NOT NULL,
  `intTpk` int(11) NOT NULL COMMENT 'status employee, kontrak = 3, tetap = 1',
  `intKpw` int(11) NOT NULL COMMENT 'jenis kelamin, Pria = 1 dan Wanita = 2',
  `intKtk` int(11) NOT NULL COMMENT 'status hubungan, kawin = 1 atau tidak = 2',
  `intJumlahAnak` int(11) DEFAULT NULL,
  `dtmTanggalMasuk` date NOT NULL,
  `txtTempatLahir` varchar(30) NOT NULL,
  `dtmTanggalLahir` date NOT NULL,
  `intIdAgama` int(11) NOT NULL,
  `txtSuku` varchar(30) DEFAULT NULL,
  `txtGolonganDarah` varchar(5) DEFAULT NULL,
  `txtAlamat1` varchar(255) DEFAULT NULL,
  `txtAlamat2` varchar(255) DEFAULT NULL,
  `intIdNegara` int(11) DEFAULT NULL,
  `intIdProvinsi` int(11) DEFAULT NULL,
  `intIdKota` int(11) DEFAULT NULL,
  `intIdJenjangPendidikan` int(11) NOT NULL
) ENGINE=InnoDB DEFAULT CHARSET=latin1 ROW_FORMAT=DYNAMIC;

--
-- Dumping data untuk tabel `memployee`
--

INSERT INTO `memployee` (`intIdEmployee`, `txtNameEmployee`, `txtNikEmployee`, `txtEmail`, `txtNomorWa`, `intIdDepartment`, `intIdJabatan`, `intTpk`, `intKpw`, `intKtk`, `intJumlahAnak`, `dtmTanggalMasuk`, `txtTempatLahir`, `dtmTanggalLahir`, `intIdAgama`, `txtSuku`, `txtGolonganDarah`, `txtAlamat1`, `txtAlamat2`, `intIdNegara`, `intIdProvinsi`, `intIdKota`, `intIdJenjangPendidikan`) VALUES
(1, 'AGUS LISTYANTO', 'III1147BK', NULL, NULL, 1, 4, 3, 1, 1, 2, '2020-11-03', 'SEMARANG', '1965-08-01', 1, '', '', 'PERUM EKAMAS BLOK AJ/08 RT.03/08', 'DS.PANGULAH UTARA-KOTABARU KARAWANG', 1, 9, 83, 6),
(2, 'TUGIMAN', 'I-38', NULL, NULL, 2, 6, 1, 1, 1, 2, '1986-02-12', 'KENDAL', '1969-07-14', 1, '', '', 'DSN.KOSAMBI II RT.31/09 DDS.DUREN KEC.', 'KLARI KARAWANG 41371', 1, 9, 83, 6),
(3, 'SODIQ', 'I-2034', NULL, NULL, 2, 6, 1, 1, 1, 2, '1986-09-12', 'KENDAL', '1968-05-27', 1, '', 'AB', 'DSN.KOSAMBI II RT.05 RW.10 DS.DUREN', 'KEC.KLARI KAB.KARAWANG 41371', 1, 9, 83, 6),
(4, 'NURYADI', 'I-73', NULL, NULL, 2, 6, 1, 1, 1, 2, '1987-03-02', 'KENDAL', '1968-01-01', 1, '', 'O', 'PERUM EKAMASPERMAI BLOK AO.5 RT.03/04', 'DS.PANGULAH UTARA-KOTABARU KARAWANG', 1, 9, 83, 6),
(5, 'AGUS SUWANEN', 'III-238BK', NULL, NULL, 2, 4, 3, 1, 1, 2, '1987-05-05', 'KLATEN', '1964-11-16', 1, '', 'A', 'PERUM EKAMAS PERMAI BLOK.BE/1 RT.01/05', 'DS.PANGULAH UTARA-KOTABARU KARAWANG', 1, 9, 83, 6),
(6, 'AGUS HENDRAYANA', 'IV-1585', NULL, NULL, 3, 3, 1, 1, 1, 1, '1988-01-11', 'SEMARANG', '1968-08-08', 1, '', 'B', 'PERUM DIAN ANYAR BLOK.H1/11 RT.02/12', 'DS.CISEUREUH PURWAKARTA', 1, 9, 83, 6),
(7, 'BAMBANG EKO SEPTIJARSO', 'II-1586BK', NULL, NULL, 3, 5, 3, 1, 1, 2, '1990-01-22', 'BATANG', '1965-09-25', 1, '', 'B', 'JL.CEMPAKA 2 NO.16 RT.01/15 DS.CIKAMPEK', 'UTARA KOTA BARU KARAWANG', 1, 9, 83, 6),
(8, 'SAMUDI', 'II-39', NULL, NULL, 1, 5, 1, 1, 1, 3, '1990-11-12', 'KENDAL', '1969-08-09', 1, '', '', 'PERUM EKAMAS BLOK BE/37 RT.01/05', 'DS.PANGULAH UTARA-KOTABARU KARAWANG', 1, 9, 83, 6),
(9, 'SURYANA', 'I-313', NULL, NULL, 2, 6, 1, 1, 1, 1, '1994-07-21', 'KARAWANG', '1975-09-27', 1, '', '', 'KP.KARANGANYAR RT.03/27 KEL.NAGASARI', 'KEC.KARAWANG BARAT KARAWANG 41312', 1, 9, 83, 6),
(10, 'ANHARI', 'I-42', NULL, NULL, 4, 6, 1, 1, 1, 2, '1994-08-01', 'MAGETAN', '1968-01-01', 1, '', '', 'KP.JEBUG RT.07/07 KAUM III NO.21 KEL.', 'KARAWANG KULON KARAWANG BARAT 41311', 1, 9, 83, 6),
(11, 'KARNO', 'I-48', NULL, NULL, 4, 6, 1, 1, 1, 2, '1994-08-01', 'PONOROGO', '1967-04-26', 1, '', 'B', 'KP.BABAKAN JATI RT.01/03 DS.DAWUAN TIMUR', 'KEC.CIKAMPEK KAB.KARAWANG 41373', 1, 9, 83, 6),
(12, 'SURYADI', 'I-1324', NULL, NULL, 4, 6, 1, 1, 1, 2, '1994-08-01', 'KARAWANG', '1972-02-05', 1, '', '', 'DSN.PASIRTALAGA I RT.06/02 DS.PASIR', 'TALAGA KEC.TELAGASARI KARAWANG 41381', 1, 9, 83, 6),
(13, 'MUKIJO', 'I-1474', NULL, NULL, 4, 6, 1, 1, 1, 2, '1994-08-01', 'BOYOLALI', '1973-06-07', 1, '', 'O', 'DSN.KRAJAN I RT.02/01 DS.TELAGASARI KEC.', 'TELAGASARI KARAWANG 41381', 1, 9, 83, 6),
(14, 'AGUS SALIM', 'II-63', NULL, NULL, 4, 5, 1, 1, 1, 2, '1994-08-01', 'KARAWANG', '1967-04-14', 1, '', 'A', 'KP.BAKANMAJA RT.03/01 DS.JOMIN BARAT', 'KEC.KOTABARU KARAWANG', 1, 9, 83, 6),
(15, 'HARYADI', 'II-105', NULL, NULL, 5, 5, 1, 1, 1, 1, '1994-08-02', 'BANTUL', '1970-03-20', 1, '', '', 'KP.CIAMPEL DS.MULYASARI', 'KEC.TELUKJAMBE KARAWANG', 1, 9, 83, 6),
(16, 'OMAN', 'I-2147', NULL, NULL, 6, 6, 1, 1, 1, 1, '1994-08-15', 'KARAWANG', '1970-12-08', 1, '', '', 'DSN.BAMBU RAKI RT.002/004 DS.JATIWANGI', 'KEC.JATISARI KARAWANG 41374', 1, 9, 83, 6),
(17, 'DARMIN BIN NAMAT', 'I-2151', NULL, NULL, 6, 6, 1, 1, 1, 3, '1994-09-05', 'KARAWANG', '1970-11-10', 1, '', '', 'BENGGOL RT.04/01', 'DS.TEGAL SAWAH KAB.KARAWANG', 1, 9, 83, 6),
(18, 'HARI PRASETYONO', 'V-2041', NULL, NULL, 3, 2, 1, 1, 1, 2, '1994-10-03', 'NGAWI', '1970-12-02', 2, '', '', 'KP CIBARAGALAN RT.06/02 DS.CIWANGI KEC.', 'BUNGURSARI PURWAKARTA', 1, 9, 83, 6),
(19, 'HARI SANTOSO', 'IV-2556', NULL, NULL, 7, 3, 1, 1, 1, 2, '1994-01-10', 'KARANGANYAR', '1967-02-05', 1, '', '', 'JL.CEMPAKA IX NO.10 REGENCI RT.02/13', 'DS.CIKAMPEK UTARA-KOTABARU KARAWANG', 1, 9, 83, 6),
(20, 'DEDI INDRA GUNAWAN', 'II-233', NULL, NULL, 5, 5, 1, 1, 1, 2, '1994-12-05', 'PEMALANG', '1975-06-15', 1, '', '', 'JL.RAYA BEJI NO.24 RT.01/', '01 PEMALANG', 1, 9, 83, 6),
(21, 'ADANG SUPRIADI', 'I-127', NULL, NULL, 2, 6, 1, 1, 1, 1, '1994-12-08', 'KARAWANG', '1972-04-11', 1, '', 'A', 'DSN.CIKALONG I RT.01/01 DS.CIKALONGSARI', 'KEC.JATISARI KARAWANG 41374', 1, 9, 83, 6),
(22, 'DADANG IRAWAN', 'I-128', NULL, NULL, 2, 6, 1, 1, 1, 2, '1994-12-08', 'KARAWANG', '1973-05-10', 1, '', '', 'KP.SUKAMAJU RT.03/09 DS.CIKAMPEK TIMUR', 'KARAWANG 41373', 1, 9, 83, 6),
(23, 'ASEP SUPRIATNA', 'II-1996', NULL, NULL, 2, 5, 1, 1, 1, 2, '1994-12-08', 'PURWAKARTA', '1975-12-19', 1, '', '', 'JL.PUR-BAR NO.82 RT.17/08 SINDANG KASIH', 'PURWAKARTA', 1, 9, 83, 6),
(24, 'ERWIN TEGUH APRIYANTO', 'II-132', NULL, NULL, 8, 5, 1, 1, 1, 1, '1994-12-12', 'JAKARTA', '1973-07-11', 1, '', 'O', 'JOHAR TIMUR RT.02/09 KEL.ADIARSA TIMUR', 'KEC.KARAWANG TIMUR KARAWANG 41313', 1, 9, 83, 6),
(25, 'MUDJIYO', 'IV-60 BK', NULL, NULL, 9, 3, 3, 1, 1, 2, '1994-12-12', 'KLATEN', '1966-01-16', 1, '', '', 'PALM KONDANG ASRI A5/10 RT.25/10 DS.KON', 'DANG JAYA KEC.KARAWANG TIMUR KARAWANG', 1, 9, 83, 6),
(26, 'WIDODO', 'I-1997', NULL, NULL, 2, 6, 1, 1, 1, 2, '1994-12-14', 'SALATIGA', '1971-12-12', 1, '', '', 'PERUM EKAMAS PERMAI BLOK.BA/28 RT.01/05', 'DS.PANGULAH UTARA-KOTABARU KARAWANG', 1, 9, 83, 6),
(27, 'TATANG KOSASIH', 'IV-65 BK', NULL, NULL, 5, 3, 3, 1, 1, 3, '1994-12-14', 'PURWAKARTA', '1965-06-29', 1, '', '', 'KP.BONGAS RT.021/004 KEL.SINDANGKASIH', 'PURWAKARTA', 1, 9, 83, 6),
(28, 'CECEP ENDANG', 'I-153', NULL, NULL, 2, 6, 1, 1, 1, 2, '1994-12-26', 'KARAWANG', '1968-07-20', 1, '', 'B', 'DSN.KRAJA II DS.BENGLE KEC.MAJALAYA', 'KARAWANG', 1, 9, 83, 6),
(29, 'RUMANTO', 'III-2314', NULL, NULL, 2, 4, 1, 1, 1, 1, '1995-01-02', 'BANTUL', '1969-10-06', 1, '', 'O', 'PURI KOSAMBI II BLOK CN/32 RT.02/23', 'DS.DUREN KEC.KLARI KARAWANG 41371', 1, 9, 83, 6),
(30, 'SONHAJI', 'V-228 BK', NULL, NULL, 2, 2, 3, 1, 1, 3, '1995-01-23', 'SRAGEN', '1966-04-05', 1, '', 'B', 'JL.INTAN 8 NO.12A REGENCY RT.03/12 DS.', 'CIKAMPEK UTARA KEC.KOTABARU KARAWANG', 1, 9, 83, 6),
(31, 'ABDUL MASRI', 'I-190', NULL, NULL, 4, 6, 1, 1, 1, 3, '1995-01-26', 'BEKASI', '1968-02-02', 1, '', '', 'KP.KEDUNG KOLE RT.005/002 DS.KARANGMEKAR', 'KEC.KEDUNGWARINGIN BEKASI', 1, 9, 83, 6),
(32, 'ASEP GUNASAH', 'I-192', NULL, NULL, 4, 6, 1, 1, 1, 2, '1995-01-26', 'SUBANG', '1969-05-20', 1, '', '', 'KRAJAN RT.02/03 DS.MEKARSARI KEC.JATI', 'SARI KARAWANG 41374', 1, 9, 83, 6),
(33, 'MUHAMAD SAMSU', 'II-310', NULL, NULL, 10, 5, 1, 1, 1, 1, '1995-02-21', 'BANDUNG', '1975-03-18', 1, '', '', 'PERUM PONDOK MEKAR INDAH I RT.01/10 DS.', 'WANCIMEKAR KOTABARU KARAWANG', 1, 9, 83, 6),
(34, 'SUDIBYO', 'I-2002', NULL, NULL, 11, 6, 1, 1, 1, 0, '1995-03-22', 'JAKARTA', '1974-07-17', 1, '', '', 'KP.UTAMA JAYA RT.01/01 KEL.ADIARSA TIMUR', 'KEC.KARAWANG TIMUR KARAWANG 41313', 1, 9, 83, 6),
(35, 'DEDI ROSADI', 'II-262', NULL, NULL, 4, 5, 1, 1, 1, 2, '1995-03-23', 'KARAWANG', '1972-04-14', 1, '', '', 'DSN.KRAJAN II RT.04/04 DS.KEDAWUNG KEC.', 'LEMAHABANG KARAWANG 41383', 1, 9, 83, 6),
(36, 'DEDE SUPRIADI', 'I-267', NULL, NULL, 4, 6, 1, 1, 1, 4, '1995-03-27', 'KARAWANG', '1972-05-25', 1, '', 'A', 'DSN.KRAJAN II RT.09/03 DS.LEMAHABANG', 'KEC.LEMAHABANG KARAWANG 41383', 1, 9, 83, 6),
(37, 'SUMARNO', 'I-305', NULL, NULL, 4, 6, 1, 1, 1, 4, '1995-03-27', 'KARAWANG', '1967-03-30', 1, '', 'B', 'DSN.KRAJAN REMAJA RT.02/05', 'KEC.CIKAMPEK KARAWANG 41373', 1, 9, 83, 6),
(38, 'ASEP SAEPUDIN', 'I-252', NULL, NULL, 4, 6, 1, 1, 1, 3, '1995-03-27', 'KARAWANG', '1973-05-04', 1, '', '', 'DSN.GINTUNGKEBON RT.10/03 DS.GINTUNG', 'KERTA KEC.KLARI KARAWANG 41371', 1, 9, 83, 6),
(39, 'ENDANG SUSYATNA', 'I-270', NULL, NULL, 4, 6, 1, 1, 1, 3, '1995-03-27', 'KARAWANG', '1972-03-09', 1, '', '', 'DSN.KAUMJAYA RT.16/04 DS.PUSEURJAYA KEC', 'TELUKJAMBE KARAWANG 41361', 1, 9, 83, 6),
(40, 'DONI FEBRIANTO', 'I-266', NULL, NULL, 4, 6, 1, 1, 1, 3, '1995-03-27', 'SOLO', '1973-02-16', 1, '', '', 'PERUM GRIYA PANORAMA INDAH C.3/17 RT.01/', '12 PURWASARI KEC.PURWASARI KARAWANG', 1, 9, 83, 6),
(41, 'HERY RISDIANTO', 'III-278', NULL, NULL, 12, 4, 1, 1, 1, 2, '1995-03-27', 'SUMEDANG', '1975-12-05', 1, '', 'O', 'PERUM EKAMAS BLOK AA.7 RT.01/04 DS.PANGU', 'LAH UTARA-KOTABARU KARAWANG', 1, 9, 83, 6),
(42, 'SUSANTO', 'I-3288', NULL, NULL, 4, 6, 1, 1, 1, 2, '1995-03-27', 'KARAWANG', '1970-03-23', 1, '', '', 'DSN.KRAJAN RT.10/01 DS.CIBALONGSARI KEC.', 'KLARI KARAWANG 41371', 1, 9, 83, 6),
(43, 'CICI RUSLI BIN SALAM', 'I-261', NULL, NULL, 4, 6, 1, 1, 1, 2, '1995-03-27', 'KARAWANG', '1976-06-26', 1, '', '', 'BABAKAN RT.07/15 DS.TANJUNG MEKAR', 'KARAWANG BARAT 41316', 1, 9, 83, 6),
(44, 'DWI SUKMARIYADI', 'II-2004', NULL, NULL, 13, 5, 1, 1, 1, 2, '1995-03-28', 'PEMALANG', '1973-10-26', 1, '', 'O', 'PERUM VILLA DUTA PRATAMA BLOK G NO.15', 'RT.01/04 CIBALONGSARI KLARI KARAWANG', 1, 9, 83, 6),
(45, 'MOHAMAD IHWAN', 'I-1998', NULL, NULL, 2, 6, 1, 1, 1, 3, '1995-03-28', 'PEMALANG', '1971-12-28', 1, '', '', 'GG.MUSHOLA NO.33 RT.034/004 NAGRIKALER', 'PURWAKARTA', 1, 9, 83, 6),
(46, 'ACHMAD SAPUTRA', 'I-227', NULL, NULL, 2, 6, 1, 1, 1, 2, '1995-03-29', 'JAKARTA', '1970-05-18', 1, '', '', 'JL.RAYA TAMELANG RT.01/02 KP.PASIRWARU', 'KLARI KARAWANG 41371', 1, 9, 83, 6),
(47, 'FAJAR ANUGERAH', 'III-2007', NULL, NULL, 13, 4, 1, 1, 1, 1, '1995-03-31', 'BOGOR', '1975-09-23', 1, '', 'A', 'PERUM.PALM KONDANG ASRI BLOK B6 NO.22', 'RT.26/10 DS.KONDANG JAYA KARAWANG', 1, 9, 83, 6),
(48, 'JAELANI', 'I-2008', NULL, NULL, 11, 6, 1, 1, 1, 1, '1995-03-31', 'KARAWANG', '1970-02-13', 1, '', 'B', 'KP.WARNAJAYA RT.18/05 DS.WARUNG BAMBU', 'KEC.KARAWANG TIMUR KARAWANG 41371', 1, 9, 83, 6),
(49, 'BUDIYANTO', 'I-2010', NULL, NULL, 11, 6, 1, 1, 1, 2, '1995-03-31', 'WONOGIRI', '1977-03-07', 1, '', '', 'KP.CIBARAGALAN RT.25/06 KEL.CIWANGI', 'KEC.BUNGURSARI PURWAKARTA', 1, 9, 83, 6),
(50, 'SUPARDI', 'I-323', NULL, NULL, 2, 6, 1, 1, 1, 3, '1995-04-17', 'BOYOLALI', '1967-04-12', 1, '', '', 'DSN.DUREN RT.02/06 DS.DUREN KEC.KLARI', 'KARAWANG 41371', 1, 9, 83, 6),
(51, 'EMAN RISMANTO', 'I-324', NULL, NULL, 4, 6, 1, 1, 1, 3, '1995-04-19', 'KARAWANG', '1970-11-11', 1, '', '', 'KALIGANDU RT01/01 DS.WANAJAYA', 'KEC.TELUKJAMBE BARAT KARAWANG', 1, 9, 83, 6),
(52, 'TURMUDZI', 'I-0018', NULL, NULL, 14, 6, 1, 1, 1, 2, '1995-04-19', 'KARAWANG', '1971-08-11', 1, '', 'AB', 'PASIRTALAGA II RT.13/04 DS.PASIRTALAGA', 'KEC.TELAGASARI KARAWANG 41381', 1, 9, 83, 6),
(53, 'WARSONO', 'I-2150', NULL, NULL, 6, 6, 1, 1, 1, 2, '1995-05-01', 'MAGETAN', '1975-11-03', 1, '', 'B', 'RAWAGABUS RT.03/06 KEL.ADIARSA TIMUR', 'KEC.KARAWANG TIMUR KAB.KARAWANG 41313', 1, 9, 83, 6),
(54, 'SULISTIONO', 'I-0021', NULL, NULL, 15, 6, 1, 1, 1, 3, '1995-05-01', 'MALANG', '1973-04-08', 1, '', 'B', 'DSN.KOSAMBI II RT.30/09 DS.DUREN KLARI', 'KAB.KARAWANG 41371', 1, 9, 83, 6),
(55, 'DARSO', 'I-3289', NULL, NULL, 4, 6, 1, 1, 1, 3, '1995-05-04', 'KARAWANG', '1970-03-24', 1, '', '', 'KP.KALIWEDI RT.03/03 DS.CENGKONG KEC.', 'PURWASARI KARAWANG', 1, 9, 83, 6),
(56, 'ENJANG SUHANDA', 'II-347', NULL, NULL, 16, 5, 1, 1, 1, 4, '1995-05-04', 'KARAWANG', '1971-06-05', 1, '', '', 'DSN.KARAJAN BARAT RT.02/08 DS.CIKAMPEK', 'BARAT KEC.CIKAMPEK KARAWANG', 1, 9, 83, 6),
(57, 'ASEP YUNARDI', 'I-367', NULL, NULL, 4, 6, 1, 1, 1, 3, '1995-05-04', 'BANDUNG', '1973-08-16', 1, '', 'O', 'SUKASEURI RT.17/07 DS.SARIMULYA KEC.KOTA', 'BARU KARAWANG', 1, 9, 83, 6),
(58, 'TAUFIK HIDAYAT', 'I-2594', NULL, NULL, 4, 6, 1, 1, 1, 2, '1995-05-04', 'REJANG LEBONG', '1973-09-04', 1, '', '', 'PERUM GRIYA CITRA PERSADA BLOK F/35 RT.', '01/10 DS.DAWUAN TMR CIKAMPEK KARAWANG', 1, 9, 83, 6),
(59, 'LINDA TAMBA', 'III-120', NULL, NULL, 17, 4, 1, 1, 1, 2, '1995-06-01', 'MEDAN', '1971-03-21', 2, '', '', 'JL.PANEMBAHAN SENOPATI II', 'NO.32 TANGERANG', 1, 9, 83, 6),
(60, 'EDDY SISWANTO', 'V-125 BK', NULL, NULL, 18, 2, 3, 1, 1, 4, '2019-02-11', 'SEMARANG', '1964-02-11', 1, '', 'O', 'BUANA INDAH BLOK.A/13 RT.16/06 DS.MULYA', 'MEKAR BABAKANCIKAO PURWAKARTA', 1, 9, 83, 6),
(61, 'TAUFIK HIDAYAT', 'I-394', NULL, NULL, 2, 6, 1, 1, 1, 1, '1995-06-12', 'PURWAKARTA', '1976-07-08', 1, '', 'O', 'KP.KRAJAN RT.11/04 KEL.LEBAK ANYAR', 'KEC.PASAWAHAN PURWAKARTA', 1, 9, 83, 6),
(62, 'MOKHAMAD MA RUF', 'IV-418', NULL, NULL, 19, 3, 1, 1, 1, 2, '1995-06-26', 'TEGAL', '1970-02-21', 1, '', 'O', 'GRIYA ASRI BLOK.J8/10 RT.09/11 KEL.CISEU', 'REUH PURWAKARTA', 1, 9, 83, 6),
(63, 'WAHJOEDI PRIJAMBODO', 'V-1617 BK', NULL, NULL, 20, 2, 3, 1, 1, 2, '1995-07-03', 'MALANG', '1961-10-25', 1, '', 'O', 'PERUM KARANG MAS INDAH B.5/7 RT.02/14', 'DAWUAN TENGAH CIKAMPEK KARAWANG 41373', 1, 9, 83, 6),
(64, 'YULYI LAELANA ISNAENI', 'V-1621', NULL, NULL, 21, 2, 1, 1, 1, 0, '1995-07-03', 'SEMARANG', '1971-06-29', 1, '', '', 'JL.MENOREH TIMUR IV/36', 'SEMARANG', 1, 9, 83, 6),
(65, 'SAPTADJI AP', 'IV-1623', NULL, NULL, 17, 3, 1, 1, 1, 2, '1995-07-03', 'PURWOREJO', '1968-04-11', 1, '', '', 'JL.LETJEND.SUPRAPTO 76', 'PURWOREJO', 1, 9, 83, 6),
(66, 'HARIES SLAMET RAJADHI', 'V-1610', NULL, NULL, 8, 2, 1, 1, 1, 3, '1995-07-03', 'BANDUNG', '1971-11-18', 1, '', '', 'JL.WIRASABA NO.95 RT.01/24 KEL.ADIARSA', 'TIMUR KEC.KARAWANG TIMUR KARAWANG 41313', 1, 9, 83, 6),
(67, 'UCU FAJARISMAN', 'III-170', NULL, NULL, 22, 4, 1, 1, 1, 3, '1995-07-03', 'PURWAKARTA', '1967-05-03', 1, '', '', 'DSN.KALIJAYA RT.02/09 DS.RENGASDENGKLOK', 'UTARA KEC.RENGASDENGKLOK KARAWANG 41352', 1, 9, 83, 6),
(68, 'AHMAD RIDWAN', 'I-200', NULL, NULL, 23, 6, 1, 1, 1, 3, '1995-07-21', 'PURWAKARTA', '1968-02-10', 1, '', '', 'GG.WALANGI RT.01/01 KEL.CIPAISAN', 'PURWAKARTA 41113', 1, 9, 83, 6),
(69, 'SUGENG SUKARJO', 'I-426', NULL, NULL, 2, 6, 1, 1, 1, 2, '1995-07-21', 'KULON PROGO', '1972-05-20', 1, '', 'O', 'DSN.KARAJAN RT.02/07 DS.DAWUAN TENGAH', 'KEC.CIKAMPEK KARAWANG 41373', 1, 9, 83, 6),
(70, 'SUKAMTO', 'I-427', NULL, NULL, 2, 6, 1, 1, 1, 2, '1995-07-21', 'KULON PROGO', '1973-11-21', 1, '', '', 'PERUM BMI BLOK.B.9/3 RT.01/15 DS.DAWUAN', 'TENGAH-CIKAMPEK KARAWANG 41373', 1, 9, 83, 6),
(71, 'WANTO', 'II-183', NULL, NULL, 24, 5, 1, 1, 1, 1, '1995-07-21', 'PURWAKARTA', '1968-05-30', 1, '', '', 'PERUM BMI I BLOK H2/3 RT.04/19', 'DAWUAN TENGAH CIKAMPEK', 1, 9, 83, 6),
(72, 'ASEP SUSWAN', 'II-204', NULL, NULL, 5, 5, 1, 1, 1, 2, '1995-07-21', 'PURWAKARTA', '1967-07-03', 1, '', '', 'KP.CIGEDOGAN RT.019/010 DS.SINDANGKASIH', 'KEC.PURWAKARTA', 1, 9, 83, 6),
(73, 'DARWAN', 'III-205', NULL, NULL, 11, 4, 1, 1, 1, 2, '1995-07-24', 'TG.MENANG', '1970-08-15', 1, '', '', 'PERUM BUMI HEGAR ASIH RT.002/008 KEL.', 'CISEUREUH PURWAKARTA', 1, 9, 83, 6),
(74, 'JOKO RAHMAT B', 'III-199', NULL, NULL, 11, 4, 1, 1, 1, 2, '1995-08-01', 'MADIUN', '1970-01-11', 1, '', '', 'JL.BENDI RAYA NO.46 TANAH', 'KUSIR KEBAYORAN LAMA', 1, 9, 83, 6),
(75, 'THOMAS SILAHOY', 'IV-246BK', NULL, NULL, 25, 3, 3, 1, 1, 2, '1995-08-01', 'PIRU', '1965-05-25', 2, '', '', 'PERUM KANDIWA PERMAI BLOK.I/16 RT.75/20', 'DS.DUREN KEC.KLARI KARAWANG 41371', 1, 9, 83, 6),
(76, 'SUROTO', 'II-2037', NULL, NULL, 26, 5, 1, 1, 1, 2, '1995-08-02', 'MAGETAN', '1974-08-13', 1, '', '', 'PERUM EKAMAS PERMAI RT.03/04 DS.PANGULAH', 'UTARA-KOTABARU KARAWANG', 1, 9, 83, 6),
(77, 'TETEN SUTENDI', 'II-215 BK', NULL, NULL, 26, 5, 3, 1, 1, 3, '1995-08-02', 'CIAMIS', '1966-08-20', 1, '', '', 'SUKAMAJU RT.10/03 DS.WARUNG BAMBU KEC.', 'KARAWANG TIMUR KARAWANG 41371', 1, 9, 83, 6),
(78, 'LASMIN', 'II-212', NULL, NULL, 13, 5, 1, 1, 1, 2, '1995-08-02', 'BOYOLALI', '1970-09-21', 1, '', 'O', 'PERUM CITRA KEBUN MAS RT.20/07 DS.BENGLE', 'KEC.MAJALAYA KARAWANG', 1, 9, 83, 6),
(79, 'DADAN SYARIP', 'I-307', NULL, NULL, 8, 6, 1, 1, 1, 1, '1995-08-07', 'PURWAKARTA', '1967-09-21', 1, '', '', 'KP.CISANTRI RT.03/01 NO.98 DS.CILANDAK', 'KEC.CAMPAKA PURWAKARTA', 1, 9, 83, 6),
(80, 'AZIZ MUGNI', 'III-217BK', NULL, NULL, 24, 4, 3, 1, 1, 1, '1995-08-09', 'BOGOR', '1965-11-23', 1, '', '', 'JOMIN ESTATE C7/11A JOMIN BARAT', 'KEC.KOTABARU KARAWANG', 1, 9, 83, 6),
(81, 'AL ROSYID', 'II-221', NULL, NULL, 24, 5, 1, 1, 1, 2, '1995-08-10', 'KLATEN', '1967-04-28', 1, '', '', 'TAMAN JOMIN ESTATE BLOK C2/10 RT.03/09', 'KOTABARU - KARAWANG', 1, 9, 83, 6),
(82, 'ABDUL RAHMAN', 'II-1700', NULL, NULL, 2, 5, 1, 1, 1, 3, '1995-08-12', 'BULUKUMBA', '1966-12-31', 1, '', '', 'SUKAMULYA NO.13 RT.23/06 DS.ANGGADITA', 'KEC.KLARI KARAWANG 41371', 1, 9, 83, 6),
(83, 'SUHERLAN', 'II-258', NULL, NULL, 24, 5, 1, 1, 1, 3, '1995-08-14', 'BOGOR', '1967-05-06', 1, '', 'B', 'PERUM BMI RT.08/16 DS.DAWUAN TENGAH', 'BLOK C2 NO.3 CIKAMPEK KARAWANG', 1, 9, 83, 6),
(84, 'DADANG HERMAWAN', 'I-470', NULL, NULL, 2, 6, 1, 1, 1, 3, '1995-08-21', 'SUBANG', '1975-05-05', 1, '', '', 'GG.MADRASAH I RT.011/00 CIPAISAN', 'PURWAKARTA', 1, 9, 83, 6),
(85, 'KODIR', 'II-290', NULL, NULL, 26, 5, 1, 1, 1, 1, '1995-08-21', 'SUBANG', '1970-03-20', 1, '', 'A', 'KP.BEBESARAN RT.031/007 KEL.NAGRI KIDUL', 'PURWAKARTA', 1, 9, 83, 6),
(86, 'DODI SUSANTO', 'I-558', NULL, NULL, 11, 6, 1, 1, 1, 3, '1995-08-21', 'PURWAKARTA', '1975-11-25', 1, '', '', 'GG.ASTER 1 RT.013/002 KEL.NAGRIKALER', 'PURWAKARTA', 1, 9, 83, 6),
(87, 'OTIM SYAMSUDIN', 'II-547', NULL, NULL, 11, 5, 1, 1, 1, 2, '1995-08-21', 'KARAWANG', '1975-06-17', 1, '', 'O', 'KP.PASIR POGOR RT.12/05 DS.KIARAPAYUNG', 'KEC.KLARI KARAWANG 41371', 1, 9, 83, 6),
(88, 'ERLAN SULANJANA', 'II-561', NULL, NULL, 26, 5, 1, 1, 1, 2, '1995-08-21', 'PROBOLINGGO', '1971-03-31', 1, '', '', 'GG.TOHA III NO.21 DAYEUH', 'KOLOT BANDUNG', 1, 9, 83, 6),
(89, 'ABDULAH MUSLIM', 'I-573', NULL, NULL, 11, 6, 1, 1, 1, 1, '1995-08-21', 'TEMANGGUNG', '1971-11-21', 1, '', '', 'PERUM REGENCY RT.05/13 DS.CIKAMPEK UTARA', 'KEC.KOTABARU KARAWANG', 1, 9, 83, 6),
(90, 'WAWAN RACHMAWAN', 'I-576', NULL, NULL, 11, 6, 1, 1, 1, 2, '1995-08-21', 'SUBANG', '1970-06-03', 1, '', 'A', 'PERUM EKAMAS BLOK BK.1/3 RT.02/05 DS.', 'PANGULAH UTARA-KOTABARU KARAWANG', 1, 9, 83, 6),
(91, 'KADIYO', 'I-562', NULL, NULL, 11, 6, 1, 1, 1, 2, '1995-08-21', 'BOYOLALI', '1971-07-02', 1, '', '', 'DSN.DUREN RT.18/05 KEC.KLARI-KARAWANG', 'TIMUR KARAWANG 41371', 1, 9, 83, 6),
(92, 'JAMHUR', 'I-569', NULL, NULL, 11, 6, 1, 1, 1, 2, '1995-08-21', 'KARAWANG', '1971-07-23', 1, '', '', 'SUKAMULYA RT.15/04 DS.WARUNG BAMBU KEC.', 'KARAWANG TIMUR KARAWANG 41371', 1, 9, 83, 6),
(93, 'MOCHAMAD DENI HARYANTO', 'I-574', NULL, NULL, 18, 6, 1, 1, 1, 2, '1995-08-21', 'JAKARTA', '1973-06-15', 1, '', '', 'PERUM VILLA DUTA PRATAMA BLOK E.24', 'RT.001/004 CIBALONGSARI-KLARI-KARAWANG', 1, 9, 83, 6),
(94, 'DWI TEGAS', 'V-296 BK', NULL, NULL, 25, 2, 3, 1, 1, 3, '1995-08-21', 'BANYUMAS', '1966-05-06', 1, '', '', 'PERUM DIAN ANYAR D3-3 RT.015/012 DS.', 'CISEUREUH PURWAKARTA', 1, 9, 83, 6),
(95, 'IWAN SYAIFUDIN Z', 'II-276 BK', NULL, NULL, 24, 5, 3, 1, 1, 1, '1995-08-21', 'BOGOR', '1966-05-04', 1, '', 'A', 'PERUM CITRA KEBUNMAS BLOK F2 NO.31', 'RT.38/12 DS.BENGLE KEC.MAJALAYA KAB.KRW', 1, 9, 83, 6),
(96, 'SARJI', 'V-244 BK', NULL, NULL, 17, 2, 3, 1, 1, 3, '1995-08-21', 'NGAWI', '1962-05-14', 1, '', '', 'PERUM GRIYA MUKTI BLOK.E', 'NO.22', 1, 9, 83, 6),
(97, 'LIO SARWOKO', 'II-286', NULL, NULL, 11, 5, 1, 1, 1, 0, '1995-08-21', 'MAGELANG', '1970-04-14', 1, '', '', 'PERUM DIAN ANYAR RT.013/012 KEL.CISEU', 'REUH PURWAKARTA', 1, 9, 83, 6),
(98, 'MUH LATIF ASNAWI', 'II-294', NULL, NULL, 27, 5, 1, 1, 1, 2, '1995-08-21', 'KULON PROGO', '1970-12-11', 1, '', '', 'BUMI CIKAMPEK BARU BLOK F1./32 RT.05/08', 'DS.BALONGGANDU KEC.JATISARI KARAWANG', 1, 9, 83, 6),
(99, 'ZEZEN ZAENUDIN', 'II-354', NULL, NULL, 19, 5, 1, 1, 1, 3, '1995-08-24', 'SUBANG', '1968-02-05', 1, '', 'B', 'MARGALUYU TIMUR RT.31/14 DS.SUKAMANDI', 'KEC.CIASEM SUBANG', 1, 9, 83, 6),
(100, 'HERU NUR PRIATMOKO', 'IV-363', NULL, NULL, 27, 3, 1, 1, 1, 3, '1995-08-28', 'SEMARANG', '1968-05-26', 1, '', 'O', 'JL.BUNGUR BLOK 2 NO.120 RT.05/08 KEL.', 'CISEUREUH PURWAKARTA', 1, 9, 83, 6),
(101, 'AGUS SUHERMAN', 'IV-297', NULL, NULL, 24, 3, 1, 1, 1, 3, '1995-08-28', 'BANDUNG', '1970-11-29', 1, '', '', 'PERUM BUMI CIKAMPEK BARU BLOK A1 NO.27', 'RT.01/07 BALONGGANDU JATISARI KARAWANG', 1, 9, 83, 6),
(102, 'HERYANTO', 'II-923', NULL, NULL, 24, 5, 1, 1, 1, 6, '1995-08-28', 'BANDUNG', '1967-07-24', 1, '', 'A', 'KP.BAKAN MAJA RT.04/08 KEL.PANGULAH', 'SELATAN KEC.KOTABARU KARAWANG', 1, 9, 83, 6),
(103, 'MUTIA WUNGU', 'II-329', NULL, NULL, 26, 5, 1, 2, 2, 0, '1995-08-28', 'KARAWANG', '1973-05-20', 1, '', 'B', 'JL.SUBANG NO.5B KARANGPAWITAN RT.02/12', 'KARAWANG BARAT 41315', 1, 9, 83, 6),
(104, 'ALI SADIKIN', 'II-351', NULL, NULL, 27, 5, 1, 1, 1, 1, '1995-09-01', 'JAKARTA', '1973-12-03', 1, '', 'O', 'PALM KONDANG ASRI A.1/12 RT.27/10 DS.KON', 'DANG JAYA KEC.KARAWANG TIMUR-KARAWANG', 1, 9, 83, 6),
(105, 'NURHAKIM', 'II-360', NULL, NULL, 27, 5, 1, 1, 1, 0, '1995-09-01', 'BANDUNG', '1976-08-16', 1, '', 'B', 'PERUM PANORAMA O2/24 RT.47/12 DS.MUNJUL', 'JAYA KEC.PURWAKARTA', 1, 9, 83, 6),
(106, 'HUSIN', 'I-493', NULL, NULL, 11, 6, 1, 1, 1, 2, '1995-09-04', 'LAHAT', '1970-01-05', 1, '', 'B', 'PERUM EKA MAS PERMAI AJ/11 RT.03/04', 'PANGULAH UTARA KEC.KOTABARU KARAWANG', 1, 9, 83, 6),
(107, 'SUMARYO', 'I-496', NULL, NULL, 11, 6, 1, 1, 1, 1, '1995-09-04', 'BOGOR', '1971-03-04', 1, '', 'B', 'PERUM CITRA KEBUN MAS BLOK EC09 RT.36/11', 'DS.BENGLE KEC.MAJALAYA KAB.KARAWANG', 1, 9, 83, 6),
(108, 'M KURNIAWAN A S', 'III-498', NULL, NULL, 16, 4, 1, 1, 1, 4, '1995-09-04', 'PEKALONGAN', '1975-08-23', 1, '', 'B', 'JL.PERMATA KASIH 9 RT.05/13 DS.CIKAMPEK', 'UTARA-KOTA BARU KARAWANG', 1, 9, 83, 6),
(109, 'DUL ROKHIM', 'I-483', NULL, NULL, 13, 6, 1, 1, 1, 2, '1995-09-04', 'KENDAL', '1979-05-12', 1, '', 'O', 'PERUM VILLA KARAWANGI BLOK A3 NO.7', 'RT.11/02 DS.CIBALONGSARI KLARI KRW', 1, 9, 83, 6),
(110, 'MARNO', 'II-300', NULL, NULL, 26, 5, 1, 1, 1, 2, '1995-09-04', 'KARANG ANYAR', '1971-11-25', 1, '', 'B', 'PERMATA REGENCY RT.02/13 DS.CIKAMPEK', 'UTARA-KOTABARU KARAWANG', 1, 9, 83, 6),
(111, 'HARTANTO', 'I-298', NULL, NULL, 11, 6, 1, 1, 1, 2, '1995-09-04', 'KLATEN', '1971-08-29', 1, '', '', 'JL.CEMPAKA 13 RT.02/13 REGENCY DS.', 'CIKAMPEK UTARA-KOTABARU KARAWANG', 1, 9, 83, 6),
(112, 'RACHLI', 'II-344', NULL, NULL, 27, 5, 1, 1, 1, 2, '1995-09-04', 'CIAMIS', '1977-10-31', 1, '', 'A', 'PERUM GPP BLOK B.1/26 RT.30/05 DS.ANGGA', 'DITA KEC.KLARI KARAWANG 41371', 1, 9, 83, 6),
(113, 'DINDIN SAEPUDIN', 'II-338', NULL, NULL, 24, 5, 1, 1, 1, 3, '1995-09-04', 'BANDUNG', '1976-03-12', 1, '', '', 'PERUM CIKAMPEK BERSERI BLOK C/7', 'KOTABARU KARAWANG', 1, 9, 83, 6),
(114, 'WALIMAN', 'III-264BK', NULL, NULL, 14, 4, 3, 1, 1, 3, '2020-11-02', 'KLATEN', '1965-09-09', 1, '', 'A', 'PERUM BUMI HEGAR ASIH RT.04/08 DS.CISEU', 'REUH JL.ANYELIR BLOK II/149 PURWAKARTA', 1, 9, 83, 6),
(115, 'DEDI DARMADI', 'III-386', NULL, NULL, 17, 4, 1, 1, 1, 3, '1995-09-04', 'BANDUNG', '1969-07-04', 1, '', '', 'DSN.BAKAN TAMBUN RT.01/07 DS.PUCUNG KEC.', 'KOTABARU KARAWANG', 1, 9, 83, 6),
(116, 'KARMO BIN IKUNG', 'I-0022', NULL, NULL, 20, 6, 1, 1, 1, 2, '1995-09-05', 'KARAWANG', '1972-10-10', 1, '', '', 'PERUM BMI BLOK.D.11/21 RT.03/15 DAWUAN', 'TENGAH KEC.CIKAMPEK KARAWANG 41373', 1, 9, 83, 6),
(117, 'SUPRAYOGA', 'I-2154', NULL, NULL, 6, 6, 1, 1, 1, 2, '1995-09-05', 'CIAMIS', '1970-10-11', 1, '', '', 'PERUM KOSAMBI PERMAI RT.03/03 DS.DUREN', 'KEC.KLARI KARAWANG 41371', 1, 9, 83, 6),
(118, 'DIDING', 'II-304', NULL, NULL, 26, 5, 1, 1, 1, 2, '1995-09-05', 'KUNINGAN', '1970-03-02', 1, '', 'O', 'RAWAGABUS SELATAN RT.07/03 DS.MARGASARI', 'KARAWANG TIMUR KARAWANG 41371', 1, 9, 83, 6),
(119, 'SARIMIN', 'II-308', NULL, NULL, 28, 5, 1, 1, 1, 3, '1995-09-05', 'KEBUMEN', '1967-01-09', 1, '', '', 'KP.SUKAPURA RT.05/03', 'KIARA CONDONG BANDUNG', 1, 9, 83, 6),
(120, 'TONO SUHARTONO', 'II-319', NULL, NULL, 24, 5, 1, 1, 1, 3, '1995-09-06', 'LEBAK', '1967-04-20', 1, '', 'O', 'TAMAN JOMIN ESTATE BLOK C2/26 RT.01/09', 'JOMIN BARAT-KOTABARU-KARAWANG', 1, 9, 83, 6),
(121, 'ASEP SAEFUL ROHMAN', 'II-507', NULL, NULL, 19, 5, 1, 1, 1, 0, '1995-09-11', 'PURWAKARTA', '1971-03-13', 1, '', 'O', 'PERUM HEGAR ASIH RT.06/08 KEL.CISEUREUH', 'PURWAKARTA', 1, 9, 83, 6),
(122, 'SUBARJO', 'I-342', NULL, NULL, 2, 6, 1, 1, 1, 3, '1995-09-11', 'GUNUNG KIDUL', '1967-12-21', 1, '', 'AB', 'GRIYA ASRI RT.06/11 KEL.CISEUREUH', 'PURWAKARTA', 1, 9, 83, 6),
(123, 'AGUS SUHENDAR', 'V-365', NULL, NULL, 19, 2, 1, 1, 1, 2, '1995-09-11', 'BANDUNG', '1967-08-20', 1, '', 'B', 'DSN.ULEKAN RT.02/02 DS.SUKAHARJA KEC.', 'TELUK JAMBE TIMUR KARAWANG 41361', 1, 9, 83, 6),
(124, 'R SARIP HIDAYAT', 'III-282BK', NULL, NULL, 27, 4, 3, 1, 1, 2, '2021-01-11', 'CIMAHI', '1964-09-02', 1, '', 'B', 'PERUM MUNJUL JAYA PERMAI', 'BLOK.C12 RT.31/08 PURWAKARTA', 1, 9, 83, 6),
(125, 'IWAN SETIAWAN', 'I-925', NULL, NULL, 26, 6, 1, 1, 1, 2, '1995-09-21', 'SUBANG', '1971-10-22', 1, '', '', 'KP.CEULIBADAK NO.34 RT.03/05 KEL.TEGAL', 'MUNJUL PURWAKARTA', 1, 9, 83, 6),
(126, 'AGUS DINDIN', 'II-903', NULL, NULL, 17, 5, 1, 1, 1, 2, '1995-09-21', 'BANDUNG', '1976-01-03', 1, '', 'A', 'BUMI CIKAMPEK BARU BLOK F2/19 RT.05/08', 'DS.BALONGGANDU KEC.JATISARI KARAWANG', 1, 9, 83, 6),
(127, 'BUDI HARYADI', 'I-909', NULL, NULL, 27, 6, 1, 1, 1, 2, '1995-09-21', 'BANDUNG', '1976-05-08', 1, '', '', 'BABAKAN KAUM RT.004/002', 'CIKAMPEK SELATAN KAB.KARAWANG', 1, 9, 83, 6),
(128, 'THOMAS SEVENTU', 'II-526', NULL, NULL, 17, 5, 1, 1, 1, 3, '1995-09-21', 'KARAWANG', '1970-05-22', 1, '', '', 'GG.BOJONG RT.01/02 CILAMA', 'YA KARAWANG 41384', 1, 9, 83, 6),
(129, 'UJANG RAHMATULAH', 'I-948', NULL, NULL, 17, 6, 1, 1, 1, 3, '1995-09-21', 'KARAWANG', '1969-02-21', 1, '', '', 'BUMI CIKAMPEK BARU C1/23 RT.03/07', 'DS.BALONGGANDU KEC.JATISARI KARAWANG', 1, 9, 83, 6),
(130, 'SUYANTO', 'III-945BK', NULL, NULL, 11, 4, 3, 1, 1, 3, '2019-02-05', 'YOGYAKARTA', '1964-02-05', 1, '', '', 'PERUM KOPO PERMAI BLOK.A1 NO.10 RT.17/06', 'DS.CIKOPO KEC.BUNGURSARI PURWAKARTA', 1, 9, 83, 6),
(131, 'SONY GUNAWAN', 'II-939', NULL, NULL, 17, 5, 1, 1, 1, 2, '1995-09-21', 'GARUT', '1968-10-28', 1, '', 'AB', 'JL.INDUSTRI 234 KP.SAYUR', 'DS.HARUMAN RT.01/07 GARUT', 1, 9, 83, 6),
(132, 'SUTISNA', 'II-954', NULL, NULL, 17, 5, 1, 1, 1, 3, '1995-09-22', 'GARUT', '1968-06-09', 1, '', '', 'JL.DIPATI UKUR NO.11 RT.', '01/06 KEC.BANJARAN BDG', 1, 9, 83, 6),
(133, 'HARNO MOH SETDYO SUSILO', 'II-962', NULL, NULL, 3, 5, 1, 1, 1, 2, '1995-09-25', 'WONOGIRI', '1968-05-05', 1, '', 'B', 'PERUM LIMUSPRATAMA REGENCY F.16/25 RT.04', '/09 KEL.LIMUSNUNGGAL CLEUNGSI BOGOR', 1, 9, 83, 6),
(134, 'YASMIN', 'I-1012', NULL, NULL, 11, 6, 1, 1, 1, 1, '1995-10-01', 'PATI', '1967-05-04', 1, '', 'O', 'PERUM EKAMAS BLOK AJ.6 RT.003 RW.004', 'DS.PANGULAH UTARA KOTA BARU KARAWANG', 1, 9, 83, 6),
(135, 'EDI RUMIYADI', 'IV-969', NULL, NULL, 18, 3, 1, 1, 1, 4, '1995-10-01', 'TEMANGGUNG', '1967-01-03', 1, '', '', 'JL.INTAN 7 NO.15 REGENCY RT.02/12', 'CIKAMPEK UTARA - KOTABARU - KARAWANG', 1, 9, 83, 6),
(136, 'WAHYU SUTORO', 'I-982', NULL, NULL, 11, 6, 1, 1, 1, 2, '1995-10-02', 'KEBUMEN', '1967-11-20', 1, '', '', 'JL.SEDAP MALAM I/180', 'PERUM I TANGERANG', 1, 9, 83, 6),
(137, 'DADANG HERMAWAN', 'II-973', NULL, NULL, 17, 5, 1, 1, 1, 1, '1995-10-02', 'BANDUNG', '1972-01-08', 1, '', 'O', 'GG.MADRASAH I RT.11/03 KEL.CIPAISAN', 'PURWAKARTA', 1, 9, 83, 6),
(138, 'KARTINO', 'II-977', NULL, NULL, 26, 5, 1, 1, 1, 2, '1995-10-02', 'GUNUNG KIDUL', '1971-09-08', 1, '', '', 'KP.SADANG RT.03/03 DS.PURWASARI KEC.PUR', 'WASARI KARAWANG', 1, 9, 83, 6),
(139, 'BAMBANG SISWANTO', 'III1019BK', NULL, NULL, 8, 4, 3, 1, 1, 2, '2021-01-18', 'MADIUN', '1963-11-22', 1, '', 'O', 'PERUM EKA MAS PERMAI BLOK BE.30 RT.01/05', 'DS.PANGULAH UTARA-KOTABARU KARAWANG', 1, 9, 83, 6),
(140, 'KISWANTO', 'II-987 BK', NULL, NULL, 2, 5, 3, 1, 1, 3, '1995-10-05', 'KENDAL', '1966-08-31', 1, '', '', 'PERUM EKA MAS BLOK.BB/10 RT.01/05', 'DS.PANGULAH UTARA-KOTABARU KARAWANG', 1, 9, 83, 6),
(141, 'JOKO ASMORO', 'II-1002', NULL, NULL, 14, 5, 1, 1, 1, 1, '1995-10-09', 'SERANG', '1975-10-28', 1, '', 'O', 'KP.PASIRMALANG RT.01/02 DS.PARAKANMULYA', 'KEC.TIRTAMULYA KARAWANG 41372', 1, 9, 83, 6),
(142, 'AGUS SOFYAN', 'II-1022', NULL, NULL, 14, 5, 1, 1, 1, 2, '1995-10-10', 'KARAWANG', '1976-01-01', 1, '', 'A', 'BUMI CIKAMPEK BARU BLOK A/20 RT.01/07', 'DS.BALONGGANDU KEC.JATISARI KARAWANG', 1, 9, 83, 6),
(143, 'SURAJI', 'II-1003', NULL, NULL, 2, 5, 1, 1, 1, 2, '1995-10-11', 'PEMALANG', '1968-02-09', 1, '', '', 'PERUM GRIYA CITRA PERSADA RT.04/10 DS.', 'DAWUAN TIMUR KEC.CIKAMPEK KARAWANG', 1, 9, 83, 6),
(144, 'TAUFIK HIDAYAT', 'I-0030', NULL, NULL, 3, 6, 1, 1, 1, 2, '1995-10-19', 'JAKARTA', '1974-07-28', 1, '', 'O', 'GG.NUSANTARA II RT.22/01 KEL.PURWAMEKAR', 'PURWAKARTA', 1, 9, 83, 6),
(145, 'M A SAEFUL ROHMAN', 'II-1097', NULL, NULL, 29, 5, 1, 1, 1, 3, '1995-10-21', 'PURWAKARTA', '1973-08-25', 1, '', '', 'BUMI JAYA INDAH BLOK J.12 RT.042/011', 'KEL.MUNJULJAYA PURWAKARTA', 1, 9, 83, 6),
(146, 'MUSTAKIM', 'I-1193', NULL, NULL, 18, 6, 1, 1, 1, 2, '1995-10-26', 'KENDAL', '1976-11-07', 1, '', 'B', 'PERUM PURI KOSAMBI 2 BLOK CP-35 RT.59/21', 'DS.DUREN KEC.KLARI KARAWANG', 1, 9, 83, 6),
(147, 'JUWARI', 'I-1194', NULL, NULL, 18, 6, 1, 1, 1, 4, '1995-10-26', 'KENDAL', '1974-05-24', 1, '', '', 'KP.CARIU TIMUR RT.01/03 DS.PANGULAH', 'UTARA KEC.KOTABARU KARAWANG 41371', 1, 9, 83, 6),
(148, 'MASYHURI', 'I-1191', NULL, NULL, 18, 6, 1, 1, 1, 2, '1995-10-26', 'KENDAL', '1974-05-05', 1, '', '', 'PERUM EKAMAS BLOK AJ NO.15 RT.03/04', 'PANGULAH UTARA - KOTABARU - KARAWANG', 1, 9, 83, 6),
(149, 'ABDUL AZIZ', 'III-1418', NULL, NULL, 30, 4, 1, 1, 1, 2, '1995-10-27', 'BREBES', '1975-07-06', 1, '', 'O', 'JL.AGATE SELATAN D.17/18 RT.03/18 DS.', 'CIKAMPEK UTARA KEC.KOTABARU KARAWANG', 1, 9, 83, 6),
(150, 'KANDA', 'I-1084', NULL, NULL, 2, 6, 1, 1, 1, 2, '1995-10-30', 'PURWAKARTA', '1970-04-18', 1, '', '', 'KP.JATIMULYA RT.007/003 DS.SITU KEC.PON', 'DOKSALAM PURWAKARTA', 1, 9, 83, 6),
(151, 'AMIR MARUF', 'I-1029', NULL, NULL, 11, 6, 1, 1, 1, 2, '1995-11-01', 'CIAMIS', '1969-09-27', 1, '', 'A', 'DSN.CIKUPA RT.017/006 KEL.RAKSABAYA', 'KEC.CIMARAGAS KAB.CIAMIS', 1, 9, 83, 6),
(152, 'HONOTJAROKO', 'I-1032', NULL, NULL, 11, 6, 1, 1, 1, 3, '1995-11-01', 'JAKARTA', '1970-09-26', 1, '', '', 'PERUM EKAMAS BLOK.J-33 RT.03/04 DS.PANGU', 'LAH UTARA-KOTABARU KARAWANG', 1, 9, 83, 6),
(153, 'TARYONO', 'II-1040', NULL, NULL, 14, 5, 1, 1, 1, 1, '1995-11-01', 'KARAWANG', '1976-06-17', 1, '', '', 'KP.PAYUYON RT.02/09 DS.DAWUAN BARAT', 'KEC.CIKAMPEK KARAWANG 41373', 1, 9, 83, 6),
(154, 'REZEKI SIMAMORA', 'V-1036', NULL, NULL, 27, 2, 1, 1, 1, 2, '1995-11-01', 'TNH.HITAM HULU', '1970-04-17', 1, '', 'O', 'PERUM KARABA INDAH BLOK.BB/23 RT.02/09', 'DS.WADAS KEC.TELUKJAMBE TIMUR KARAWANG', 1, 9, 83, 6),
(155, 'TRI MULYONO', 'II-1046', NULL, NULL, 26, 5, 1, 1, 1, 2, '1995-11-02', 'PURWOREJO', '1972-12-30', 1, '', '', 'PERUM EKAMAS BLOK.AJ.37 RT.03/04 DS.', 'NGULAH UTARA-KOTABARU KARAWANG', 1, 9, 83, 6),
(156, 'ALI AKBAR', 'I-1100', NULL, NULL, 26, 6, 1, 1, 1, 3, '1995-11-06', 'JAKARTA', '1968-12-06', 1, '', 'O', 'DSN.CIREJAG I RT.06/03 DS.CIBALONGSARI', 'KEC.KLARI KARAWANG 41371', 1, 9, 83, 6),
(157, 'SUCIPTO', 'I-2312', NULL, NULL, 11, 6, 1, 1, 1, 2, '1995-11-06', 'REMBANG', '1970-03-05', 1, '', 'A', 'PURI KOSAMBI BLOK.V/15 RT.03/14 DS.DUREN', 'KEC.KLARI KARAWANG 41371', 1, 9, 83, 6),
(158, 'KHAIRINA', 'III-1048', NULL, NULL, 3, 4, 1, 2, 2, 0, '1995-11-07', 'MEDAN', '1973-01-29', 1, '', 'A', 'TAMAN JOMIN ESTATE B.3/15 RT.05/09 DS.', 'JOMIN BARAT KEC.KOTABARU KARAWANG', 1, 9, 83, 6),
(159, 'ACHMAD RIDWAN', 'II-1052', NULL, NULL, 14, 5, 1, 1, 1, 1, '1995-11-09', 'SEMARANG', '1975-01-31', 1, '', '', 'PERUM EKAMAS BLOK B.1/31 RT.02/05 DS.', 'PANGULAH UTARA-KOTABARU KARAWANG', 1, 9, 83, 6),
(160, 'ASRIL PRAMILU', 'III-1059', NULL, NULL, 14, 4, 1, 1, 1, 1, '1995-11-09', 'SALATIGA', '1977-05-04', 1, '', '', 'PURI KOSAMBI II BLOK.CN/29 RT.02/22 DS.', 'DUREN KEC.KLARI KARAWANG 41371', 1, 9, 83, 6),
(161, 'FUAD ASHADI', 'III-1057', NULL, NULL, 14, 4, 1, 1, 1, 1, '1995-11-09', 'SEMARANG', '1975-04-18', 1, '', '', 'BUMI CIKAMPEK BARU BLOK CC.08/04 RT.08/', '07 DS.BALONGGANDU JATISARI KARAWANG', 1, 9, 83, 6),
(162, 'MOHAMAD ARIF', 'I-1095', NULL, NULL, 17, 6, 1, 1, 1, 1, '1995-11-11', 'TEGAL', '1975-12-03', 1, '', '', 'JL.RAYA KALIWUNGU NO.104', 'KALIWUNGU KENDAL 51372', 1, 9, 83, 6),
(163, 'HILMAN NASIR', 'II-1115', NULL, NULL, 11, 5, 1, 1, 1, 3, '1995-11-21', 'GARUT', '1969-06-29', 1, '', '', 'PERUM CITRA KEBUN MAS BLOK B.8/4 RT.16/', '07 DS.BENGLE KEC.MAJALAYA KARAWANG', 1, 9, 83, 6),
(164, 'ASEP MULYADI', 'II-1112', NULL, NULL, 11, 5, 1, 1, 1, 2, '1995-11-21', 'PURWAKARTA', '1971-06-03', 1, '', '', 'JL.IPIK GANDAMANAH RT.07/', '05 TGL MUNJUL PURWAKARTA', 1, 9, 83, 6),
(165, 'RINA MARTINI', 'II-1162', NULL, NULL, 31, 5, 1, 2, 2, 0, '1995-11-28', 'KARAWANG', '1975-03-04', 1, '', 'O', 'JL.KH.HASYIM ASHADI NO.12 RT.02/06 KEL.', 'KARAWANG KULON KAB.KARAWANG 41311', 1, 9, 83, 6),
(166, 'BAMBANG SUTIADI', 'I-1138', NULL, NULL, 32, 6, 1, 1, 1, 2, '1995-12-01', 'KARAWANG', '1971-10-31', 1, '', '', 'DSN.KRAJAN RT.11/01 DS.CIBALONGSARI KEC.', 'KLARI KARAWANG 41371', 1, 9, 83, 6),
(167, 'HENDRIS', 'II-1145', NULL, NULL, 1, 5, 1, 1, 1, 2, '1995-12-01', 'PURWAKARTA', '1971-04-27', 1, '', '', 'PERUM PANORAMA BLOK.C6 NO.49', 'PURWAKARTA', 1, 9, 83, 6),
(168, 'ARIFIN BIN MEMEN', 'II-1135', NULL, NULL, 33, 5, 1, 1, 1, 2, '1995-12-01', 'PURWAKARTA', '1971-02-24', 1, '', '', 'KP.GANDARIA RT.016/008 DS.NAGRAK', 'KEC.DARANGDAN PURWAKARTA', 1, 9, 83, 6),
(169, 'RUMAWAN STYAPUTRA', 'III-1152', NULL, NULL, 19, 4, 1, 1, 1, 3, '1995-12-06', 'PURWAKARTA', '1967-05-12', 1, '', 'O', 'BUKIT PANORAMA INDAH BLOK.B13 NO.11 RT.', '08/13 KEL.CISEUREUH PURWAKARTA', 1, 9, 83, 6),
(170, 'AGUS SETYOHARTONO', 'V-2058', NULL, NULL, 34, 2, 1, 1, 1, 3, '1995-12-11', 'PACITAN', '1968-05-26', 1, '', '', 'GRIYA ASRI RT.011/011 KEL.CISEUREUH', 'PURWAKARTA', 1, 9, 83, 6),
(171, 'SISHADI', 'V-2060', NULL, NULL, 34, 2, 1, 1, 1, 2, '1995-12-11', 'KLATEN', '1968-09-18', 1, '', 'B', 'PERUM REGENCY JL.INTAN 5 NO.19 RT.02/12', 'DS.CIKAMPEK UTARA KEC.KOTABARU KARAWANG', 1, 9, 83, 6),
(172, 'DADI RUJITO', 'III-1210', NULL, NULL, 9, 4, 1, 1, 1, 2, '1995-12-21', 'KLATEN', '1974-03-21', 1, '', 'A', 'PERUM TIRAI MAS C2/06 RT.70/19 DS.DUREN', 'KEC.KLARI KARAWANG 41371', 1, 9, 83, 6),
(173, 'ARSAN', 'II-1206', NULL, NULL, 11, 5, 1, 1, 1, 3, '1995-12-21', 'PURWAKARTA', '1968-03-14', 1, '', 'B', 'PERUM.GRAHA CITALANG PERMAI BLOK B3/25', 'RT.25/06 PURWAKARTA', 1, 9, 83, 6),
(174, 'RUDI KURNIAWAN', 'II-1214', NULL, NULL, 11, 5, 1, 1, 1, 1, '1995-12-21', 'SUKABUMI', '1969-07-05', 1, '', 'B', 'JL.CEMPAKA 7 NO.19 RT.02/13 DS.CIKAMPEK', 'UTARA-KOTABARU KARAWANG', 1, 9, 83, 6),
(175, 'SURANA', 'II-1217', NULL, NULL, 11, 5, 1, 1, 1, 2, '1995-12-21', 'SEMARANG', '1974-02-03', 1, '', '', 'DSN.KRAJAN RT.06/01 DS.CIBALONGSARI', 'KEC.KLARI KARAWANG 41371', 1, 9, 83, 6),
(176, 'NAWARTO', 'II-1213', NULL, NULL, 35, 5, 1, 1, 1, 3, '1995-12-21', 'SEMARANG', '1968-03-02', 1, '', 'O', 'PERUM EKAMAS BLOK BC.22 RT.03/05 DS.', 'PANGULAH UTARA-KOTABARU KARAWANG', 1, 9, 83, 6),
(177, 'KOESOFI AMIN', 'I-1171', NULL, NULL, 11, 6, 1, 1, 1, 1, '1995-12-26', 'PEKALONGAN', '1973-03-30', 1, '', 'AB', 'BUMI CIKAMPEK BARU BLOK F2/9 RT.05/08', 'DS.BALONGGANDU KEC.JTSARI KARAWANG 41374', 1, 9, 83, 6),
(178, 'SUKRADI', 'I-1179', NULL, NULL, 2, 6, 1, 1, 1, 3, '1995-12-26', 'KENDAL', '1975-12-22', 1, '', 'B', 'PERUM EKAMAS PERMAI BLOK.AJ-22 RT.03/04', 'DS.PANGULAH UTARA KEC.KOTABARU KARAWANG', 1, 9, 83, 6),
(179, 'ISONO', 'I-1236', NULL, NULL, 2, 6, 1, 1, 1, 1, '1995-12-26', 'YOGYAKARTA', '1969-08-08', 1, '', 'B', 'PERUM PURI KOSAMBI I BLOK.CC/50 RT.52/15', 'DS.DUREN KEC.KLARI KARAWANG 41371', 1, 9, 83, 6),
(180, 'SLAMET', 'I-1232', NULL, NULL, 2, 6, 1, 1, 1, 3, '1995-12-26', 'SRIKATON', '1972-04-12', 1, '', '', 'PERUM PURI KOSAMBI RT.02/15 DS.DUREN', 'KEC.KLARI KARAWANG 41371', 1, 9, 83, 6),
(181, 'IBNU PURWANTO', 'III-1200', NULL, NULL, 14, 4, 1, 1, 1, 3, '1995-12-26', 'SEMARANG', '1976-10-28', 1, '', '', 'BUMI CIKAMPEK BARU CC.5/12A RT.008/007', 'DS.BALONGGANDU KEC.JATISARI,KARAWANG', 1, 9, 83, 6),
(182, 'GUSMIN WIDODO', 'II-1202', NULL, NULL, 14, 5, 1, 1, 1, 3, '1995-12-26', 'GROBOGAN', '1975-12-25', 1, '', '', 'KARAJAN RT.03/03 DS.PUCUNG KEC.KOTABARU', 'KARAWANG', 1, 9, 83, 6),
(183, 'RIJADI', 'I-1211', NULL, NULL, 17, 6, 1, 1, 1, 2, '1995-12-26', 'SEMARANG', '1975-10-15', 1, '', 'A', 'PERUM BMI BLOK.1.6 NO.14 RT.02/19 DS.DA', 'WUAN TENGAH KEC.CIKAMPEK KAB.KARAWANG', 1, 9, 83, 6),
(184, 'SUBAROKAH', 'III-1197', NULL, NULL, 14, 4, 1, 1, 1, 2, '1995-12-26', 'DEMAK', '1976-05-16', 1, '', '', 'BUMI CIKAMPEK BARU BLOK G1/19 RT.06/08', 'DS.BALONGGANDU KEC.JATISARI KARAWANG', 1, 9, 83, 6),
(185, 'SUNATA', 'I-1227', NULL, NULL, 11, 6, 1, 1, 1, 3, '1996-01-02', 'BREBES', '1967-04-29', 1, '', 'O', 'PERUM EKA MAS BLOK.AO/30 RT.03/04 DS.PA', 'NGULAH UTARA-KOTABARU KARAWANG', 1, 9, 83, 6),
(186, 'DEDY KUSMAYADI', 'II-1222', NULL, NULL, 26, 5, 1, 1, 1, 2, '1996-01-02', 'BANDUNG', '1972-07-02', 1, '', '', 'PERUM EKAMAS BLK.AJ-18 RT.03/04 DS.PANGU', 'LAH UTARA KOTABARU KARAWANG', 1, 9, 83, 6),
(187, 'BURHANUR ROZIQIN', 'I-1170', NULL, NULL, 11, 6, 1, 1, 1, 1, '1996-01-08', 'SEMARANG', '1975-07-29', 1, '', 'O', 'PERUM BMI I BLOK.C2 NO.07 RT.08/16', 'DAWUAN TENGAH CIKAMPEK-KARAWANG 41373', 1, 9, 83, 6),
(188, 'SARMIDI', 'II-1254', NULL, NULL, 26, 5, 1, 1, 1, 2, '1996-01-08', 'LAHAT', '1970-07-03', 1, '', '', 'KP.SADANG RT.04/03 DS.PURWASARI KEC.', 'CIKAMPEK KARAWANG 41373', 1, 9, 83, 6),
(189, 'AAN SULAEMAN', 'II-1362', NULL, NULL, 30, 5, 1, 1, 1, 1, '1996-01-09', 'KARAWANG', '1968-01-09', 1, '', 'O', 'PERUM CITRA PERMATA SAKINAH BLOK C NO.28', 'KEC.BABAKAN CIKAO PURWAKARTA', 1, 9, 83, 6),
(190, 'ESRON ALEX TAMPUBOLON', 'V-2099', NULL, NULL, 3, 2, 1, 1, 1, 1, '1996-01-09', 'SIDIKALANG', '1969-06-08', 2, '', 'A', 'PERUM BHUMI TELUKJAMBE BLOK LJ-10', 'SUKALUYU TELUKJAMBE TIMUR KARAWANG', 1, 9, 83, 6),
(191, 'KUKUH SUHARTONO', 'II-1258', NULL, NULL, 35, 5, 1, 1, 1, 2, '1996-01-11', 'GROBOGAN', '1976-08-07', 1, '', '', 'PERUM EKAMAS PERMAI BLOK.AJ/26 RT.03/04', 'PANGULAH UTARA KOTABARU KARAWANG', 1, 9, 83, 6),
(192, 'AKHWAN', 'II-1257', NULL, NULL, 35, 5, 1, 1, 1, 2, '1996-01-11', 'KENDAL', '1977-12-15', 1, '', '', 'PERUM CIKAMPEK BERSERI BLOK C03 NO.41', 'RT.06/10 CIKAMPEK UTARA - KOTABARU', 1, 9, 83, 6),
(193, 'SOLICHAN', 'I-1190', NULL, NULL, 35, 6, 1, 1, 1, 5, '1996-01-11', 'KENDAL', '1975-03-30', 1, '', '', 'PERUM GANDASARI B.5/66 RT.026/007 KEC.', 'BABAKAN CIKAO PURWAKARTA', 1, 9, 83, 6),
(194, 'FATCHURROHIM', 'I-1189', NULL, NULL, 35, 6, 1, 1, 1, 3, '1996-01-11', 'KENDAL', '1975-07-26', 1, '', 'B', 'PURI KOSAMBI II BLOK CM.2 RT.01/22 DS.', 'DUREN KEC.KLARI KARAWANG 41371', 1, 9, 83, 6),
(195, 'HENDRI DUNAN', 'III-1396', NULL, NULL, 27, 4, 1, 1, 1, 3, '1996-01-15', 'MEDAN', '1971-03-30', 2, '', 'B', 'PERUM BMI BLOK B.3/4 RT.06/16 DS.DAWUAN', 'TENGAH KEC.CIKAMPEK KARAWANG 41373', 1, 9, 83, 6),
(196, 'OSEP AGUSMIAN', 'II-1302', NULL, NULL, 36, 5, 1, 1, 1, 3, '1996-01-22', 'PURWAKARTA', '1977-08-04', 1, '', 'B', 'KP.TEGAL WARU RT.02 RW.02 KEC.CILAMAYA', 'WETAN KARAWANG', 1, 9, 83, 6),
(197, 'SARJAN', 'II-1279', NULL, NULL, 18, 5, 1, 1, 1, 2, '1996-01-22', 'CIAMIS', '1973-04-05', 1, '', 'B', 'PERUM PURI KOSAMBI BLOK CC-27 RT.52/15', 'DS.DUREN KEC.KLARI KARAWANG', 1, 9, 83, 6),
(198, 'YUNI IKHSAN S', 'I-1303', NULL, NULL, 18, 6, 1, 1, 1, 2, '1996-01-22', 'KARAWANG', '1975-06-26', 1, '', 'AB', 'KP.KARYAWAN RT.02/03 DS.JATISARI', 'KARAWANG', 1, 9, 83, 6),
(199, 'TARNO RAHARJO', 'I-1271', NULL, NULL, 18, 6, 1, 1, 1, 2, '1996-01-22', 'WONOGIRI', '1974-10-08', 1, '', 'A', 'GRIYA PANORAMA INDAH B4/53 RT.02/10 DS.', 'PURWASARI KEC.PURWASARI KARAWANG', 1, 9, 83, 6),
(200, 'RILO SUTOPO', 'II-1275', NULL, NULL, 18, 5, 1, 1, 1, 2, '1996-01-22', 'KENDAL', '1974-02-20', 1, '', 'O', 'PERUM PMI 2 BLOK CC6 NO.5 RT.02/05', 'PANGULAH UTARA KOTABARU KARAWANG', 1, 9, 83, 6),
(201, 'SUMARDI', 'I-1276', NULL, NULL, 18, 6, 1, 1, 1, 2, '1996-01-22', 'LAHAT', '1969-01-01', 1, '', '', 'PERUM DAIN ANYAR BLOK NN NO.4 RT.09/12', 'KEL.CISEUREUH PURWAKARTA 41118', 1, 9, 83, 6),
(202, 'TRISILO KUWAT W', 'III-1281', NULL, NULL, 18, 4, 1, 1, 1, 4, '1996-01-22', 'BANTUL', '1967-07-02', 1, '', '', 'PERUM PURI KOSAMBI BLOK CC NO.24', 'RT.52/15 DS.DUREN KLARI KARAWANG', 1, 9, 83, 6),
(203, 'HARIS SUGIARTO', 'III-1292', NULL, NULL, 16, 4, 1, 1, 1, 3, '1996-01-23', 'KARAWANG', '1972-09-28', 1, '', '', 'KP.RAWABOLANG RT.01/04 DS.DAWUAN TENGAH', 'KEC.CKAMPEK KARAWANG 41373', 1, 9, 83, 6),
(204, 'DEDEN SUPRIADI', 'III-1300', NULL, NULL, 1, 4, 1, 1, 1, 2, '1996-01-26', 'SUBANG', '1973-04-11', 1, '', '', 'DS.CIJAMBE RT.02/01', 'KAB.SUBANG', 1, 9, 83, 6),
(205, 'LAMBOK SIAHAAN', 'III1220BK', NULL, NULL, 26, 4, 3, 1, 1, 3, '1996-02-06', 'TAPANULI UTARA', '1966-07-17', 2, '', '', 'PERUM GRIYA MUKTI BLOK.E/', '12 RT.18/06 CIWARENG', 1, 9, 83, 6),
(206, 'RINALDI', 'II-1308', NULL, NULL, 18, 5, 1, 1, 1, 4, '1996-02-08', 'KOTOBARU', '1970-08-10', 1, '', '', 'JL.KRISTAL BLOK E10 NO.54 PERUM REGENCY', 'CIKAMPEK UTARA-KOTABARU-KARAWANG', 1, 9, 83, 6),
(207, 'WAWAN SETIAWAN', 'II-1313', NULL, NULL, 17, 5, 1, 1, 1, 2, '1996-02-10', 'SUBANG', '1974-02-11', 1, '', 'A', 'JL.PATOKBEUSI NO.19 RT.21/11 RANCAMULYA', 'SUBANG', 1, 9, 83, 6),
(208, 'RAHMAT HIDAYAT', 'I-1335', NULL, NULL, 17, 6, 1, 1, 1, 3, '1996-02-26', 'BANDUNG', '1975-06-19', 1, '', '', 'JL.SUKARNO-HATTA RT.04/04 NO.117 KEL.', 'CIBUNTU BANDUNG', 1, 9, 83, 6),
(209, 'SAPARI', 'II-1331', NULL, NULL, 17, 5, 1, 1, 1, 6, '1996-02-26', 'KLATEN', '1975-03-12', 1, '', 'AB', 'PANORAMA BC 6-23 RT.11/13 CISEUREUH', 'PURWAKARTA 41118', 1, 9, 83, 6),
(210, 'ERY WIDIYATMOKO', 'II-2139', NULL, NULL, 37, 5, 1, 1, 1, 2, '1996-02-26', 'YOGYAKARTA', '1969-06-10', 1, '', '', 'PERUM GRIYA CIWANGI A-4 NO.3 RT.033/008', 'DS.CIWANGI-BUNGURSARI PURWAKARTA', 1, 9, 83, 6),
(211, 'WIWIT ANDAYANI', 'III1386BK', NULL, NULL, 35, 4, 3, 2, 2, 0, '1996-03-01', 'TEGAL', '1971-03-06', 1, '', 'O', 'PURI KOSAMBI BLOK I/37 RT.49/14 DS.DUREN', 'KEC.KLARI KARAWANG 41371', 1, 9, 83, 6),
(212, 'R DEWI SRIATY', 'II-1344', NULL, NULL, 38, 5, 1, 2, 2, 0, '1996-03-04', 'PURWAKARTA', '1976-04-01', 1, '', '', 'JL.VETERAN SADANG NO.370', 'PURWAKARTA 41118', 1, 9, 83, 6),
(213, 'MUIN', 'I-1364', NULL, NULL, 29, 6, 1, 1, 1, 2, '1996-03-15', 'INDRAMAYU', '1968-08-02', 1, '', 'O', 'KP.TEGALWANGI RT.05/07 DS.DAWUAN BARAT', 'CIKAMPEK KARAWANG 41373', 1, 9, 83, 6),
(214, 'HANAPI SUSENO', 'I-1372', NULL, NULL, 18, 6, 1, 1, 1, 2, '1996-03-22', 'JAKARTA', '1973-03-30', 1, '', '', 'DSN.CIREJAG I RT.02/03 NO.88', 'DS.CIBALONGSARI KEC.KLARI KARAWANG', 1, 9, 83, 6),
(215, 'ABUBAKAR SIDIQ', 'I-1373', NULL, NULL, 25, 6, 1, 1, 1, 2, '1996-03-22', 'PURWAKARTA', '1970-11-05', 1, '', 'O', 'GG.MERAK NO.35 RT.29/04', 'PURWAKARTA', 1, 9, 83, 6),
(216, 'TOMY ARIYANTO', 'IV-1375', NULL, NULL, 25, 3, 1, 1, 1, 2, '1996-03-22', 'JAKARTA', '1976-03-27', 1, '', 'O', 'PERUM VILLA INDAH PESONA RT.06/15 DS.', 'CIKAMPEK BARAT KARAWANG 41373', 1, 9, 83, 6),
(217, 'USEN', 'II-1374', NULL, NULL, 1, 5, 1, 1, 1, 3, '1996-03-22', 'PURWAKARTA', '1970-02-08', 1, '', '', 'KP.KRAJAN RT.13/04 DS.MARACANG KEC.BABA', 'KAN CIKAO PURWAKARTA', 1, 9, 83, 6),
(218, 'NGATEMAN', 'I-1426', NULL, NULL, 4, 6, 1, 1, 1, 2, '1996-04-11', 'PATI', '1974-04-21', 1, '', '', 'DSN.KALIHURIP RT.06/02 DS.DUREN KEC.', 'KLARI KARAWANG 41371', 1, 9, 83, 6),
(219, 'SUDARMADI', 'I-1437', NULL, NULL, 4, 6, 1, 1, 1, 3, '1996-04-11', 'YOGYAKARTA', '1975-02-25', 1, '', '', 'PERUM GRIYA PANORAMA INDAH BLOK A2 NO.39', 'RT.03/10 DS.PURWASARI KARAWANG', 1, 9, 83, 6),
(220, 'YUDI PRASETYO', 'I-1444', NULL, NULL, 4, 6, 1, 1, 1, 2, '1996-04-11', 'BANDUNG', '1973-05-08', 1, '', '', 'PERUM BMI 2 BLOK.C8 NO.96', 'DS.DAWUAN BARAT CIKAMPEK KARAWANG 41373', 1, 9, 83, 6),
(221, 'ACEP SUHERMAN', 'II-2208', NULL, NULL, 32, 5, 1, 1, 1, 1, '1996-04-15', 'BANDUNG', '1967-05-15', 1, '', 'A', 'JL.ARCAMANIK KP.CAMPAKA NO.39 RT.04/09', 'KEL.PASIR IMPUN BANDUNG', 1, 9, 83, 6),
(222, 'RUSWANDI', 'I-2325', NULL, NULL, 32, 6, 1, 1, 1, 3, '1996-04-22', 'PURWAKARTA', '1969-09-04', 1, '', '', 'KP.RAWAMEKAR RT.003/001 KEL.TEGALMUNJUL', 'PURWAKARTA', 1, 9, 83, 6),
(223, 'AGUS SUBIANTORO', 'II-1481', NULL, NULL, 2, 5, 1, 1, 1, 3, '1996-05-01', 'BANDUNG', '1967-08-27', 1, '', 'O', 'GRIYA PANORAMA INDAH B.8/38 RT.05/10', 'DS.PURWASARI KEC.PURWASARI KARAWANG', 1, 9, 83, 6),
(224, 'DIAN RAHMANA', 'II-1493', NULL, NULL, 25, 5, 1, 1, 1, 2, '1996-05-14', 'SUKABUMI', '1973-03-03', 1, '', '', 'KARANGTENGAH RT.15/04 KEL.PLAWAD', 'KEC.KARAWANG TIMUR KARAWANG 41351', 1, 9, 83, 6),
(225, 'BANU AJI', 'I-1508', NULL, NULL, 13, 6, 1, 1, 1, 3, '1996-05-21', 'JAKARTA', '1969-05-25', 1, '', '', 'BUKIT DURI TANJAKAN I', 'RT.09/12 NO.42', 1, 9, 83, 6),
(226, 'MUHAMAD YANA SUGIANA', 'II-1545', NULL, NULL, 39, 5, 1, 1, 1, 3, '1996-06-10', 'KARAWANG', '1976-03-11', 1, '', 'AB', 'PERUM PERMATA CENGKONG RT.06/05 DS.CENG', 'KONG KEC.PURWASARI KARAWANG', 1, 9, 83, 6),
(227, 'BUDI SANTOSO', 'I-1552', NULL, NULL, 24, 6, 1, 1, 1, 3, '1996-06-10', 'KARAWANG', '1970-05-31', 1, '', 'O', 'KP.JATIRASA TENGAH RT.03/05 KEL.KARANG', 'PAWITAN KARAWANG BARAT 41315', 1, 9, 83, 6),
(228, 'DADANG MULYADI', 'I-1554', NULL, NULL, 18, 6, 1, 1, 1, 2, '1996-06-11', 'KARAWANG', '1976-11-05', 1, '', '', 'DSN.KAUM KP.KAUM RT.04/02 DS.MULYASARI', 'KEC.CIAMPEL KARAWANG 41361', 1, 9, 83, 6),
(229, 'ZONNI PUTRA', 'III-1558', NULL, NULL, 24, 4, 1, 1, 1, 3, '1996-06-13', 'KURANJI/PADANG', '1970-04-02', 1, '', '', 'PERUM EKAMAS BLOK.BA.07 RT.01/05 DS.', 'PANGULAH UTARA KOTABARU KARAWANG', 1, 9, 83, 6),
(230, 'UJANG RAHMAT', 'I-1566', NULL, NULL, 35, 6, 1, 1, 1, 3, '1996-06-15', 'MAJALENGKA', '1969-08-08', 1, '', '', 'BUMI MUTIARA INDAH NO.2 RT.03/11 DAWUAN', 'TENGAH CIKAMPEK - KARAWANG', 1, 9, 83, 6),
(231, 'DODDY HERMAWAN', 'II-1555', NULL, NULL, 40, 5, 1, 1, 1, 2, '1996-06-17', 'BANDUNG', '1968-04-22', 1, '', 'B', 'PERUM EKAMAS PERMAI BLOK.BD/27 RT.01/05', 'DS.PANGULAH UTARA KOTABARU KARAWANG', 1, 9, 83, 6),
(232, 'ENGKOS RUSTOMO', 'I-1572', NULL, NULL, 11, 6, 1, 1, 1, 1, '1996-06-21', 'TASIKMALAYA', '1972-06-01', 1, '', 'O', 'JL.RAYA KOSAMBI RT.01/08 DS.DUREN KEC.', 'KLARI KARAWANG 41371', 1, 9, 83, 6),
(233, 'SUTIYONO', 'I-1575', NULL, NULL, 11, 6, 1, 1, 1, 2, '1996-06-21', 'MAGETAN', '1977-01-16', 1, '', '', 'DSN.CILUWEK RT.02/05 DS.CIKAMPEK SELATAN', 'KEC.CIKAMPEK KARAWANG 41373', 1, 9, 83, 6),
(234, 'RACHMADI SETIAWAN', 'IV-2282', NULL, NULL, 14, 3, 1, 1, 1, 1, '1996-06-21', 'SOLO', '1969-11-21', 1, '', 'O', 'TAMAN JOMIN ESTATE A.5/11A RT.07/09', 'DS.JOMIN BARAT-KOTABARU KARAWANG', 1, 9, 83, 6),
(235, 'AGUS RAHMAT PRIATNA', 'II-1595', NULL, NULL, 41, 5, 1, 1, 1, 3, '1996-07-01', 'BANDUNG', '1968-09-02', 1, '', 'B', 'PERUM PANORAMA BLOK O4 NO.4', 'PURWAKARTA', 1, 9, 83, 6),
(236, 'DWITO LAKSONO', 'V-1613', NULL, NULL, 14, 2, 1, 1, 1, 3, '1996-07-03', 'UNGARAN', '1972-07-25', 1, '', '', 'BAKAN SEWI NO.1 RT.02/05 DS.JATISARI', 'KEC.JATISARI KARAWANG 41374', 1, 9, 83, 6),
(237, 'JUNAEDI CHOTIB', 'I-1637', NULL, NULL, 25, 6, 1, 1, 1, 1, '1996-07-22', 'KARAWANG', '1973-05-16', 1, '', 'B', 'DSN.BAKAN SEWI RT.02/06 DS.JATISARI KEC.', 'JATISARI KARAWANG 41374', 1, 9, 83, 6),
(238, 'PRAPTO', 'I-1641', NULL, NULL, 11, 6, 1, 1, 1, 4, '1996-07-22', 'BANDUNG', '1970-02-26', 1, '', '', 'BLOK.06 RT.05/06 DS.KALIANYAR KEC.PANGU', 'RAGAN CIREBON', 1, 9, 83, 6),
(239, 'ANO SUTRISNO', 'I-1631', NULL, NULL, 26, 6, 1, 1, 1, 3, '1996-07-22', 'PURWAKARTA', '1974-05-27', 1, '', '', 'KP.CIBARAGALAN RT.028/006 DS.CIWANGI', 'KEC.BUNGURSARI PURWAKARTA', 1, 9, 83, 6),
(240, 'BINGAN ADE SUCIPTO', 'I-1630', NULL, NULL, 11, 6, 1, 1, 1, 3, '1996-07-22', 'BANDUNG', '1976-07-07', 1, '', 'O', 'GRIYA PANORAMA INDAH B.8/38 RT.05/10 DS.', 'PURWASARI KEC.PURWASARI KARAWANG', 1, 9, 83, 6),
(241, 'BEBEN SETIA BUDI', 'I-1654', NULL, NULL, 11, 6, 1, 1, 1, 2, '1996-08-01', 'KARAWANG', '1975-04-15', 1, '', 'O', 'KP.MULYASARI RT.21/05', 'PANCAWATI KARAWANG', 1, 9, 83, 6),
(242, 'ACHMAD RACHMADI', 'I-1650', NULL, NULL, 26, 6, 1, 1, 1, 3, '1996-08-01', 'PURWOKERTO', '1976-03-07', 1, '', 'A', 'PERUM EKAMAS BLOK BG.32 RT.02/03 DS.', 'PANGULAH UTARA-KOTABARU KARAWANG', 1, 9, 83, 6),
(243, 'MARWANSYAH', 'I-1655', NULL, NULL, 11, 6, 1, 1, 1, 2, '1996-08-01', 'LAHAT', '1972-06-24', 1, '', 'AB', 'PERUM.PURI PERMATA CAMELIA BLOK A NO.15', 'RT.09/02 PURWASARI KARAWANG', 1, 9, 83, 6),
(244, 'ASEP HADIANA', 'I-1598', NULL, NULL, 2, 6, 1, 1, 1, 3, '1996-08-01', 'PURWAKARTA', '1971-09-09', 1, '', '', 'JL.IPIK GANDAMANAH NO.46', 'RT.04/01 PURWAKARTA.', 1, 9, 83, 6),
(245, 'AJAT ROSADI', 'I-1603', NULL, NULL, 2, 6, 1, 1, 1, 2, '1996-08-01', 'KARAWANG', '1974-09-15', 1, '', 'O', 'KP.WARUNG KEBON RT.04/04 DS.PURWASARI', 'KEC.CIKAMPEK KARAWANG', 1, 9, 83, 6),
(246, 'MUHAMMAD TAUFIK YULIANTO', 'II-1645', NULL, NULL, 5, 5, 1, 1, 1, 2, '1996-08-01', 'YOGYAKARTA', '1972-07-19', 1, '', '', 'BUMI CIKAMPEK BARU F2/12 RT.05/08', 'BALONGGANDU, JATISARI KARAWANG', 1, 9, 83, 6),
(247, 'HASMUNI', 'II-1673', NULL, NULL, 11, 5, 1, 1, 1, 3, '1996-08-01', 'LAMPUNG', '1971-06-05', 1, '', 'AB', 'PERUM EKAMAS BLOK.BH/33 RT.03/05 DS.', 'PANGULAH UTARA-KOTABARU KARAWANG', 1, 9, 83, 6),
(248, 'SUJARWO', 'I-1402', NULL, NULL, 17, 6, 1, 1, 1, 3, '1996-08-04', 'SEMARANG', '1967-06-16', 1, '', '', 'JL.BIMA II/24', 'SEMARANG', 1, 9, 83, 6),
(249, 'SUNARYA', 'II-1689', NULL, NULL, 25, 5, 1, 1, 1, 3, '1996-08-05', 'JAKARTA', '1976-10-25', 1, '', '', 'GG.SALEDRI RT.046/002 KEL.SINDANGKASIH', 'PURWAKARTA', 1, 9, 83, 6),
(250, 'CANDRA HAYAT', 'II-1691', NULL, NULL, 11, 5, 1, 1, 2, 0, '1996-08-12', 'KARAWANG', '1974-06-16', 1, '', '', 'JL.TELAGASARI KOSAMBI II', 'NO.1 RT.06/02 DS.DUREN', 1, 9, 83, 6),
(251, 'NUR AZIS', 'I-1694', NULL, NULL, 26, 6, 1, 1, 1, 3, '1996-08-12', 'SEMARANG', '1967-02-18', 1, '', '', 'PERUM EKAMAS BLOK.AJ/14 RT.03/04 DS.', 'PANGULAH UTARA-KOTABARU KARAWANG', 1, 9, 83, 6),
(252, 'JUNIARSO WIBOWO', 'I-1686', NULL, NULL, 11, 6, 1, 1, 1, 2, '1996-08-12', 'BANDUNG', '1969-06-19', 1, '', '', 'JL.GATOT SUBROTO MALEER', 'UTARA RT.01/03 NO.97 BDG', 1, 9, 83, 6),
(253, 'SUSILAWATI', 'II-1693BK', NULL, NULL, 36, 5, 3, 2, 2, 0, '1996-08-12', 'KARAWANG', '1971-04-27', 1, '', 'O', 'SUKASEURI BARAT RT.08/03 DS.SARIMULYA', 'KOTABARU KAB.KARAWANG', 1, 9, 83, 6),
(254, 'SAFWAN', 'IV-1695', NULL, NULL, 32, 3, 1, 1, 1, 3, '1996-08-12', 'MANGGILANG', '1967-04-12', 1, '', '', 'PERUM PURI KOSAMBI BLOK.CC NO.15 RT.02/', '15 DS.DUREN KEC.KLARI KARAWWANG 41371', 1, 9, 83, 6),
(255, 'WAWAN ARIFIN', 'I-1719', NULL, NULL, 11, 6, 1, 1, 1, 1, '1996-08-21', 'BANDUNG', '1973-12-14', 1, '', 'O', 'KP.SUKARABA DUSUN I RT.07/02 TANGGULUN', 'TIMUR KEC.KALIJATI SUBANG', 1, 9, 83, 6);
INSERT INTO `memployee` (`intIdEmployee`, `txtNameEmployee`, `txtNikEmployee`, `txtEmail`, `txtNomorWa`, `intIdDepartment`, `intIdJabatan`, `intTpk`, `intKpw`, `intKtk`, `intJumlahAnak`, `dtmTanggalMasuk`, `txtTempatLahir`, `dtmTanggalLahir`, `intIdAgama`, `txtSuku`, `txtGolonganDarah`, `txtAlamat1`, `txtAlamat2`, `intIdNegara`, `intIdProvinsi`, `intIdKota`, `intIdJenjangPendidikan`) VALUES
(256, 'KUSNADI', 'I-1814', NULL, NULL, 2, 6, 1, 1, 1, 1, '1996-08-21', 'PURWAKARTA', '1976-02-07', 1, '', '', 'KP.TABRIK RT.012/005 DS.BABAKANCIKAO', 'KEC.BABAKANCIKAO PURWAKARTA', 1, 9, 83, 6),
(257, 'AHMAD FAUZI', 'II-1711', NULL, NULL, 26, 5, 1, 1, 1, 3, '1996-08-21', 'CIREBON', '1970-03-23', 1, '', 'B', 'JL.SUMUR PACING RT.01/05', 'NO.28 KEL.BUGEL TANGERANG', 1, 9, 83, 6),
(258, 'A HERI WIDIYATMIKO', 'III-1715', NULL, NULL, 8, 4, 1, 1, 1, 1, '1996-08-21', 'SALATIGA', '1966-11-15', 2, '', '', 'JL.SEMPOR IV/5 RT.007/011 DS.BENCONGAN', 'KEC.KELAPA DUA TANGERANG', 1, 9, 83, 6),
(259, 'SIHABUDIN', 'I-1742', NULL, NULL, 11, 6, 1, 1, 1, 3, '1996-09-02', 'KARAWANG', '1968-12-12', 1, '', '', 'KP.KEPUH I RT.01/01 DS.JATIRAGAS', 'KEC.JATISARI KAB.KARAWANG 41374', 1, 9, 83, 6),
(260, 'ASEP FURQON FIRDAUS', 'I-1741', NULL, NULL, 26, 6, 1, 1, 1, 3, '1996-09-02', 'KARAWANG', '1972-07-10', 1, '', 'O', 'DS.MEKAR JATI RT.O2/02 DS.CIKAMPEK TIMUR', 'KARAWANG 41373', 1, 9, 83, 6),
(261, 'ARISTA SETYA BUDI', 'I-1743', NULL, NULL, 11, 6, 1, 1, 1, 2, '1996-09-02', 'KUDUS', '1971-03-23', 1, '', '', 'BUMI CIKAMPEK BARU BLOK.F3/30 RT.05/08', 'DS.BALONGGANDU JATISARI KARAWANG 41374', 1, 9, 83, 6),
(262, 'TABRANI', 'II-1746', NULL, NULL, 26, 5, 1, 1, 1, 3, '1996-09-02', 'GUNUNG HAJI', '1975-11-12', 1, '', 'A', 'PERUM PALM KONDANG ASRI B6/23 RT.26/10', 'DS.KONDANG JAYA KARAWANG TIMUR 41371', 1, 9, 83, 6),
(263, 'AGUS', 'II-1736BK', NULL, NULL, 17, 5, 3, 1, 1, 2, '1996-09-02', 'BANDUNG', '1966-08-04', 1, '', 'O', 'BUMI CIKAMPEK BARU BLOK A1/25 RT.01/07', 'DS.BALONGGANDU KEC.JATISARI KARAWANG', 1, 9, 83, 6),
(264, 'ARIS SETIAWAN', 'II-2425', NULL, NULL, 17, 5, 1, 1, 1, 1, '1996-09-02', 'KARAWANG', '1978-04-23', 1, '', 'B', 'CIKAMPEK UTARA RT.01/02 DS.CIKAMPEK', 'UTARA KEC.KOTABARU KARAWANG', 1, 9, 83, 6),
(265, 'DADANG HERMAWAN', 'I-1712', NULL, NULL, 11, 6, 1, 1, 1, 2, '1996-09-02', 'KARAWANG', '1977-04-30', 1, '', '', 'DSN.KRAJAN II RT.11/03 DS.LEMAHABANG', 'KEC.LEMAHABANG KARAWANG 41383', 1, 9, 83, 6),
(266, 'ANDRE SUSANTO ST', 'II-1709', NULL, NULL, 26, 5, 1, 1, 1, 3, '1996-09-02', 'KARAWANG', '1977-09-02', 1, '', 'O', 'PERUM KARABA INDAH BLOK.FF/22 RT.01/09', 'DS.WADAS KEC.TELUKJAMBE KARAWANG 41361', 1, 9, 83, 6),
(267, 'HENDAR', 'I-2469', NULL, NULL, 2, 6, 1, 1, 1, 1, '1996-09-02', 'TASIKMALAYA', '1975-09-06', 1, '', '', 'DSN.MULYASARI RT.03/05 DS.PANCAWATI', 'KEC.KLARI KAB. KARAWANG 41371', 1, 9, 83, 6),
(268, 'KUSMIYADI', 'IV-1730', NULL, NULL, 1, 3, 1, 1, 1, 1, '1996-09-02', 'CIMAHI', '1968-05-21', 1, '', '', 'PERUM KARABA INDAH BLOK AG/21 RT.10/08', 'DS.WADAS KEC.TELUK JAMBE TIMUR KARAWANG', 1, 9, 83, 6),
(269, 'SOBIRIN', 'I-2464', NULL, NULL, 11, 6, 1, 1, 1, 2, '1996-09-09', 'KARAWANG', '1969-04-01', 1, '', '', 'DSN.MEKAR BARU RT.03/02 KEL.CIKAMPEK', 'KOTA CIKAMPEK KARAWANG 41373', 1, 9, 83, 6),
(270, 'DISYANTO', 'I-1767', NULL, NULL, 11, 6, 1, 1, 1, 3, '1996-09-11', 'SERABUS', '1976-12-02', 1, '', '', 'PERUM BUMI GANDASARI RT.23/07', 'KEL.CIGELAM BABAKAN CIKAO PURWAKARTA', 1, 9, 83, 6),
(271, 'ENDANG SUTISNA', 'I-2327', NULL, NULL, 26, 6, 1, 1, 1, 2, '1996-09-11', 'KARAWANG', '1975-01-11', 1, '', 'O', 'DSN.SUKAMULYA RT.05/02 DS.PINAYUNGAN', 'TELUK JAMBE TIMUR KARAWANG', 1, 9, 83, 6),
(272, 'AGUS SUGANDA', 'I-1795', NULL, NULL, 11, 6, 1, 1, 1, 3, '1996-09-11', 'CIKAMPEK', '1973-01-05', 1, '', 'A', 'KP.KAMIJAYA DS.DAWUAN BARAT RT.02/02', 'CIKAMPEK KARAWANG', 1, 9, 83, 6),
(273, 'SURYANTO', 'I-1790', NULL, NULL, 1, 6, 1, 1, 1, 3, '1996-09-11', 'SRAGEN', '1977-08-28', 1, '', 'A', 'DSN.KOSAMBI 2 RT.03/10 DS.DUREN KEC.', 'KLARI KARAWANG 41371', 1, 9, 83, 6),
(274, 'DEDE NURZEN', 'I-1789', NULL, NULL, 11, 6, 1, 1, 1, 3, '1996-09-11', 'KARAWANG', '1975-09-03', 1, '', '', 'KP.TELAR RT.07/04 DS.WARINGINKARYA KEC.', 'LEMAHABANG KARAWANG 41383', 1, 9, 83, 6),
(275, 'SARYOTO BIN KARDIO', 'I-1867', NULL, NULL, 32, 6, 1, 1, 1, 3, '1996-09-28', 'KEBUMEN', '1972-05-10', 1, '', 'B', 'KP.KARANG MULYA RT.01/09 DS.DAWUAN', 'TENGAH KEC.CIKAMPEK KARAWANG 41373', 1, 9, 83, 6),
(276, 'CHARLI SAIFUL SADDIK', 'I-1835', NULL, NULL, 11, 6, 1, 1, 1, 2, '1996-10-01', 'LHOKSUKON', '1969-11-18', 1, '', 'B', 'PONDOK MEKAR INDAH 1 BLOK C5 NO.17', 'RT.02/10 WANCIMEKAR-KOTABARU-KARAWANG', 1, 9, 83, 6),
(277, 'HERU SUSILO', 'II-1839', NULL, NULL, 11, 5, 1, 1, 1, 0, '1996-10-01', 'PEMALANG', '1977-12-05', 1, '', 'AB', 'PERUM DIAN ANYAR BLOK SA NO.11', 'PURWAKARTA', 1, 9, 83, 6),
(278, 'ONI SURYONO', 'I-1797 BK', NULL, NULL, 2, 6, 3, 1, 1, 3, '1996-10-01', 'BOGOR', '1966-05-07', 1, '', '', 'TEGAL JUNTI RT.001/004 DS.TEGALMUNJUL', 'PURWAKARTA', 1, 9, 83, 6),
(279, 'JAELUNI', 'I-1860', NULL, NULL, 32, 6, 1, 1, 1, 2, '1996-10-01', 'INDRAMAYU', '1973-03-08', 1, '', '', 'PERUM BMI I BLOK.B6/15 RT.07/16', 'DS.DAWUAN TENGAH CIKAMPEK KARAWANG 41373', 1, 9, 83, 6),
(280, 'ZAENUDIN ZULIAR', 'II-1906', NULL, NULL, 9, 5, 1, 1, 1, 3, '1996-10-01', 'BANDUNG', '1974-11-24', 1, '', '', 'PERUM PERMATA CENGKONG PERSADA BLOK B5', 'NO.3 RT.02/05 KEC.PURWASARI KARAWANG', 1, 9, 83, 6),
(281, 'RENO WARNOMO', 'II-2329', NULL, NULL, 9, 5, 1, 1, 1, 2, '1996-10-01', 'CILACAP', '1975-11-17', 1, '', 'O', 'JL.OPAL TIMUR B3/10 RT.05/18 REGENCY', 'CIKAMPEK UTARA - KOTABARU - KARAWANG', 1, 9, 83, 6),
(282, 'DARWIS', 'I-1807', NULL, NULL, 26, 6, 1, 1, 1, 3, '1996-10-01', 'BATURAJA', '1967-12-24', 1, '', 'A', 'JL.KPT.HALIM,BEBESARAN NO.89 RT.31/07', 'KEL.NAGRI KIDUL PURWAKARTA', 1, 9, 83, 6),
(283, 'BAMBANG SUTEJA', 'I-1829', NULL, NULL, 11, 6, 1, 1, 1, 2, '1996-10-07', 'KARAWANG', '1971-05-22', 1, '', 'B', 'JL.MANGGA NO.8 RT.05/11 GURO I KEL.NAGA', 'SARI-KARAWANG BARAT KARAWANG 41312', 1, 9, 83, 6),
(284, 'WAHIDIN ADI WIJAYA', 'I-1898', NULL, NULL, 4, 6, 1, 1, 1, 3, '1996-10-12', 'SUBANG', '1970-10-04', 1, '', 'O', 'DSN.MEKAR BARU RT.01/03 DS.CIKAMPEK KOTA', 'KEC.CIKAMPEK KARAWANG 41373', 1, 9, 83, 6),
(285, 'AAN MAS AN', 'III-1862', NULL, NULL, 23, 4, 1, 1, 1, 2, '1996-10-14', 'BANDUNG', '1976-09-24', 1, '', 'O', 'PERUM BMI BLOK A.4C/52 RT.04/16 DS.', 'DAWUAN TENGAH CIKAMPEK KARAWANG', 1, 9, 83, 6),
(286, 'SUBEKTI', 'I-1851', NULL, NULL, 32, 6, 1, 1, 1, 2, '1996-10-14', 'CILACAP', '1971-06-15', 1, '', 'O', 'GRIYA PANORAMA INDAH A.2/28 RT.03/10', 'DS.PURWASARI KARAWANG', 1, 9, 83, 6),
(287, 'WAHYU WARDANA', 'II-1844', NULL, NULL, 42, 5, 1, 1, 1, 1, '1996-10-14', 'KARAWANG', '1967-12-03', 1, '', 'B', 'PERUM TRULLY LESTARI F.23 PURWASARI', 'KARAWANG', 1, 9, 83, 6),
(288, 'WAHYU HERMAWAN', 'II-1846', NULL, NULL, 40, 5, 1, 1, 1, 3, '1996-10-14', 'KARAWANG', '1973-09-15', 1, '', 'B', 'KP.DUKUH RT.01/05 DS.SUKASARI KEC.PURWA', 'SARI KARAWANG', 1, 9, 83, 6),
(289, 'DEDI ROHENDI', 'I-1874', NULL, NULL, 11, 6, 1, 1, 1, 1, '1996-10-21', 'GARUT', '1972-05-28', 1, '', '', 'PERUM MUSTIKA PRAKARSA BLOK.F2/22 RT.08/', '03 CIBALONGSARI-KLARI KARAWANG 41371', 1, 9, 83, 6),
(290, 'SUDARMANTO', 'III-1929', NULL, NULL, 11, 4, 1, 1, 1, 1, '1996-11-01', 'PURWOREJO', '1978-03-22', 1, '', '', 'PERUM EKAMAS BLOK AJ.24 RT.03/04 DS.', 'PANGULAH UTARA-KOTABARU KARAWANG', 1, 9, 83, 6),
(291, 'HORMAT SISWORO', 'I-1933', NULL, NULL, 1, 6, 1, 1, 1, 1, '1996-11-01', 'MAGELANG', '1974-08-15', 1, '', '', 'DSN.WALAHAR II RT.08/02 DS.WALAHAR', 'KEC.KLARI KARAWANG 41371', 1, 9, 83, 6),
(292, 'EKO SUMADI', 'II-1926', NULL, NULL, 35, 5, 1, 1, 1, 2, '1996-11-01', 'KLATEN', '1971-02-05', 1, '', '', 'PERUM EKAMAS PERMAI BLOK AO NO.28', 'RT.03/04 PANGULAH UTARA KOTABARU', 1, 9, 83, 6),
(293, 'RAHMAT ROHAEDI', 'I-1881', NULL, NULL, 35, 6, 1, 1, 1, 1, '1996-11-01', 'KARAWANG', '1974-07-22', 1, '', '', 'DSN.PANDAWA RT.14/05 DS.RAWAGEMPOL KULON', 'KEC.CILAMAYA WETAN KARAWANG 41384', 1, 9, 83, 6),
(294, 'SUBANDI', 'I-2588', NULL, NULL, 4, 6, 1, 1, 1, 2, '1996-04-11', 'LAMPUNG', '1974-11-14', 1, '', '', 'PERUM KOTA SERANG BARU BLOK C54 NO.24', 'CIKARANG', 1, 9, 83, 6),
(295, 'DYAH ASTIKASARI', 'II-1852', NULL, NULL, 43, 5, 1, 2, 2, 0, '1996-11-10', 'SLEMAN', '1975-09-18', 2, '', 'B', 'PERUM RESINDA D.3/35 RT.01/09 DS.PURWA', 'DANA KEC.TELUKJAMBE TIMUR KARAWANG 41361', 1, 9, 83, 6),
(296, 'MULYADI', 'I-1948', NULL, NULL, 35, 6, 1, 1, 1, 0, '1996-11-11', 'SEMARANG', '1975-03-10', 1, '', 'O', 'DSN.KARAJAN RT.01/08 DS.DAWUAN TENGAH', 'KEC.CIKAMPEK KARAWANG 41373', 1, 9, 83, 6),
(297, 'EDDIN SIMATUPANG', 'V-1956', NULL, NULL, 24, 2, 1, 1, 1, 1, '1996-11-11', 'SIATASAN', '1971-02-08', 2, '', 'B', 'PERUM EKAMAS BLOK.BA NO.9 RT.01/06 DS.', 'PANGULAH UTARA KEC.KKOTABARU KARAWANG', 1, 9, 83, 6),
(298, 'SETYO BUDIANTO', 'IV-1947', NULL, NULL, 42, 3, 1, 1, 1, 2, '1996-11-11', 'BANYUMAS', '1972-09-30', 1, '', '0', 'PERUM EKAMAS PERMAI BLOK AK.38 RT.04/04', 'DS.PANGULAH UTARA-KOTABARU KARAWANG', 1, 9, 83, 6),
(299, 'ENDANG GUSKENDAR', 'II-2326', NULL, NULL, 17, 5, 1, 1, 1, 2, '1996-11-11', 'BANDUNG', '1968-08-14', 1, '', '', 'PESONA GRIYA ASRI RT.009/011 KEL.CISEU', 'REUH PURWAKARTA', 1, 9, 83, 6),
(300, 'YAMIN BUNYAMIN', 'II-1962', NULL, NULL, 9, 5, 1, 1, 1, 2, '1996-11-13', 'GARUT', '1970-01-10', 1, '', '', 'DSN.PASIRPOGOR RT.13/05 DS.KIARAPAYUNG', 'KEC.KLARI KARAWANG 41371', 1, 9, 83, 6),
(301, 'SUHARTONO', 'I-1467', NULL, NULL, 35, 6, 1, 1, 1, 2, '1996-11-21', 'MAGETAN', '1973-01-10', 1, '', '', 'PERUM EKAMAS BLOK.BC.20 RT.03/05', 'DS.PANGULAH UTARA KOTABARU KARAWANG', 1, 9, 83, 6),
(302, 'MUHAMAD ALI', 'I-1973', NULL, NULL, 35, 6, 1, 1, 1, 1, '1996-11-21', 'KENDAL', '1975-07-17', 1, '', '', 'PERUM EKAMAS BLOK AO.7 RT.03/04 PANGULAH', 'UTARA KOTABARU CIKAMPEK - KARAWANG', 1, 9, 83, 6),
(303, 'NIA KURNIA', 'V-1971', NULL, NULL, 34, 2, 1, 1, 1, 2, '1996-11-21', 'GARUT', '1966-11-20', 1, '', 'O', 'PERUM EKAMAS PERMAI BLOK BE.34 RT.01/05', 'DS.PANGULAH UTARA-KOTABARU KARAWANG', 1, 9, 83, 6),
(304, 'ISADUR ROFIQ', 'II-2376', NULL, NULL, 18, 5, 1, 1, 1, 3, '1996-11-25', 'NGANJUK', '1971-07-28', 1, '', '', 'JL.GATOT SUBROTO NO.117', 'KERTOSONO,NGANJUK', 1, 9, 83, 6),
(305, 'NUR YASSER KAMARUDDIN', 'V-2032', NULL, NULL, 23, 2, 1, 1, 1, 1, '1996-12-01', 'SELAYAR', '1969-12-21', 1, '', '', 'JL.RE.MARTADINATA GG.TAN', 'JUNG II NO.73', 1, 9, 83, 6),
(306, 'ISWATIN', 'I-2030', NULL, NULL, 18, 6, 1, 2, 2, 0, '1996-12-02', 'MOJOKERTO', '1978-06-15', 1, '', 'AB', 'PERUM BMI BLOK D.12/1 RT.05/15 DAWUAN', 'TENGAH CIKAMPEK - KARAWANG', 1, 9, 83, 6),
(307, 'UJANG ROHMANILAH', 'I-2016', NULL, NULL, 11, 6, 1, 1, 1, 1, '1996-12-02', 'TASIKMALAYA', '1972-10-30', 1, '', '', 'SANTIONG UTARA RT.03/17 KEL.NAGASARI', 'KEC.KARAWANG BARAT KARAWANG 41312', 1, 9, 83, 6),
(308, 'HERI PRAMANA', 'III-2377', NULL, NULL, 12, 4, 1, 1, 1, 3, '1996-12-02', 'BANDUNG', '1969-02-28', 1, '', '', 'JL.MARS VII/4 BLOK V', 'MARGAHAYU RAYA', 1, 9, 83, 6),
(309, 'EKA NURDIANA', 'III-2454', NULL, NULL, 17, 4, 1, 1, 1, 2, '1996-12-02', 'PURWAKARTA', '1974-10-15', 1, '', '', 'JL.VETERAN NO.889/34A RT.003/008 KEL.', 'KEBON PISANG BANDUNG', 1, 9, 83, 6),
(310, 'JOKO SANTOSA', 'II-2027BK', NULL, NULL, 44, 5, 3, 1, 1, 2, '1996-12-02', 'BLORA', '1966-01-27', 1, '', 'O', 'JL.CEMPAKA 2/14 RT.01/15 DS.CIKAMPEK UTR', 'KOTABARU KARAWANG', 1, 9, 83, 6),
(311, 'NINING KURNIASARI', 'IV-2020', NULL, NULL, 22, 3, 1, 2, 2, 0, '1996-12-02', 'MAJALENGKA', '1972-12-03', 1, '', '', 'MUNJUL JAYA PERMAI RT.30/10 KEL.MUNJUL', 'JAYA PURWAKARTA', 1, 9, 83, 6),
(312, 'SUJADI', 'I-2066', NULL, NULL, 11, 6, 1, 1, 1, 2, '1996-12-21', 'BLORA', '1969-08-02', 1, '', '', 'KERTAMULYA RT.02/02 DS.BALONGGANDU KEC.', 'JATISARI KAB.KARAWANG 41374', 1, 9, 83, 6),
(313, 'ADE JUNAEDI', 'I-2075', NULL, NULL, 11, 6, 1, 1, 1, 3, '1996-12-21', 'PURWAKARTA', '1967-09-25', 1, '', 'A', 'CIGEDOGAN TIMUR RT.055/014 DS.SINDANG', 'KASIH PURWAKARTA', 1, 9, 83, 6),
(314, 'AEP SAEFUDIN', 'I-2074', NULL, NULL, 2, 6, 1, 1, 1, 2, '1996-12-21', 'BANDUNG', '1971-03-18', 1, '', '', 'KOMP.WAAS RT.02/II DS.SU', 'KASARI PAMEUNGPEUK BDG', 1, 9, 83, 6),
(315, 'RASMANA', 'I-2073', NULL, NULL, 2, 6, 1, 1, 1, 2, '1996-12-21', 'BANDUNG', '1973-08-09', 1, '', 'O', 'PERUM EKAMAS BLOK.AA RT.01/04 DS.PANGU', 'LAH UTARA KEL.KOTABARU KARAWANG', 1, 9, 83, 6),
(316, 'ENANG HENDRA', 'I-2084', NULL, NULL, 2, 6, 1, 1, 1, 1, '1997-01-11', 'BANDUNG', '1973-03-30', 1, '', 'B', 'PERUM GRIYA PERSADDA RT.03/10 DS.DAWUAN', 'TIMUR KEC.CIKAMPEK KARAWANG', 1, 9, 83, 6),
(317, 'AGUS SARTANA', 'I-2336', NULL, NULL, 11, 6, 1, 1, 1, 2, '1997-01-13', 'MAGELANG', '1976-07-27', 1, '', '', 'PERUM CITRA KEBUN MAS D12/03 RT.20/07', 'DS.BENGLE KEC.MAJALAYA KARAWANG', 1, 9, 83, 6),
(318, 'ASEP MULYANA', 'I-2086', NULL, NULL, 18, 6, 1, 1, 1, 2, '1997-01-14', 'PURWAKARTA', '1971-04-25', 1, '', 'A', 'JL.VETERAN GG.MANGGIS 14 RT.01/01', 'CISEUREUH PURWAKARTA 41118', 1, 9, 83, 6),
(319, 'LAMIN', 'II-2088', NULL, NULL, 18, 5, 1, 1, 1, 2, '1997-01-14', 'MAGETAN', '1977-01-18', 1, '', '', 'PERUM VILLA DUTA PRATAMA G/14 RT.01/04', 'CIBALONGSARI KEC.KLARI KARAWANG', 1, 9, 83, 6),
(320, 'WARSI', 'I-2087', NULL, NULL, 18, 6, 1, 1, 1, 3, '1997-01-14', 'NGAWI', '1975-12-09', 1, '', 'A', 'GRIYA PANORAMA INDAH RT.03/10 BLOK A5/16', 'PURWASARI KARAWANG 41373', 1, 9, 83, 6),
(321, 'MAULANI YUSUF', 'II-2099', NULL, NULL, 5, 5, 1, 1, 1, 1, '1997-02-14', 'BANDUNG', '1969-06-08', 1, '', 'B', 'JL.JENDERAL.A.YANI', 'RT.12/02 PURWAKARTA', 1, 9, 83, 6),
(322, 'HERLI', 'I-2100', NULL, NULL, 11, 6, 1, 1, 1, 3, '1997-02-14', 'CIAMIS', '1969-05-15', 1, '', 'O', 'PERMATA REGENCY RT.01/15 DS.CIKAMPEK', 'UTARA-KOTABARU KARAWANG', 1, 9, 83, 6),
(323, 'SUNGKOWO', 'III-2101', NULL, NULL, 26, 4, 1, 1, 1, 3, '1997-02-14', 'JAKARTA', '1968-11-20', 1, '', '', 'GRIYA BANDUNG ASRI I BLOK.G NO.36 KEC.', 'BOJONG SOANG BANDUNG', 1, 9, 83, 6),
(324, 'YARIT IBNU TUFAIL', 'III-2460', NULL, NULL, 44, 4, 1, 1, 1, 2, '1997-03-01', 'MADURA', '1973-10-08', 1, '', '', 'PERUM HARAPAN BARU JL.JERUK NIPIS NO.30', 'RT.01/21 KEL.KOTA BARU BEKASI BARAT', 1, 9, 83, 6),
(325, 'WAHYUDIN', 'III-2470', NULL, NULL, 17, 4, 1, 1, 1, 3, '1997-03-10', 'KENDAL', '1970-02-02', 1, '', 'B', 'PERUM EKAMAS BALOK.BB/03 RT04/04 DS.', 'PANGULAH UTARA KEC.KOTABARU KARAWANG', 1, 9, 83, 6),
(326, 'AGUS SETIAWAN', 'I-2125', NULL, NULL, 1, 6, 1, 1, 1, 3, '1997-03-11', 'SUBANG', '1967-08-24', 1, '', '', 'JL.KAPTEN HALIM NO.36 RT.38 RW.07 KEL.', 'NAGRI KIDUL, KEC.PURWAKARTA', 1, 9, 83, 6),
(327, 'PARLAN', 'III-2124', NULL, NULL, 5, 4, 1, 1, 1, 2, '1997-03-11', 'KEBUMEN', '1973-03-12', 1, '', '', 'PANJANGSARI RT.04/V GOM', 'BONG KEBUMEN', 1, 9, 83, 6),
(328, 'MAHROJI', 'II-2130', NULL, NULL, 20, 5, 1, 1, 1, 1, '1997-03-13', 'CILEGON', '1976-02-04', 1, '', 'O', 'KP.SADANG RT.03/04', 'DS.PURWASARI KARAWANG', 1, 9, 83, 6),
(329, 'AMIN NURWAKIT', 'I-2574', NULL, NULL, 20, 6, 1, 1, 1, 3, '1997-03-13', 'MADIUN', '1976-07-30', 1, '', 'A', 'TRULY PURWASARI ESTATE BLOK N10 RT.04/02', 'PURWASARI KEC.PURWASARI KARAWANG', 1, 9, 83, 6),
(330, 'YAMARDI HARWANTO', 'I-2576', NULL, NULL, 20, 6, 1, 1, 1, 1, '1997-03-13', 'TEGAL', '1974-09-18', 1, '', '', 'SUKASEURI RT.32/02 DS.SARIMULYA KEC.KOTA', 'BARU KARAWANG', 1, 9, 83, 6),
(331, 'UUS SUHERLAN', 'III-2140', NULL, NULL, 29, 4, 1, 1, 1, 2, '1997-03-21', 'SUMEDANG', '1970-08-02', 1, '', 'O', 'PERUM OESMAN SINGAWINATA E.8/23 RT.82/11', 'KEL.NAGRI KALER PURWAKARTA', 1, 9, 83, 6),
(332, 'RACHMAT IMANUDIN', 'II-2143', NULL, NULL, 17, 5, 1, 1, 1, 1, '1997-03-21', 'BANDUNG', '1970-05-25', 1, '', 'B', 'PERUM EKAMAS PERMAI BLOK.AJ-23 RT.03/04', 'DS.PANGULAH UTARA KEC.KOTABARU KARAWANG', 1, 9, 83, 6),
(333, 'ANWAR RABBANI', 'I-2177', NULL, NULL, 13, 6, 1, 1, 1, 1, '1997-04-01', 'SUMEDANG', '1976-07-02', 1, '', 'O', 'BUMI CIKAMPEK BARU BLOK G.2/27 RT.06/08', 'DS.BALONGGANDU KEC.JATISARI KARAWANG', 1, 9, 83, 6),
(334, 'SYAEFUDIN ZUHRI', 'I-2162', NULL, NULL, 13, 6, 1, 1, 1, 2, '1997-04-20', 'CIREBON', '1977-04-01', 1, '', 'O', 'BUMI CIKAMPEK BARU BLOK F3/26 RT.05/08', 'DS.BALONGGANDU KEC.JATISARI KARAWANG', 1, 9, 83, 6),
(335, 'ISMADI', 'II-2169', NULL, NULL, 8, 5, 1, 1, 1, 2, '1997-04-01', 'LAMPUNG', '1968-12-13', 1, '', '', 'CITRA KEBUN MAS RT.29/07 DS.BENGLE', 'KEC.MAJALAYA KARAWANG', 1, 9, 83, 6),
(336, 'RUHYANA SETIA', 'II-2178', NULL, NULL, 2, 5, 1, 1, 1, 2, '1997-04-07', 'KARAWANG', '1975-09-15', 1, '', '', 'KP.KARAJAN TIMUR RT.02/01 NO.57 DS.', 'CIKAMPEK BARAT KEC.CIKAMPEK KARAWANG', 1, 9, 83, 6),
(337, 'KUSHERTOYO', 'II-2201', NULL, NULL, 11, 5, 1, 1, 1, 2, '1997-04-21', 'KARAWANG', '1972-03-09', 1, '', 'B', 'JL.STASIUN GG.KRAJAN I RT.01/04 NO.111', 'CIKAMPEK KOTA KAB.KARAWANG 41373', 1, 9, 83, 6),
(338, 'ENDRAYITNO', 'I-2200', NULL, NULL, 13, 6, 1, 1, 1, 1, '1997-04-21', 'KARAWANG', '1978-05-07', 1, '', 'A', 'PERUM GRIYA PERMAI RT.06/04 DS.PUCUNG', 'KEC.KOTABARU KARAWANG', 1, 9, 83, 6),
(339, 'ODONG SUBROTO', 'I-2192', NULL, NULL, 26, 6, 1, 1, 1, 3, '1997-04-21', 'SUBANG', '1970-01-15', 1, '', '', 'KP.CIBARAGALAN RT.32/01 KEL.CIWANGI', 'KEC.BUNGURSARI PURWAKARTA', 1, 9, 83, 6),
(340, 'UUS USMAN', 'I-2194', NULL, NULL, 11, 6, 1, 1, 1, 3, '1997-04-21', 'PURWAKARTA', '1977-09-01', 1, '', '', 'KP.BABAKAN GUDANG DS.BABAKANSARI RT.06/', '03 PLERED PURWAKARTA', 1, 9, 83, 6),
(341, 'DARMAWAN', 'I-2189', NULL, NULL, 26, 6, 1, 1, 1, 2, '1997-04-21', 'KARAWANG', '1977-05-15', 1, '', 'A', 'DSN.KAMOJING TIMUR RT.06/02 DS.KAMOJING', 'KEC.CIKAMPEK KARAWANG 41373', 1, 9, 83, 6),
(342, 'ENDI ROHENDI', 'I-2229', NULL, NULL, 17, 6, 1, 1, 1, 3, '1997-04-28', 'KARAWANG', '1975-06-02', 1, '', '', 'BAKAN SEWI 03 RT.04/06 DS.JATISARI KEC.', 'JATISARI KARAWANG 41374', 1, 9, 83, 6),
(343, 'ROCHMAN', 'III-2212', NULL, NULL, 8, 4, 1, 1, 1, 2, '1997-05-01', 'BANDUNG', '1969-06-26', 1, '', '', 'JL.CILIWUNG 7/B-15/2 RT.004/011', 'DS.SIMPANGAN KEC.CIKARANG BEKASI', 1, 9, 83, 6),
(344, 'DIDIT PRIYATNA', 'I-2228', NULL, NULL, 26, 6, 1, 1, 1, 2, '1997-05-12', 'PURWAKARTA', '1976-04-26', 1, '', 'O', 'JL.LODAYA 2 BOJONG RT.020/005 NO.224', 'KEL.NAGRIKIDUL PURWAKARTA', 1, 9, 83, 6),
(345, 'MUSLICHUDIN', 'I-2226', NULL, NULL, 11, 6, 1, 1, 1, 1, '1997-05-12', 'KEBUMEN', '1973-02-28', 1, '', '', 'PERUM PRIMA FLAMBOYAN PERMAI RT.02/19', 'DS.DUREN-KLARI KARAWANG 41371', 1, 9, 83, 6),
(346, 'TRI WAHYUDI', 'III-2219', NULL, NULL, 3, 4, 1, 1, 1, 4, '1997-05-12', 'KEBUMEN', '1977-10-01', 1, '', '', 'KP.CIOMAS RT.08/04 KEL.WARUNGKADU', 'KEC.PASAWAHAN PURWAKARTA', 1, 9, 83, 6),
(347, 'NIRTON', 'I-2220', NULL, NULL, 11, 6, 1, 1, 1, 1, '1997-05-12', 'LAMPUNG', '1977-05-08', 1, '', '', 'BUMI CIKAMPEK BARU BLOK.F3/27 RT.05/08', 'DS.BALONGGANDU KEC.JATISARI KARAWANG', 1, 9, 83, 6),
(348, 'ADIK AHMAD FUAD, AMD', 'IV-2230', NULL, NULL, 40, 3, 1, 1, 1, 2, '1997-05-21', 'KUNINGAN', '1969-05-29', 1, '', 'B', 'PERUM BMI BLOK.B6 NO.14 RT.07/16', 'DS.DAWUAN TENGAH CIKAMPEK KARAWANG 41373', 1, 9, 83, 6),
(349, 'DANG HERMAWAN', 'III-2237', NULL, NULL, 11, 4, 1, 1, 1, 1, '1997-06-11', 'BANDUNG', '1966-11-28', 1, '', 'A', 'TRULLY PURWASARI ESTATE BLOK I.9 RT.04/', '02 DS.PURWASARI KARAWANG', 1, 9, 83, 6),
(350, 'NUNUNG TITA WARSITA', 'II-2243', NULL, NULL, 36, 5, 1, 2, 2, 0, '1997-06-11', 'BANDUNG', '1973-09-27', 1, '', 'O', 'JL.INTAN 7 NO.8 REGENCY RT.02/12', 'CIKAMPEK UTARA KOTABARU KARAWANG', 1, 9, 83, 6),
(351, 'HERY YUNADI', 'V-2249', NULL, NULL, 41, 2, 1, 1, 1, 2, '1997-06-21', 'CIREBON', '1968-05-29', 1, '', 'B', 'PERUM EKAMAS BLOK BA.30 RT.01/05', 'DS.PANGULAH UTARA-KOTABARU KARAWANG', 1, 9, 83, 6),
(352, 'BRE NOVIA DWIYANTI', 'II-2769', NULL, NULL, 45, 5, 1, 2, 2, 0, '1997-07-01', 'BOGOR', '1977-11-26', 1, '', 'O', 'JL.AKADEMI PERTANIAN I/14 RT.01/08', 'PANDANSARI BOGOR', 1, 9, 83, 6),
(353, 'DINI ANDRIANI', 'II-2272', NULL, NULL, 32, 5, 1, 2, 2, 0, '1997-07-15', 'KARAWANG', '1976-04-14', 1, '', 'B', 'PERUM EKAMAS BLOK.AA/7 RT.01/04 DS.PANGU', 'LAH UTARA KOTABARU KARAWANG', 1, 9, 83, 6),
(354, 'HENRI WIBOWO', 'III-2275', NULL, NULL, 11, 4, 1, 1, 1, 2, '1997-07-21', 'MADIUN', '1971-12-30', 1, '', 'B', 'PURI KOSAMBI BLOK W.31 RT.03/14 DS.DUREN', 'KEC.KLARI KARAWANG 41371', 1, 9, 83, 6),
(355, 'TEJO SUMANTRI', 'III-2277', NULL, NULL, 8, 4, 1, 1, 1, 3, '1997-07-21', 'MOROTAI', '1971-09-26', 1, '', 'AB', 'PERUM EKAMAS PERMAI BLOK.BC NO.15 RT.03/', '05 PANGULAH UTARA-KOTABARU KARAWANG', 1, 9, 83, 6),
(356, 'MA SUM', 'III-2280', NULL, NULL, 24, 4, 1, 1, 1, 3, '1997-07-28', 'SUBANG', '1972-08-14', 1, '', '', 'PATOKBEUSI RT.25/12 DS.RANCAMULYA', 'KEC.PATOK BEUSI SUBANG', 1, 9, 83, 6),
(357, 'MAHENDRA R R', 'III-2279', NULL, NULL, 8, 4, 1, 1, 2, 0, '1997-07-28', 'MEDAN', '1967-11-12', 4, 'INDIA', '', 'JL PONDOK SURYA VI BLOK 3', 'KARANG TENGAH CILEDUK', 1, 9, 83, 6),
(358, 'HENDRI AHMAD ZENFUAD', 'I-2285', NULL, NULL, 17, 6, 1, 1, 1, 1, '1997-08-01', 'BANDUNG', '1978-04-20', 1, '', 'A', 'BUMI CIKAMPEK BARU BLOK.C3/26 RT.06/08', 'DS.BALONGGANDU KEC. JATISARI KARAWANG', 1, 9, 83, 6),
(359, 'SULAEMAN', 'I-2288', NULL, NULL, 19, 6, 1, 1, 1, 2, '1997-08-01', 'PURWAKARTA', '1967-05-11', 1, '', '', 'JL.PURNAWARMAN SELATAN RT.53/13', 'DS.SINDANGKASIH PURWAKARTA', 1, 9, 83, 6),
(360, 'MUNAT WIDODO', 'I-2526', NULL, NULL, 17, 6, 1, 1, 1, 3, '1997-08-11', 'INDRAMAYU', '1976-03-19', 1, '', '', 'DS.TAMBI LOR NO.143 RT.03', '/01 BLOK.RESIA INDRAMAYU', 1, 9, 83, 6),
(361, 'HAIRIL AZWAR', 'II-2527', NULL, NULL, 20, 5, 1, 1, 1, 2, '1997-08-11', 'SEGALA MIDER', '1976-07-31', 1, '', 'O', 'PERUM TRULY PURWASARI RT.04/02 BLOK P', 'NO.1 PURWASARI KARAWANG', 1, 9, 83, 6),
(362, 'SUCI RAHAYU', 'V-2293 BK', NULL, NULL, 15, 2, 3, 2, 2, 0, '1997-08-11', 'BREBES', '1971-04-22', 1, '', '', 'PERUM EKAMAS PERMAI BLOK AK.38 RT.03/04', 'DS.PANGULAH UTARA KOTABARU KARAWANG', 1, 9, 83, 6),
(363, 'JUMANTA', 'I-2302', NULL, NULL, 40, 6, 1, 1, 1, 2, '1997-08-13', 'KARAWANG', '1970-10-25', 1, '', '', 'DSN.PARUNGKADALI RT.40/08 DS.CURUG KEC.', 'KLARI KARAWANG 41371', 1, 9, 83, 6),
(364, 'RAIMAN', 'I-2303', NULL, NULL, 40, 6, 1, 1, 1, 1, '1997-08-13', 'KARAWANG', '1975-09-10', 1, '', '', 'DSN.WALAHAR I RT.02/01 DS.WALAHAR KEC.', 'KLARI KARAWANG 41371', 1, 9, 83, 6),
(365, 'NANA SUPRIYATNA', 'I-2304', NULL, NULL, 42, 6, 1, 1, 1, 3, '1997-08-15', 'KARAWANG', '1971-12-04', 1, '', '', 'KP.LENGO RT.04/14 KEL.TANJUNGPURA', 'KARAWANG', 1, 9, 83, 6),
(366, 'IDA FARIDA', 'II-2537', NULL, NULL, 7, 5, 1, 2, 2, 0, '1997-08-25', 'TANGERANG', '1974-08-20', 1, '', '', 'KP.SAWAH RT.009/002 KEL.SRENGSENG SAWAH', 'KEC.JAGAKARSA JAKARTA', 1, 9, 83, 6),
(367, 'HENDRI', 'I-2310', NULL, NULL, 24, 6, 1, 1, 1, 2, '1997-09-03', 'BUKIT TINGGI', '1967-05-04', 1, '', '', 'PERUM MUSTIKA PERKASA FI/05 RT.08/012', 'CIBALONGSARI', 1, 9, 83, 6),
(368, 'SOPYAN ANSORI', 'I-2316', NULL, NULL, 40, 6, 1, 1, 1, 2, '1997-09-11', 'KARAWANG', '1972-07-10', 1, '', 'B', 'DSN.KOSAMBI II RT.28/08 DS.DUREN KEC.', 'KLARI KARAWANG 41373', 1, 9, 83, 6),
(369, 'MOCH SLAMET SILAS H', 'I-2343', NULL, NULL, 41, 6, 1, 1, 1, 2, '1997-09-22', 'PURWOKERTO', '1978-08-01', 1, '', '', 'KP.JATI RT.10/05 KEL.CIHUNI PASAWAHAN', 'PURWAKARTA', 1, 9, 83, 6),
(370, 'AGUS HARRY PURNAMA', 'I-2345', NULL, NULL, 40, 6, 1, 1, 1, 2, '1997-09-22', 'BANDUNG', '1967-05-31', 1, '', 'B', 'PERUM MUNJUL JAYA PERMAI BLOK C.24 NO.16', 'RT.065 RW.010 DS.MUNJUL JAYA PURWAKARTA', 1, 9, 83, 6),
(371, 'IDA TURIF AH', 'I-2347', NULL, NULL, 30, 6, 1, 2, 2, 0, '1997-09-22', 'KARAWANG', '1973-01-15', 1, '', '', 'DSN.KARAJAN TIMUR RT.06/02 DS.AMANSARI', 'KEC.RENGASDENGKLOK - KARAWANG 41352', 1, 9, 83, 6),
(372, 'IJANG SUTIA', 'I-2351', NULL, NULL, 4, 6, 1, 1, 1, 1, '1997-09-27', 'SUMEDANG', '1969-03-06', 1, '', '', 'PERUM CITRA KEBUN MAS EG 36 RT.036/011', 'DS.BENGLE KEC.MAJALAYA KAB.KARAWANG', 1, 9, 83, 6),
(373, 'ENANG PAHRUROJI', 'I-2355', NULL, NULL, 4, 6, 1, 1, 1, 1, '1997-09-27', 'SUBANG', '1976-04-11', 1, '', 'B', 'DSN.BANGSAL RT.002/003 DS.CIASEM HILIR', 'KEC.CIASEM SUBANG', 1, 9, 83, 6),
(374, 'DEDE SOLEHUDIN', 'I-2367', NULL, NULL, 41, 6, 1, 1, 1, 3, '1997-10-01', 'GARUT', '1975-09-30', 1, '', 'B', 'PERUM DIAN ANYAR BLOK.Q1 RT.04/12 KEL.', 'CISEUREUH PURWAKARTA', 1, 9, 83, 6),
(375, 'NANANG BUDIANA', 'II-2370', NULL, NULL, 30, 5, 1, 1, 1, 3, '1997-10-01', 'KARAWANG', '1971-09-29', 1, '', 'B', 'JL.KERTABUMI RT.07/09 KEL.KARAWANG KULON', 'KEC.KARAWANG BARAT KARAWANG 41311', 1, 9, 83, 6),
(376, 'DEDI ISKANDAR', 'II-2371', NULL, NULL, 30, 5, 1, 1, 1, 3, '1997-10-01', 'BANDUNG', '1967-06-08', 1, '', '', 'BUMI CIKAMPEK BARU G2/28 RT.06/08 DS.', 'BALONGGANDU KEC.JATISARI KARAWANG', 1, 9, 83, 6),
(377, 'DJAMALULAIL', 'II-2836', NULL, NULL, 7, 5, 1, 1, 1, 0, '1997-10-01', 'JAKARTA', '1971-08-13', 1, '', '', 'JL.CIKOKO TIMUR RAYA RT.', '11/02 NO.2 PANCORAN', 1, 9, 83, 6),
(378, 'EUIS YULIANI', 'II-2379', NULL, NULL, 46, 5, 1, 2, 2, 0, '1997-10-06', 'SUBANG', '1972-07-27', 1, '', '', 'SUKAJADI RT.041/006 DS.NAGRIKIDUL', 'PURWAKARTA', 1, 9, 83, 6),
(379, 'HENHEN SUHENDAR', 'III-2384', NULL, NULL, 41, 4, 1, 1, 1, 3, '1997-10-11', 'BANDUNG', '1977-09-17', 1, '', 'B', 'BUBULAK PARACIS RT.13/10 KEL.TANJUNG', 'PURA KEC.KARAWANG 41316', 1, 9, 83, 6),
(380, 'AGUS SUSILO BUDI DR', 'IV-2393', NULL, NULL, 25, 3, 1, 1, 1, 3, '1997-10-21', 'JAKARTA', '1967-08-15', 1, '', '', 'DSN.SENTUL RT.01/02 DS.CIKAMPEK SELATAN', 'KEC.CIKAMPEK KARAWANG 41373', 1, 9, 83, 6),
(381, 'AHMADIONO', 'III-2395', NULL, NULL, 18, 4, 1, 1, 1, 2, '1997-11-01', 'BANTUL', '1967-11-10', 1, '', '', 'JL.CEMPAKA 3 NO.4 RT.01/15 REGENCY', 'CIKAMPEK UTARA KEC.KOTABARU KAB.KARAWANG', 1, 9, 83, 6),
(382, 'RIANTO', 'I-2406', NULL, NULL, 26, 6, 1, 1, 1, 2, '1997-11-21', 'PURWOREJO', '1972-06-06', 1, '', '', 'PERUM EKAMAS BLOK.AJ.29 RT.03/04 DS.', 'PANGULAH UTARA-KOTABARU KARAWANG', 1, 9, 83, 6),
(383, 'RISMANTO', 'II-2410', NULL, NULL, 11, 5, 1, 1, 1, 3, '1997-11-21', 'CIAMIS', '1971-04-12', 1, '', 'B', 'PERUM KOSAMBI PERMAI RT.02/03 DS.DUREN', 'KEC.KLARI KARAWANG 41371', 1, 9, 83, 6),
(384, 'TATANG SUBHARA', 'I-2412', NULL, NULL, 26, 6, 1, 1, 1, 2, '1997-11-27', 'TASIKMALAYA', '1969-12-06', 1, '', '', 'PERUM EKAMAS BLOK AJ.07 RT.03/04 DS.', 'PANGULAH UTARA-KOTABARU KARAWANG', 1, 9, 83, 6),
(385, 'MUHAMAD NAJIB', 'I-2413', NULL, NULL, 17, 6, 1, 1, 1, 3, '1997-11-27', 'KENDAL', '1976-07-06', 1, '', '', 'PERUM PERMATA REGENSI JL.INTAN/9 NO.21/A', 'CIKAMPEK UTARA-KOTABARU KARAWANG', 1, 9, 83, 6),
(386, 'ARIEF RAHMAN', 'I-2423', NULL, NULL, 13, 6, 1, 1, 1, 0, '1997-12-01', 'PURWAKARTA', '1978-04-05', 1, '', '', 'DS.CIJANTUNG RT.11/03 SUKATANI', 'PURWAKARTA', 1, 9, 83, 6),
(387, 'TONY RUSMANA', 'I-2418', NULL, NULL, 26, 6, 1, 1, 1, 2, '1997-12-01', 'BANDUNG', '1970-04-07', 1, '', '', 'CIWIDEY DS.LEBAK MUNCANG', 'BANDUNG', 1, 9, 83, 6),
(388, 'IYUS RUSNADI', 'I-2430', NULL, NULL, 11, 6, 1, 1, 1, 3, '1997-12-11', 'CIREBON', '1973-06-12', 1, '', 'O', 'DSN.WATES RT.01/02 DS.PANCAWATI KEC.', 'KLARI KARAWANG 41371', 1, 9, 83, 6),
(389, 'SOLIHIN', 'I-2424', NULL, NULL, 26, 6, 1, 1, 1, 2, '1997-12-11', 'SUBANG', '1972-04-04', 1, '', 'B', 'BUMI CIKAMPEK BARU BLOK F2/28 RT.05/08', 'DS.BALONGGANDU KEC.JATISARI KARAWANG', 1, 9, 83, 6),
(390, 'SYARIFUDIN', 'I-2591', NULL, NULL, 42, 6, 1, 1, 1, 1, '1997-12-12', 'CIREBON', '1978-02-15', 1, '', 'O', 'PERUM GRIYA PANORAMA INDAH BLOK C8 NO.34', 'RT.02 RW.12 DS.PURWASARI KARAWANG', 1, 9, 83, 6),
(391, 'MARYANA', 'I-2449', NULL, NULL, 26, 6, 1, 1, 1, 4, '1997-12-22', 'BANDUNG', '1969-03-19', 1, '', 'O', 'BUKIT PANORAMA INDAH RT.48/12 KEL.MUNJUL', 'JAYA PURWAKARTA', 1, 9, 83, 6),
(392, 'SUDARYOKO', 'I-2597', NULL, NULL, 32, 6, 1, 1, 1, 2, '1998-03-04', 'SEMARANG', '1968-12-26', 1, '', '', 'PERUM BMI BLOK.D4/9 RT.04/15 DS.DAWUAN', 'TENGAH KEC.CIKAMPEK KARAWANG 41373', 1, 9, 83, 6),
(393, 'AHMAD BIN KAINAN', 'II-2487', NULL, NULL, 25, 5, 1, 1, 1, 3, '1998-06-22', 'KARAWANG', '1977-03-20', 1, '', '', 'DSN.RAWADUKUH RT.13/05 DS.KARANGTANJUNG', 'KEC.LEMAHABANG KARAWANG 41383', 1, 9, 83, 6),
(394, 'SUNARYO', 'I-2493', NULL, NULL, 27, 6, 1, 1, 1, 2, '1998-07-09', 'KEBUMEN', '1974-11-19', 1, '', 'O', 'KP.KRAJAN RT.02/04 KE.TANJUNG MEKAR', 'KEC.KARAWANG BARAT KAB.KARAWANG 41316', 1, 9, 83, 6),
(395, 'ROMANSYAH', 'III-2497', NULL, NULL, 19, 4, 1, 1, 1, 1, '1998-07-09', 'BANDUNG', '1975-04-16', 1, '', 'A', 'PALM KONDANG ASRI A.3/32 RT.25/10 DS.', 'KONDANG JAYA-KARAWANG TIMUR KARAWANG', 1, 9, 83, 6),
(396, 'SOFYAN', 'II-2498', NULL, NULL, 19, 5, 1, 1, 1, 2, '1998-07-09', 'BANDUNG', '1975-11-20', 1, '', '', 'PERUM KARAWANG JAYA RT.34/16 DS.GINTUNG', 'KERTA KEC.KLARI KARAWANG 41371', 1, 9, 83, 6),
(397, 'EKO KURNIAWAN M', 'V-2748', NULL, NULL, 44, 2, 1, 1, 1, 3, '1999-06-21', 'BANDUNG', '1972-03-30', 1, '', 'A', 'JL.KIARA SARI ASRI VII NO.45', 'KEL.MARGASARI KEC.BUAH BATU BANDUNG', 1, 9, 83, 6),
(398, 'R BAMBANG SUBROTO', 'III-2598', NULL, NULL, 32, 4, 1, 1, 1, 3, '1999-07-15', 'MEDAN', '1972-05-23', 1, '', 'O', 'HARVEST CITY BLOK DIANTUS DA.9 NO.19', 'DS.CIPENJO KEC.CILEUNGSI BOGOR', 1, 9, 83, 6),
(399, 'JAMALUDIN', 'I-2580', NULL, NULL, 18, 6, 1, 1, 1, 2, '1999-08-02', 'KARAWANG', '1980-08-12', 1, '', 'O', 'PERUM KEPUH YABA INDAH BLOK A2 NO.6', 'DS.NAGASARI KARAWANG', 1, 9, 83, 6),
(400, 'SUHENDAR PUTRA', 'I-2619', NULL, NULL, 24, 6, 1, 1, 1, 1, '1999-10-18', 'KARAWANG', '1980-11-03', 1, '', '', 'KP.NAGRAK RT.001 RW.003 DS.KARANGJAYA', 'KEC.TIRTAMULYA KARAWANG', 1, 9, 83, 6),
(401, 'LENDRA FATURAHMAN', 'II-2621', NULL, NULL, 17, 5, 1, 1, 1, 1, '1999-10-18', 'MALANG', '1979-03-29', 1, '', '', 'DSN.KOSAMBI II RT.30/09 DS.DUREN', 'KEC.KLARI KARAWANG', 1, 9, 83, 6),
(402, 'MOHAMAD HUSEN', 'I-2607', NULL, NULL, 4, 6, 1, 1, 1, 2, '2000-07-03', 'SUBANG', '1978-03-31', 1, '', '', 'DSN.GANDOANG RT.01/08 DS.PANGULAH', 'SELATAN KEC.KOTABARU KARAWANG', 1, 9, 83, 6),
(403, 'TOTO KURNIAWAN', 'I-2610', NULL, NULL, 4, 6, 1, 1, 1, 2, '2000-07-03', 'PEMALANG', '1974-04-24', 1, '', '', 'PERUM EKAMAS BLOK B.5/3 RT.05/05 DS.', 'PANGULAH UTARA KEC.KOTABARU KARAWANG', 1, 9, 83, 6),
(404, 'MAMAN RUKMANA', 'I-2611', NULL, NULL, 4, 6, 1, 1, 1, 1, '2000-07-03', 'KARAWANG', '1972-06-12', 1, '', 'B', 'KP.PASIRPOGOR DS.KIARAPAYUNG RT.12/05', 'KEC.KLARI KARAWANG 41371', 1, 9, 83, 6),
(405, 'MISTER SIMBOLON', 'V-2632 BK', NULL, NULL, 3, 2, 3, 1, 1, 3, '2000-12-01', 'P.SIANTAR', '1965-04-14', 2, '', 'B', 'KOMP TYTYAN KENCANA OO2/21 RT.011/04', 'KEK.MARGA MULYA BEKASI UTARA', 1, 9, 83, 6),
(406, 'SUDARSAN', 'II-2749', NULL, NULL, 44, 5, 1, 1, 1, 3, '2001-04-01', 'MEDAN', '1974-09-16', 4, '', '', 'PERUM ADIARSA JL.CILIWUNG I NO.143', 'KEL.ADIARSA BARAT - KARAWANG 41313', 1, 9, 83, 6),
(407, 'AHMAD SAYUTI', 'I-2697', NULL, NULL, 19, 6, 1, 1, 1, 3, '2001-07-02', 'KARAWANG', '1982-03-10', 1, '', '', 'KP.KUTASARI RT.02/06 DS.KUTAPOHACI KEC.', 'CIAMPEL KARAWANG 41361', 1, 9, 83, 6),
(408, 'DWI LAKSONO PAMBUDI', 'III-2656', NULL, NULL, 44, 4, 1, 1, 1, 0, '2001-07-09', 'PURWOKERTO', '1975-01-20', 1, '', '', 'PERUM DELTA KONDANG INDAH BLOK A2/12', 'KLARI KARAWANG', 1, 9, 83, 6),
(409, 'LINA HEROWATI', 'II-2660', NULL, NULL, 3, 5, 1, 2, 2, 0, '2001-07-16', 'PEMALANG', '1977-08-16', 1, '', '', 'PERUM JOMIN ESTATE BLOK.B2/33 RT.06/09', 'DS.JOMIN BARAT KEC.KOTABARU KARAWANG', 1, 9, 83, 6),
(410, 'UBAEDILLAH', 'I-2707', NULL, NULL, 17, 6, 1, 1, 1, 2, '2001-08-27', 'KARAWANG', '1980-08-18', 1, '', '', 'KP.SUKAWARIS DS.CIBERES', 'KEC.PATOK BEUSI SUBANG', 1, 9, 83, 6),
(411, 'OSIN SUNARYA', 'I-2702', NULL, NULL, 25, 6, 1, 1, 1, 2, '2001-09-05', 'KARAWANG', '1981-08-04', 1, '', '', 'DSN.PASIR POGOR RT.11/05 DS.KIARAPAYUNG', 'KEC.KLARI KARAWANG 41371', 1, 9, 83, 6),
(412, 'AJAT RANTA ZATNIKA', 'II-2703', NULL, NULL, 25, 5, 1, 1, 1, 1, '2001-09-05', 'KARAWANG', '1979-07-13', 1, '', '', 'KP.RAWAWUNGU DS.KIARA PAYUNG KLARI', 'KARAWANG', 1, 9, 83, 6),
(413, 'GUMILAR', 'I-2704', NULL, NULL, 17, 6, 1, 1, 1, 2, '2001-09-05', 'KARAWANG', '1978-12-11', 1, '', 'O', 'DSN.TEGALWARU RT.05/02 KEC.CILAMAYA', 'WETAN KAB.KARAWANG 41384', 1, 9, 83, 6),
(414, 'HADI SUKATNO', 'III-2750', NULL, NULL, 44, 4, 1, 1, 1, 2, '2001-09-17', 'KEBUMEN', '1967-09-28', 1, '', 'O', 'KP.PEDAENGAN NO.70 RT.01/08 CAKUNG', 'JAKARTA TIMUR', 1, 9, 83, 6),
(415, 'HERI WIDIANTO', 'II-2677', NULL, NULL, 27, 5, 1, 1, 1, 2, '2001-10-16', 'BANDUNG', '1981-01-25', 1, '', 'AB', 'DSN.KAWALI RT.02/04 DS.PANCAWATI KEC.', 'KLARI KARAWANG 41371', 1, 9, 83, 6),
(416, 'MULYADI', 'I-2716', NULL, NULL, 17, 6, 1, 1, 1, 3, '2001-12-10', 'KARAWANG', '1982-10-05', 1, '', 'O', 'JL.CITARUM KRAJA RT.04/10 KEL.ADIARSA', 'BARAT KAC.KARAWANG BARAT 41313', 1, 9, 83, 6),
(417, 'ARWINDAN', 'III-2691', NULL, NULL, 36, 4, 1, 1, 1, 1, '2002-05-20', 'MEDAN', '1978-02-01', 4, '', '', 'JL.MARDANI RAYA GG.DAHLAN NO.26 RT.04/10', 'CEMPAKA PUTIH BARAT JAKARTA PUSAT', 1, 9, 83, 6),
(418, 'WIWID SUPRIYADI', 'I-2729', NULL, NULL, 24, 6, 1, 1, 1, 3, '2002-10-03', 'TANGERANG', '1981-06-30', 1, '', 'A', 'DS.KRAJAN 02 RT.02/06 KEL.JATIWANGI', 'KEC.JATISARI KARAWANG', 1, 9, 83, 6),
(419, 'ENGKUS KUSAERI', 'I-2730', NULL, NULL, 17, 6, 1, 1, 1, 2, '2002-10-03', 'KARAWANG', '1981-08-27', 1, '', '', 'DSN.KALIJERUK RT.1604 DS.DARAWOLONG KEC.', 'PURWASARI KARAWANG', 1, 9, 83, 6),
(420, 'NOFRIWALDI', 'I-2731', NULL, NULL, 24, 6, 1, 1, 1, 2, '2002-10-03', 'PADANG PANJANG', '1983-11-05', 1, '', '', 'PERUM BUMI JAYA INDAH', 'BLOK.Q/21 PURWAKARTA', 1, 9, 83, 6),
(421, 'BASTIAN NAIBAHO', 'II-2719', NULL, NULL, 10, 5, 1, 1, 1, 3, '2002-12-16', 'MEDAN', '1972-09-30', 2, '', 'B', 'PANORAMA INDAH  3/04 RT.48/12 KEL.MUNJUL', 'JAYA PURWAKARTA', 1, 9, 83, 6),
(422, 'KOSAERI', 'II-2740', NULL, NULL, 8, 5, 1, 1, 1, 2, '2003-02-17', 'PURWAKARTA', '1982-05-12', 1, '', '', 'KP.CISANTRI RT.003/001 DS.CILANDAK KEC.', 'CIBATU PURWAKARTA', 1, 9, 83, 6),
(423, 'TAJUDIN NOOR', 'III-2726', NULL, NULL, 44, 4, 1, 1, 1, 3, '2003-07-01', 'BEKASI', '1973-04-08', 1, '', '', 'KP.BOJONG NO.40 RT.01/03 KEL.BOJONGSARI', 'KEDUNGWARINGIN BEKASI', 1, 9, 83, 6),
(424, 'RINA MULIAWATI', 'II-2747', NULL, NULL, 45, 5, 1, 2, 2, 0, '2004-04-22', 'SUMEDANG', '1973-01-31', 1, '', 'A', 'PERUM DIAN ANYAR BLOK.H2/15 RT.02/12', 'KEL.CISEUREUH PURWAKARTA', 1, 9, 83, 6),
(425, 'DESSY ANDRIYANI', 'II-2754', NULL, NULL, 47, 5, 1, 2, 2, 0, '2004-05-24', 'BANDUNG', '1975-01-29', 1, '', '', 'JL.A.YANI GG.PEMUDA NO.877 RT.016 RW.005', 'SUKARATA KEL.CIPAISAN PURWAKARTA 41113', 1, 9, 83, 6),
(426, 'DEDI JUNAEDI', 'I-2756', NULL, NULL, 48, 6, 1, 1, 1, 2, '2004-06-01', 'KARAWANG', '1975-04-16', 1, '', '', 'CIKALONG 1 RT.04/01 DS.CIKALONGSARI', 'KEC.JATISARI KARAWANG 41374', 1, 9, 83, 6),
(427, 'ASEP MULYANA', 'I-2804', NULL, NULL, 41, 6, 1, 1, 1, 2, '2004-06-01', 'KARAWANG', '1983-04-13', 1, '', '', 'KP.LAMPING RT.01/01 DS.KERTASARI', 'KARAWANG 41362', 1, 9, 83, 6),
(428, 'ASEP SUHERMAN', 'I-2807', NULL, NULL, 9, 6, 1, 1, 1, 2, '2004-06-10', 'PURWAKARTA', '1978-09-20', 1, '', '', 'KP.CIGEDOGAN RT.019/010 KEL.SINDANGKASIH', 'PURWAKARTA', 1, 9, 83, 6),
(429, 'HERI YANA', 'I-2764', NULL, NULL, 20, 6, 1, 1, 1, 1, '2004-06-16', 'CIAMIS', '1985-12-17', 1, '', '', 'PESONA GRIYA ASRI I NO.1 RT.007/011', 'KEC.CISEUREUH PURWAKARTA', 1, 9, 83, 6),
(430, 'DAMIN', 'II-2773', NULL, NULL, 2, 5, 1, 1, 1, 2, '2004-08-24', 'KARAWANG', '1984-05-08', 1, '', '', 'DUSUN II RANGGON RT.02/03 DS.SARIJAYA', 'KEC.MAJALAYA KARAWANG 41351', 1, 9, 83, 6),
(431, 'TONI SETIAWAN', 'I-2774', NULL, NULL, 5, 6, 1, 1, 1, 2, '2004-08-24', 'TANGERANG', '1985-02-18', 1, '', 'B', 'PERUM REGENCY JL.INTAN X NO.8 RT.03/12', 'DS.CIKAMPEK UTARA-KOTABARU KARAWANG', 1, 9, 83, 6),
(432, 'DENI SUGIAR', 'I-2777', NULL, NULL, 17, 6, 1, 1, 1, 3, '2004-09-01', 'KARAWANG', '1977-01-25', 1, '', '', 'JL.MANGGIS DALAM GURO I RT.03/23 KEL.', 'NAGASARI KARAWANG 41312', 1, 9, 83, 6),
(433, 'SUMANTO', 'V-2772', NULL, NULL, 32, 2, 1, 1, 1, 2, '2004-09-01', 'NGAWI', '1973-05-20', 1, '', 'O', 'PERUM GRIYA CITRA PERSADA BLOK.R/4 RT.04', '/10 DAWUAN TIMUR CIKAMPEK KARAWANG', 1, 9, 83, 6),
(434, 'WARTONO', 'I-2794', NULL, NULL, 27, 6, 1, 1, 1, 1, '2004-10-11', 'KARAWANG', '1985-07-04', 1, '', '', 'DSN.BABAKAN ER.10/04 DS.', 'KIARA PAYUNG KARAWANG', 1, 9, 83, 6),
(435, 'UDIN SAMSUDIN', 'I-2795', NULL, NULL, 27, 6, 1, 1, 1, 2, '2004-10-11', 'KARAWANG', '1984-05-12', 1, '', 'A', 'DSN.CIGEMPOL RT.01/02 KU', 'TAMEKAR CIAMPEL KARAWANG', 1, 9, 83, 6),
(436, 'SAPARUDIN', 'I-2797', NULL, NULL, 19, 6, 1, 1, 1, 2, '2004-10-11', 'SUKOHARJO', '1985-10-31', 1, '', '', 'KP.ALHIDAYAH RT.001/002 DS.WALUYA', 'CIKARANG UTARA BEKASI 17550', 1, 9, 83, 6),
(437, 'AGUS SANTOSO', 'II-2800', NULL, NULL, 9, 5, 1, 1, 1, 3, '2004-10-11', 'WONOGIRI', '1985-04-13', 1, '', '', 'DSN KRAJAN II RT.10/02 DS.CIBALONGSARI', 'KEC.KLARI KARAWANG 41371', 1, 9, 83, 6),
(438, 'SUSENO', 'I-2812', NULL, NULL, 17, 6, 1, 1, 2, 0, '2004-10-16', 'BIMA', '1983-01-11', 1, '', 'B', 'DS.KIARA PAYUNG KEC.KLARI', 'RT.04/02 KARAWANG 41371', 1, 9, 83, 6),
(439, 'MARGO WIYONO', 'II-2817', NULL, NULL, 8, 5, 1, 1, 1, 2, '2004-10-26', 'BANDUNG', '1983-12-30', 1, '', 'B', 'JL.SINDANG SARI II RT.002/014 ANTAPANI', 'BANDUNG 40291', 1, 9, 83, 6),
(440, 'SYARIF HIDAYAT', 'I-2818', NULL, NULL, 8, 6, 1, 1, 1, 1, '2004-10-26', 'KARAWANG', '1985-07-15', 1, '', 'A', 'DSN.KOSAMBI I NO.21 RT.02/08 DS.DUREN', 'KEC.KLARI KARAWANG 41371', 1, 9, 83, 6),
(441, 'YAN FAUZI YANIS', 'III-2815', NULL, NULL, 17, 4, 1, 1, 1, 0, '2004-10-26', 'LANGSA', '1972-01-17', 1, '', 'B', 'BUMI CIKAMPEK BARU BLOK.3.3/23 RT.03/08', 'DS.BALONGGANDU KEC.JATISARI KARAWANG', 1, 9, 83, 6),
(442, 'GALIH AKBAR', 'I-2828', NULL, NULL, 25, 6, 1, 1, 1, 2, '2004-12-16', 'JAKARTA', '1986-03-13', 1, '', 'A', 'PERUM VILLA INDAH PESONA BLOK.C7/8A', 'RT.06/15 CIKAMPEK BARAT KARAWANG 41373', 1, 9, 83, 6),
(443, 'MARYANTO', 'I-2831', NULL, NULL, 14, 6, 1, 1, 2, 0, '2005-01-18', 'YOGYAKARTA', '1982-12-09', 1, '', 'A', 'PERUM KARABA INDAH RT.01/09 TELUKJAMBE', 'KARAWANG', 1, 9, 83, 6),
(444, 'MUANDALI', 'II-2832', NULL, NULL, 14, 5, 1, 1, 1, 2, '2005-01-18', 'INDRAMAYU', '1981-10-31', 1, '', 'O', 'GG.MASJID JAMIE AL MUSLIM RT.03 RW.01', 'DSN.KRAJAN DS.KLARI KARAWANG 41371', 1, 9, 83, 6),
(445, 'AEP SAEPUDIN', 'I-2841', NULL, NULL, 17, 6, 1, 1, 1, 1, '2005-04-25', 'BANDUNG', '1986-09-15', 1, '', 'A', 'JL.CISARANTEN KULON DSN.RANCAKASUMBA/60', 'RT.01/07 ARCAMANIK BANDUNG', 1, 9, 83, 6),
(446, 'AEP SAEPULLOH', 'I-2844', NULL, NULL, 20, 6, 1, 1, 1, 2, '2005-05-03', 'BANDUNG', '1983-07-26', 1, '', 'O', 'PURI LILI ASRI II BLOK F NO.07', 'DS.PURWASARI KAB.KARAWANG', 1, 9, 83, 6),
(447, 'NURDIANTO', 'I-2849', NULL, NULL, 27, 6, 1, 1, 1, 2, '2005-05-04', 'PEMALANG', '1985-12-04', 1, '', '', 'PERUM EKAMAS BLOK AJ.3 RT.03/04 PANGULAH', 'UTARA KOTABARU - KARAWANG', 1, 9, 83, 6),
(448, 'DEDI KAMALUDIN', 'I-2850', NULL, NULL, 27, 6, 1, 1, 1, 1, '2005-05-04', 'SUBANG', '1975-05-22', 1, '', 'O', 'PERUM GRAND PERMATA BLOK E5/20 RT.06/19', 'KEC.PALUMBON SARI KARAWANG', 1, 9, 83, 6),
(449, 'NENDEN MILAWATI', 'IV-2852', NULL, NULL, 45, 3, 1, 2, 2, 0, '2005-06-06', 'BANDUNG', '1974-06-04', 1, '', 'O', 'JL.INTAN IV NO.15 REGENCY RT.01/12 DS.', 'CIKAMPEK UTARA-KOTABARU KARAWANG', 1, 9, 83, 6),
(450, 'MOCHAMAD JAMIL', 'II-2853', NULL, NULL, 3, 5, 1, 1, 1, 2, '2005-07-19', 'PEMALANG', '1968-07-12', 1, '', 'B', 'GRIYA PANORAMA INDAH F.3/10 RT.03/11 DS.', 'PURWASARI KEC.PURWASARI KARAWAWNG', 1, 9, 83, 6),
(451, 'MUHAMAD GUNTUR', 'I-2864', NULL, NULL, 14, 6, 1, 1, 1, 1, '2005-10-11', 'KARAWANG', '1985-10-20', 1, '', 'O', 'DSN.CILOGO RT.02/01 DS.MEDANGASEM KEL.JA', 'YAKERTA KARAWANG 41352', 1, 9, 83, 6),
(452, 'RATNO SUPRIATNA', 'I-2868', NULL, NULL, 25, 6, 1, 1, 1, 1, '2005-11-16', 'KARAWANG', '1975-01-31', 1, '', 'O', 'DSN.KRAJAN RT.01/05 DS.KUTAPOHACI', 'KEC.CIAMPEL KARAWANG 41361', 1, 9, 83, 6),
(453, 'APRI RANUDI', 'I-2869', NULL, NULL, 17, 6, 1, 1, 1, 2, '2005-12-05', 'JAKARTA', '1987-04-22', 1, '', 'B', 'KP.SUKAMULYA RT.01/06 DS.JOMIN BARAT', 'KEC.KOTABARU KARAWANG', 1, 9, 83, 6),
(454, 'DEDE HIDAYAT', 'I-2884', NULL, NULL, 24, 6, 1, 1, 1, 3, '2006-01-02', 'KARAWANG', '1982-04-20', 1, '', 'O', 'JL.RAWAMERTA RT.02/03 DS.SARIJAYA KEC.', 'MAJALAYA KARAWANG 41351', 1, 9, 83, 6),
(455, 'JAINAL FIRMANSYAH', 'I-2874', NULL, NULL, 17, 6, 1, 1, 1, 3, '2005-12-16', 'BANDUNG', '1987-06-26', 1, '', 'AB', 'CISARANTEN KULON KP.SUMBERSARI RT.01/08', 'BANDUNG', 1, 9, 83, 6),
(456, 'KRISTIANA', 'I-2876', NULL, NULL, 14, 6, 1, 1, 2, 0, '2005-12-16', 'BANDUNG', '1986-12-24', 1, '', 'A', 'KP.CIHIDEUNG RT.01/08 DS.CIHIDEUNG KEC.', 'PARONGPONG BANDUNG 40559', 1, 9, 83, 6),
(457, 'TRI WIDODO', 'I-2881', NULL, NULL, 39, 6, 1, 1, 1, 2, '2005-12-16', 'KARAWANG', '1984-12-03', 1, '', 'O', 'PERUM DE GRIYA BLOK C6/31 RT.014/010', 'CIBALONGSARI KLARI KARAWANG 41371', 1, 9, 83, 6),
(458, 'TARSA SUARSA', 'I-2886', NULL, NULL, 24, 6, 1, 1, 1, 2, '2006-01-16', 'KARAWANG', '1980-11-28', 1, '', 'A', 'DSN.PASIR POGOR DS.KIARAPAYUNG KEC.KLARI', 'KARAWANG', 1, 9, 83, 6),
(459, 'HARIANTO', 'I-2887', NULL, NULL, 24, 6, 1, 1, 1, 0, '2006-01-16', 'BLITAR', '1987-09-01', 1, '', 'O', 'PERUM KLARI INDAH PERMATA BLOK K10 NO.11', 'KEC.KLARI KARAWANG', 1, 9, 83, 6),
(460, 'HERMAN MANURUNG', 'I-2889', NULL, NULL, 24, 6, 1, 1, 1, 1, '2006-01-16', 'SUNGAI SIGODANG', '1984-08-21', 2, '', '', 'CITRA KEBUN MAS BLOK F/25 RT.38/08 DS.', 'BENGLE KEC.MAJALAYA KAB.KARAWANG', 1, 9, 83, 6),
(461, 'KOKO HERMAWAN', 'I-2891', NULL, NULL, 24, 6, 1, 1, 1, 3, '2006-01-16', 'CILACAP', '1982-03-31', 1, '', '', 'DSN.KRAJAN DS.KIARA PAYUNG KEC.KLARI', 'KARAWANG', 1, 9, 83, 6),
(462, 'NIZAL RENDRA HERYANDI', 'I-2892', NULL, NULL, 20, 6, 1, 1, 1, 3, '2006-01-16', 'BANDUNG', '1987-05-14', 1, '', 'B', 'PERUM EKAMAS AK.03 RT.03/04 DS.PANGULAH', 'UTARA KOTABARU KARAWANG', 1, 9, 83, 6),
(463, 'UTENG MOHAN', 'I-2895', NULL, NULL, 5, 6, 1, 1, 1, 2, '2006-02-06', 'KARAWANG', '1970-09-19', 1, '', '', 'KP.SUKAJADI RT.01/05 DS.CIKAMPEK BARAT', 'KEC.CIKAMPEK KARAWANG 41373', 1, 9, 83, 6),
(464, 'KRUS DIANA WATI', 'II-2894', NULL, NULL, 36, 5, 1, 2, 2, 0, '2006-02-01', 'BREBES', '1982-08-15', 1, '', 'B', 'KONDANG JAYA RT.01 RW.01', 'KLARI KARAWANG', 1, 9, 83, 6),
(465, 'IDA KRISTIANA', 'II-2904', NULL, NULL, 15, 5, 1, 2, 2, 0, '2006-05-16', 'KENDAL', '1981-10-16', 1, '', 'B', 'PERUM PERMATA REGENCY JL.INTAN 6 NO.22', 'CIKAMPEK UTARA-KOTABARU KARAWANG', 1, 9, 83, 6),
(466, 'HENDI', 'I-2908', NULL, NULL, 4, 6, 1, 1, 1, 3, '1999-08-18', 'KARAWANG', '1971-07-09', 1, '', '', 'KP.LINGGARSARI RT.04/02 DS.LINGGARSARI', 'KEC.TELAGASARI KARAWANG 41381', 1, 9, 83, 6),
(467, 'ZAENAL ARIFIN', 'I-2909', NULL, NULL, 4, 6, 1, 1, 1, 3, '1999-10-11', 'KARAWANG', '1979-06-21', 1, '', 'O', 'PERUM BUMI CIKAMPEK BARU BLOK Z4/16', 'DS.BALONGGANDU KEC.JATISARI KARAWANG', 1, 9, 83, 6),
(468, 'UTANG TARYANA', 'I-2911', NULL, NULL, 4, 6, 1, 1, 1, 3, '1995-06-15', 'BANDUNG', '1973-08-13', 1, '', '', 'DSN.DUREN RT.12/04 KEC.KLARI', 'KARAWANG 41371', 1, 9, 83, 6),
(469, 'FAJAR KUSPRIYANTO', 'I-2912', NULL, NULL, 4, 6, 1, 1, 1, 2, '1996-06-22', 'YOGYAKARTA', '1971-10-10', 1, '', 'A', 'GRIYA PANORAMA INDAH B2 NO.10 RT.01/10', 'DS.PURWASARI KEC.PURWASARI KARAWANG', 1, 9, 83, 6),
(470, 'HOTMARTUA SIRAIT', 'IV-2919', NULL, NULL, 44, 3, 1, 1, 1, 3, '2001-07-16', 'SIBOLGA', '1976-03-02', 2, '', 'O', 'JL.PERSATUAN NO.31 RT.008/00 KEL.KELAPA', 'DUA WETAN KEC.CIRACAS JAKARTA 13730', 1, 9, 83, 6),
(471, 'ITO SUGIANTO', 'I-2922', NULL, NULL, 14, 6, 1, 1, 1, 1, '2006-11-02', 'KARAWANG', '1985-06-10', 1, '', '', 'KP.PASIRPOGOR DS.KIARA PAYUNG RT.11/05', 'KEC.KLARI KAB.KARAWANG', 1, 9, 83, 6),
(472, 'INDRA AGUSFIAN', 'I-2923', NULL, NULL, 14, 6, 1, 1, 1, 1, '2006-11-02', 'KARAWANG', '1983-07-16', 1, '', 'O', 'KRAJAN III DS.TENGAH SAWAH RT.01 RW.03', 'KARAWANG TIMUR', 1, 9, 83, 6),
(473, 'ENGKUS KUSNADI', 'I-2929', NULL, NULL, 24, 6, 1, 1, 1, 2, '2007-01-16', 'KARAWANG', '1986-07-05', 1, '', '', 'DSN.RAWAWUNGU RT.05/02 DS.KIARAPAYUNG', 'KEC.KLARI KARAWANG 41371', 1, 9, 83, 6),
(474, 'DEVITA RIENI', 'II-2906', NULL, NULL, 36, 5, 1, 2, 2, 0, '2006-03-16', 'KOTABUMI', '1981-04-01', 1, '', 'B', 'PERUM CITRA KEBUNMAS BLOK L2/70 RT.44/13', 'DS.BENGLE KEC.MAJALAYA KARAWANG', 1, 9, 83, 6),
(475, 'SUNYARMAN', 'I-2930', NULL, NULL, 2, 6, 1, 1, 1, 2, '2007-01-29', 'BANYUMAS', '1968-01-16', 1, '', 'B', 'DSN.CIREJAG I RT.01/03 CIBALONGSARI', 'KEC.KLARI KARAWANG 41371', 1, 9, 83, 6),
(476, 'MUHAMAD SADLI BACHDAR', 'III-2931', NULL, NULL, 44, 4, 1, 1, 1, 3, '2007-02-16', 'BANDUNG', '1977-04-29', 1, '', 'O', 'PERUMNAS PERMATA BUMI TELUKJAMBE BLOK MC', '23A RT.01/18 DS.SUKALUYU KARAWANG', 1, 9, 83, 6),
(477, 'AYU YUNENGSIH', 'I-2932', NULL, NULL, 49, 6, 1, 2, 2, 0, '2007-03-01', 'PURWAKARTA', '1979-06-12', 1, '', 'B', 'DS.CIBUNGUR RT.13/04 NO.9', 'KEC.BUNGURSARI PURWAKARTA', 1, 9, 83, 6),
(478, 'TARSIDI', 'I-2934', NULL, NULL, 9, 6, 1, 1, 1, 1, '2007-04-09', 'SUBANG', '1973-06-27', 1, '', '', 'DSN.KOSAMBI II RT.27/08 DS.DUREN KEC.', 'KLARI KARAWANG 41371', 1, 9, 83, 6),
(479, 'MUJAHIDIN', 'II-2937', NULL, NULL, 48, 5, 1, 1, 1, 2, '2007-06-05', 'PEMALANG', '1969-08-16', 1, '', '', 'PERUM GRIYA CITRA PERSADA BLOK.L RT.02/', '10 DS.DAWUAN TIMUR KARAWANG 41373', 1, 9, 83, 6),
(480, 'ASEP AAM MAHMUD HAMDANI', 'II-2938', NULL, NULL, 24, 5, 1, 1, 1, 1, '2007-06-11', 'GARUT', '1975-03-31', 1, '', 'B', 'DUSUN II KP.KEBON KALAPA RT.08/04', 'DS.KUTAPOHACI KEC.CIAMPEL KARAWANG', 1, 9, 83, 6),
(481, 'PODIMAN', 'I-2939', NULL, NULL, 2, 6, 1, 1, 1, 3, '2007-06-11', 'KARAWANG', '1970-06-08', 1, '', 'A', 'DSN.BABAKAN TAMBUN RT.02/07, PUCUNG', 'KOTABARU CIKAMPEK,KARAWANG', 1, 9, 83, 6),
(482, 'LEINA VIRGINIA', 'II-2962', NULL, NULL, 50, 5, 1, 2, 2, 0, '2006-08-06', 'BANDUNG', '1981-08-26', 2, '', '', 'JL.SUKARAJIN II GG.SASTRADIHARJO III/3A', 'BANDUNG', 1, 9, 83, 6),
(483, 'AGUS BUDI UNTORO', 'II-3005', NULL, NULL, 3, 5, 1, 1, 1, 2, '1988-01-06', 'BATANG', '1967-01-16', 1, '', 'B', 'PERUM GRIYA CITRA PERSADA T/01 RT.05/10', 'DS.DAWUAN TIMUR KEC.CIKAMPEK KARAWANG', 1, 9, 83, 6),
(484, 'DAYAT RUSYADI', 'I-2965', NULL, NULL, 6, 6, 1, 1, 1, 2, '1994-04-28', 'KARAWANG', '1969-09-24', 1, '', 'O', 'DSN.RAWAWUNGU RT.04/02 DS.KIARAPAYUNG', 'KEC.KLARI KARAWANG 41371', 1, 9, 83, 6),
(485, 'MURSALIN', 'II-2968', NULL, NULL, 6, 5, 1, 1, 1, 4, '1994-07-20', 'KARAWANG', '1969-05-23', 1, '', 'A', 'GRIYA PESONA ASRI A.13/09 RT.64/18 DS.', 'DUREN KEC.KLARI KARAWANG 41371', 1, 9, 83, 6),
(486, 'MUHTAR', 'I-2975', NULL, NULL, 6, 6, 1, 1, 1, 4, '1995-08-21', 'JAKARTA', '1969-04-13', 1, '', '', 'DSN.WARUDOYONG SLT RT.45/10 DS.RENGAS', 'DENGKLOK SLT RENGASDENGKLOK 41352', 1, 9, 83, 6),
(487, 'ROSIDI SETIAWAN', 'I-2980', NULL, NULL, 25, 6, 1, 1, 1, 2, '1996-03-18', 'KARAWANG', '1974-02-11', 1, '', 'AB', 'DSN.PASIRPOGOR RT.11/05 DS.KIARAPAYUNG', 'KEC.KLARI KARAWANG 41371', 1, 9, 83, 6),
(488, 'ANAN JAENUDIN', 'I-2984', NULL, NULL, 25, 6, 1, 1, 1, 3, '1996-06-03', 'KARAWANG', '1969-12-05', 1, '', '', 'BUBULAK RT.05/08 KEL.TANJUNGPURA KEC.', 'KARAWANG BARAT KARAWANG 41316', 1, 9, 83, 6),
(489, 'ANANG SUKARDI', 'I-2986', NULL, NULL, 6, 6, 1, 1, 1, 2, '1996-09-02', 'KARAWANG', '1973-10-10', 1, '', 'O', 'DSN.RAWAWUNGU RT.04/02 DS.KIARAPAYUNG', 'KEC.KLARI KARAWANG 41371', 1, 9, 83, 6),
(490, 'MADHARI', 'I-2988', NULL, NULL, 6, 6, 1, 1, 1, 3, '1997-01-14', 'KUNINGAN', '1968-07-15', 1, '', 'B', 'ANJUN KARANGANYAR RT.12/13 KEL.KARAWANG', 'KULON KEC.KARAWANG BARAT-KARAWANG 41311', 1, 9, 83, 6),
(491, 'YANI', 'I-2989', NULL, NULL, 6, 6, 1, 1, 1, 3, '1997-02-25', 'GARUT', '1972-05-05', 1, '', '', 'DSN.SAUYUNAN JATIRASA BARAT RT.02/04 KEL', 'KARANG PAWITAN KARAWANG', 1, 9, 83, 6),
(492, 'NARDI BIN SARTA', 'I-2995', NULL, NULL, 30, 6, 1, 1, 1, 3, '2001-09-16', 'KARAWANG', '1967-09-11', 1, '', '', 'KP.DAPUR ARENG RT.01/02 DS.CENGKONG KEC.', 'PURWASARI KARAWANG', 1, 9, 83, 6),
(493, 'VIYANDRA MAHARDONO', 'II-3017', NULL, NULL, 20, 5, 1, 1, 1, 2, '2007-11-12', 'CILACAP', '1978-04-08', 1, '', 'B', 'JL.SANGGA BUANA NO.1 A RT.01/13', 'KEL.KARANGPAWITAN KARAWANG 41315', 1, 9, 83, 6),
(494, 'AIF TAUFIK MAULIDIN', 'I-3023', NULL, NULL, 20, 6, 1, 1, 1, 3, '2008-01-02', 'KARAWANG', '1975-04-08', 1, '', 'O', 'PERUM BMI BLOK.B4/14 DESA.DAWUAN TENGAH', 'KEC.CIKAMPEK KARAWANG 41373', 1, 9, 83, 6),
(495, 'MUHAMMAD HABIB MUHANNY', 'I-3031', NULL, NULL, 17, 6, 1, 1, 1, 1, '2009-02-01', 'BREBES', '1986-11-11', 1, '', 'A', 'PERUM BUMI CIKAMPEK BARU BLOK 44 NO.24', 'KEL.BALONGGANDU KEC.JATISARI', 1, 9, 83, 6),
(496, 'AGUS HARIYANTO', 'I-3034', NULL, NULL, 17, 6, 1, 1, 2, 0, '2009-02-01', 'MADIUN', '1970-12-09', 1, '', 'O', 'GRIYA MUKTI E.22 RT.20/06 DS.CIWARENG', 'KEC.BABAKAN CIKAO PURWAKARTA', 1, 9, 83, 6),
(497, 'AHMAD SYARIFUDIN', 'I-3036', NULL, NULL, 18, 6, 1, 1, 1, 1, '2009-02-01', 'WONOSOBO', '1987-12-24', 1, '', 'B', 'DS.GUNUNG TAWANG RT.01/01 KEC.SELOMERTO', 'WONOSOBO', 1, 9, 83, 6),
(498, 'ERNY DAMAYANTI', 'I-3037', NULL, NULL, 35, 6, 1, 2, 2, 0, '2009-02-01', 'SEMARANG', '1987-10-26', 1, '', 'A', 'KP.CISELANG RT.03/10', 'CIKAMPEK UTARA - KOTABARU - KARAWANG', 1, 9, 83, 6),
(499, 'NURSABAN RAMDAN', 'I-3039', NULL, NULL, 17, 6, 1, 1, 1, 3, '2009-03-03', 'KARAWANG', '1990-03-27', 1, '', '', 'DSN.JATI INDAH RT.04/10 CIKAMPEK KOTA', 'KARAWANG 41373', 1, 9, 83, 6),
(500, 'IMAN PADIMAN', 'I-3040', NULL, NULL, 17, 6, 1, 1, 1, 2, '2009-06-01', 'TASIKMALAYA', '1986-11-20', 1, '', '', 'DSN.KRAJAN KIARA PAYUNG RT.03/01 KEC.', 'KARAWANG TIMUR 41371', 1, 9, 83, 6),
(501, 'OMAN ROHMAN', 'I-3041', NULL, NULL, 17, 6, 1, 1, 1, 2, '2008-06-02', 'KARAWANG', '1979-08-06', 1, '', 'B', 'PERUM GUNA PERMAI BLOK C3/12A RT.03/06', 'DS.CIBALONGSARI KEC.KLARI KARAWANG', 1, 9, 83, 6),
(502, 'WIDYA ENDRARTI', 'II-3048', NULL, NULL, 47, 5, 1, 2, 2, 0, '2008-07-09', 'JAKARTA', '1975-05-19', 1, '', 'AB', 'JL.P.TEMIANG II NO.18 RT.012/003', 'KELAPAGADING BARAT JAKARTA UTARA 14240', 1, 9, 83, 6),
(503, 'SUSILO', 'II-3047', NULL, NULL, 17, 5, 1, 1, 1, 2, '2008-07-02', 'CILACAP', '1972-10-31', 1, '', '', 'GRIYA CITRA PERSADA RT.03/10 DS.DAWUAN', 'TIMUR KEC.CIKAMPEK KARAWANG 41373', 1, 9, 83, 6),
(504, 'SALIMIN', 'II-3049', NULL, NULL, 17, 5, 1, 1, 1, 2, '2008-07-14', 'CILACAP', '1970-12-01', 1, '', 'A', 'PERUM GUNA PERMAI RT.01/06 CIBALONGSARI', 'KEC.KLARI KARAWANG', 1, 9, 83, 6),
(505, 'DIDIN WAHYUDIN', 'II-3051', NULL, NULL, 17, 5, 1, 1, 1, 3, '2008-08-01', 'CIREBON', '1978-07-21', 1, '', 'O', 'DSN.KARANGANYAR DS.KUTAKARYA RT.14/04', 'KEC.KUTAWALUYA KARAWANG 41358', 1, 9, 83, 6),
(506, 'SAMSU ROMLI', 'II-3052', NULL, NULL, 17, 5, 1, 1, 1, 1, '2008-08-01', 'SUKABUMI', '1984-04-20', 1, '', 'B', 'JL.HOS COKROAMINOTO RT.003/003 DS.KALIJA', 'YA KEC.CIKARANG BARAT BEKASI 17520', 1, 9, 83, 6),
(507, 'ZELFA YENDRA', 'I-3055', NULL, NULL, 17, 6, 1, 1, 1, 1, '2008-08-07', 'PADANG', '1974-07-19', 1, '', 'B', 'PERUM BUMI ABDI NEGARA RT.002/020 BLOK.', 'F1/34 RANCAEKEK WETAN BANDUNG', 1, 9, 83, 6);
INSERT INTO `memployee` (`intIdEmployee`, `txtNameEmployee`, `txtNikEmployee`, `txtEmail`, `txtNomorWa`, `intIdDepartment`, `intIdJabatan`, `intTpk`, `intKpw`, `intKtk`, `intJumlahAnak`, `dtmTanggalMasuk`, `txtTempatLahir`, `dtmTanggalLahir`, `intIdAgama`, `txtSuku`, `txtGolonganDarah`, `txtAlamat1`, `txtAlamat2`, `intIdNegara`, `intIdProvinsi`, `intIdKota`, `intIdJenjangPendidikan`) VALUES
(508, 'NOVIA OKTAVIANI', 'I-3058', NULL, NULL, 18, 6, 1, 2, 2, 0, '2008-09-01', 'KARAWANG', '1990-11-24', 1, '', 'O', 'JL.PANGKAL PERJUANGAN GG.SAUYUNAN 4', 'RT.02/04 NO.4 KARAWANG 41315', 1, 9, 83, 6),
(509, 'HENDRA DHANY SISWANTO', 'I-3059', NULL, NULL, 18, 6, 1, 1, 1, 2, '2009-09-03', 'SEMARANG', '1988-05-21', 1, '', '', 'PERUM EKAMAS BLOK BH.02 RT.03/05', 'PANGULAH UTARA KOTABARU KARAWANG', 1, 9, 83, 6),
(510, 'ABDUL ROHIM', 'II-3056', NULL, NULL, 20, 5, 1, 1, 1, 2, '2008-09-01', 'CIMAHI', '1977-11-30', 1, '', 'B', 'KOMP.TAMAN PURI INDAH', 'JL.MELATI VI BLOK.D8/9 SERANG', 1, 9, 83, 6),
(511, 'ANDI MAULANA', 'I-3064', NULL, NULL, 41, 6, 1, 1, 1, 2, '2009-02-05', 'CIREBON', '1985-04-27', 1, '', 'O', 'JL KOTABARU PERUM EKAMAS', 'PANGULAH KOTABARU', 1, 9, 83, 6),
(512, 'CARWAN HERMAWAN', 'I-3123', NULL, NULL, 20, 6, 1, 1, 1, 2, '2010-05-01', 'KARAWANG', '1984-08-28', 1, '', 'A', 'GUNA PERMAI C-2/08 RT.03/06', 'KEL.CIBALONGSARI KEC.KLARI KARAWANG', 1, 9, 83, 6),
(513, 'MUHAMAD HAERUDIN', 'I-3124', NULL, NULL, 17, 6, 1, 1, 1, 1, '2010-05-01', 'TEGAL', '1989-11-26', 1, '', '', 'GG.NUSA INDAH 5 RT.05/01', 'NAGRI KALER PURWAKARTA', 1, 9, 83, 6),
(514, 'TATANG SUDRAJAT', 'I-3071', NULL, NULL, 17, 6, 1, 1, 1, 1, '2009-03-02', 'BANDUNG', '1972-03-30', 1, '', 'O', 'DSN.PASIR NANGKA RT.2/5 DS.CIPACING KEC.', 'JATINANGOR SUMEDANG 45363', 1, 9, 83, 6),
(515, 'ROBIH SUGARA', 'I-3072', NULL, NULL, 17, 6, 1, 1, 1, 3, '2009-03-02', 'BEKASI', '1980-07-08', 1, '', '', 'KP.SELANG CIRONGGENG RT.004/004 DS.WANA', 'JAYA CIBITUNG BEKASI', 1, 9, 83, 6),
(516, 'WIJI PRIYO PRATOMO', 'II-3073', NULL, NULL, 17, 5, 1, 1, 1, 3, '2009-03-02', 'BATANG', '1986-10-03', 1, '', '', 'PERUM CENGKONG PERSADA BLOK.C5/15', 'RT.03/06 DS.CENGKONG KAB.KARAWANG', 1, 9, 83, 6),
(517, 'LERI HIDAYAT', 'I-3086', NULL, NULL, 18, 6, 1, 1, 1, 1, '2009-09-01', 'CIAMIS', '1989-04-09', 1, '', '', 'PERUM PURI KOSAMBI BLOK CC/27 RT.52/17', 'KEL.DUREN KEC.KLARI KARAWANG', 1, 9, 83, 6),
(518, 'DEDI ISKANDAR', 'I-3080', NULL, NULL, 1, 6, 1, 1, 2, 0, '2009-07-13', 'KARAWANG', '1982-11-10', 1, '', '', 'KP.BABAKAN CENGKONG RT.01/03 DS.SUKASARI', 'KEC.PURWASARI KAB.KARAWANG', 1, 9, 83, 6),
(519, 'MISKHOM NUR PATONI', 'II-3134', NULL, NULL, 41, 5, 1, 1, 1, 1, '2010-07-06', 'KENDAL', '1989-10-12', 1, '', 'A', 'KOSAMBI II RT.31/09 DS.DUREN KEC.KLARI', 'KARAWANG 41371', 1, 9, 83, 6),
(520, 'PARSONO', 'II-3143', NULL, NULL, 14, 5, 1, 1, 1, 2, '2010-08-03', 'CILACAP', '1990-06-04', 1, '', '', 'PERUM CENGKONG PERSADA A.13/11 RT.01/05', 'DS.CENGKONG PURWASARI KARAWANG', 1, 9, 83, 6),
(521, 'SUWARMANTO', 'I-3144', NULL, NULL, 8, 6, 1, 1, 2, 0, '2010-08-03', 'GUNUNGKIDUL', '1985-04-07', 1, '', '', 'MANGGUL RT.03/11 DS.KARANGASEM KEC.PALI', 'YAN GUNUNGKIDUL', 1, 9, 83, 6),
(522, 'TAROM', 'I-3088', NULL, NULL, 50, 6, 1, 1, 1, 2, '2009-08-16', 'GARUT', '1974-08-14', 1, '', '', 'LINGKAR SELATAN KOPO PLAZA D.20/21 RT.', '009/010 KEL.SUKAASIH BANDUNG 40233', 1, 9, 83, 6),
(523, 'KHOLILUL RAHMAN', 'III-3089', NULL, NULL, 35, 4, 1, 1, 1, 3, '2010-01-19', 'KARAWANG', '1982-09-11', 1, '', '', 'PERUM DE GRIYA PESONA ASRI RT.12/10', 'DS.CIBALONGSARI KEC.KLARI KARAWANG', 1, 9, 83, 6),
(524, 'ABDUL ROJAK', 'I-3091', NULL, NULL, 17, 6, 1, 1, 1, 3, '2009-11-02', 'BEKASI', '1982-07-25', 1, '', '', 'KP.SRENGSENG RT.01/06 DS.SUKAMULYA', 'KEC.SUKATANI BEKASI 17630', 1, 9, 83, 6),
(525, 'SUGENG SETIADI', 'I-3153', NULL, NULL, 14, 6, 1, 1, 1, 1, '2010-11-02', 'BANYUMAS', '1991-06-08', 1, '', 'B', 'SUDIMARA RT.003/002 DS.SUDIMARA KEC.CILO', 'NGOK BANYUMAS 53162', 1, 9, 83, 6),
(526, 'GANJAR SURYA ATMAJA', 'II-3154', NULL, NULL, 14, 5, 1, 1, 1, 0, '2010-11-02', 'PURWAKARTA', '1985-08-30', 1, '', 'B', 'PONDOK JAYA INDAH RT.044/013 DS.MUNJUL', 'JAYA PURWAKARTA', 1, 9, 83, 6),
(527, 'FEBRIANSYAH', 'I-3151', NULL, NULL, 9, 6, 1, 1, 2, 0, '2010-11-02', 'KARAWANG', '1990-02-16', 1, '', '', 'KP.RAWABOLANG RT.03/04 DS.DAWUAN TENGAH', 'KEC.CIKAMPEK KARAWANG', 1, 9, 83, 6),
(528, 'ENDANG SUTISNA', 'I-3165', NULL, NULL, 14, 6, 1, 1, 1, 3, '2009-12-01', 'SUMEDANG', '1981-10-28', 1, '', 'O', 'KP.PANGUPUKAN RT.009/002 DS.MUNJUL JAYA', 'PURWAKARTA', 1, 9, 83, 6),
(529, 'SARDIM KOMARUDIN', 'I-3164', NULL, NULL, 14, 6, 1, 1, 1, 1, '2009-12-01', 'KARAWANG', '1980-04-05', 1, '', 'O', 'DSN.KARANG MULYA RT.02/01 DS.LEMAHMULYA', 'KEC.MAJALAYA - KARAWANG 41373', 1, 9, 83, 6),
(530, 'DEKY ZAHIRUDIN', 'I-3168', NULL, NULL, 18, 6, 1, 1, 1, 1, '2009-12-01', 'JAKARTA', '1991-01-02', 1, '', 'O', 'PERUM BUMI INDAH PESONA BLOK DA.2 NO.5', 'RT.06/014 CIKAMPEK BARAT KARAWANG', 1, 9, 83, 6),
(531, 'RIZKI ROBBY PURNAMA', 'I-3167', NULL, NULL, 18, 6, 1, 1, 1, 2, '2009-12-01', 'TANGERANG', '1987-03-09', 1, '', '', 'JL.BIDURI 8 NO.18 RT.02 REGENCY', 'CIKAMPEK UTARA KEC.KOTABARU KAB.KARAWANG', 1, 9, 83, 6),
(532, 'AMAT', 'I-3095', NULL, NULL, 26, 6, 1, 1, 1, 2, '2009-11-16', 'KARAWANG', '1981-06-03', 1, '', '', 'KP.DARINGO RT.03/04 DS.PANGULAH SELATAN', 'KOTABARU KARAWANG', 1, 9, 83, 6),
(533, 'RENDI PRANATA', 'I-3098', NULL, NULL, 17, 6, 1, 1, 1, 2, '2009-12-16', 'BEKASI', '1984-04-15', 1, '', '', 'KP.BLIMO CEMARA RT.006/003 SUKALAKSANA', 'KAB.BEKASI', 1, 9, 83, 6),
(534, 'KAMALUDIN', 'I-3174', NULL, NULL, 17, 6, 1, 1, 1, 1, '2009-12-16', 'PURWAKARTA', '1980-08-07', 1, '', 'B', 'PERUMNAS CIMAUNG BLOK I.6 RT.002/008', 'KEL.CISEUREUH PURWAKARTA 41118', 1, 9, 83, 6),
(535, 'CAHYADI', 'I-3173', NULL, NULL, 14, 6, 1, 1, 1, 2, '2009-12-16', 'KARAWANG', '1990-01-28', 1, '', 'A', 'KP.LAMARAN RT.04/05 KEL.PALUMBONSARI', 'KEC.KARAWANG TIMUR KARAWANG 41351', 1, 9, 83, 6),
(536, 'FAJAR PURNOMO', 'II-3100', NULL, NULL, 27, 5, 1, 1, 1, 1, '2010-01-04', 'SEMARANG', '1976-03-04', 1, '', 'O', 'PERUM TELAGA PESONA BLOK N.3/14 RT.11/17', 'KEL.TELAGAMURNI CIKARANG BEKASI', 1, 9, 83, 6),
(537, 'DEDE RUSLAN IRYANDI', 'I-3101', NULL, NULL, 27, 6, 1, 1, 1, 2, '2010-01-04', 'SUKABUMI', '1981-06-24', 1, '', 'O', 'JL.RAYA KLARI NO.43 RT.26/07', 'DS.GINTUNGKERTA KEC.KLARI KARAWANG', 1, 9, 83, 6),
(538, 'ACHMAD NASORI', 'I-3286', NULL, NULL, 35, 6, 1, 1, 1, 2, '2011-01-04', 'PEKALONGAN', '1988-07-18', 1, '', '', 'PERUM EKAMAS BLOK BJ NO.37 RT.03/05', 'PANGULAH UTARA KOTABARU KARAWANG', 1, 9, 83, 6),
(539, 'SYARIFUDIN', 'II-3106', NULL, NULL, 42, 5, 1, 1, 1, 3, '2010-02-01', 'BEKASI', '1977-07-14', 1, '', 'O', 'DSN.CILALUNG RT.15/08 DS.MEKARJAYA', 'KEC.PURWASARI KARAWANG', 1, 9, 83, 6),
(540, 'SOBRI MUSLIM', 'I-3107', NULL, NULL, 42, 6, 1, 1, 1, 1, '2010-02-01', 'KARAWANG', '1981-01-10', 1, '', 'O', 'KP.KAUMTUA RT.01/04 DS.MEKARSARI KEC.', 'JATISARI KARAWANG 41374', 1, 9, 83, 6),
(541, 'YOGI PERMANA', 'II-3109', NULL, NULL, 23, 5, 1, 1, 1, 2, '2010-03-01', 'KARAWANG', '1986-03-29', 1, '', '', 'DSN.KARANGJATI RT.15/05 DS.SUMURKONDANG', 'KEC.KLARI-KARAWANG 41371', 1, 9, 83, 6),
(542, 'ENTANG SUMARNA', 'I-3110', NULL, NULL, 42, 6, 1, 1, 1, 2, '2010-03-01', 'KARAWANG', '1979-07-01', 1, '', '', 'KP.KALIWEDI RT.02/03 DS.CENGKONG', 'KEC.PURWASARI-KARAWANG', 1, 9, 83, 6),
(543, 'SUKANDAR', 'I-3111', NULL, NULL, 42, 6, 1, 1, 1, 5, '2010-03-01', 'KARAWANG', '1969-08-02', 1, '', '', 'DSN.KALIJERUK RT.15/04 DS.DARAWOLONG', 'KEC.PURWASARI-KARAWANG', 1, 9, 83, 6),
(544, 'DEDE WARDIANA', 'I-3112', NULL, NULL, 42, 6, 1, 1, 1, 2, '2010-03-01', 'KARAWANG', '1981-05-01', 1, '', 'O', 'JL.BUNUT KERTAYASA RT.01/04', 'KEL.KARAWANG KULON, KEC.KARAWANG BARAT', 1, 9, 83, 6),
(545, 'FERIANA', 'I-3113', NULL, NULL, 40, 6, 1, 1, 2, 0, '2010-03-01', 'YOGYAKARTA', '1981-04-13', 1, '', '', 'PERUM EKAMAS BLOK BD.22 RT.01/05', 'PANGULAH UTARA - KOTABARU - KARAWANG', 1, 9, 83, 6),
(546, 'MUHAMAD RAMDANI', 'I-3322', NULL, NULL, 19, 6, 1, 1, 1, 2, '2012-03-01', 'PURWAKARTA', '1989-04-14', 1, '', '', 'JL.PURNAWARMAN BARAT RT.016/003 KEL.', 'SINDANGKASIH-PURWAKARTA', 1, 9, 83, 6),
(547, 'ENDANG TIRTANA', 'I-3182', NULL, NULL, 1, 6, 1, 1, 1, 2, '2011-03-01', 'KARAWANG', '1978-10-11', 1, '', '', 'DSN.RAWAWUNGU RT.04/02 DS.KIARAPAYUNG', 'KEC.KLARI-KARAWANG 41371', 1, 9, 83, 6),
(548, 'ASEP SOPANDI', 'I-3183', NULL, NULL, 1, 6, 1, 1, 1, 1, '2011-03-01', 'KARAWANG', '1990-04-05', 1, '', '', 'DSN.PASIR POGOR RT.13/05 D.KIARAPAYUNG', 'KEC.KLARI-KARAWANG 41371', 1, 9, 83, 6),
(549, 'KARWANTO', 'I-3114', NULL, NULL, 40, 6, 1, 1, 1, 2, '2010-04-01', 'KARAWANG', '1978-08-24', 1, '', '', 'ADIARSA PUSAKA KEL.ADIARSA BARAT', 'RT.01/06 KARAWANG BARAT-KARAWANG 41312', 1, 9, 83, 6),
(550, 'DEDEN HENDRAWAN', 'II-3118', NULL, NULL, 25, 5, 1, 1, 1, 2, '2010-05-01', 'KARAWANG', '1979-04-23', 1, '', 'A', 'DSN.GINTUNG KEBON RT.09/03 DS.GINTUNG', 'KERTA KEC.KLARI, KARAWANG 41371', 1, 9, 83, 6),
(551, 'ACEP SULAEMAN', 'I-3195', NULL, NULL, 1, 6, 1, 1, 1, 2, '2010-05-01', 'KARAWANG', '1980-01-01', 1, '', 'O', 'DSN.SUKAMAJU RT.03/09 DS.CIKAMPEK TIMUR', 'KEC.CIKAMPEK, KARAWANG 41373', 1, 9, 83, 6),
(552, 'KOMARUDIN', 'I-3141', NULL, NULL, 32, 6, 1, 1, 1, 1, '2010-08-02', 'KARAWANG', '1974-10-09', 1, '', '', 'DSN.KALI JERUK RT.15/04 DS.DARAWOLONG', 'KEC.PURWASARI, KARAWANG 41371', 1, 9, 83, 6),
(553, 'SAMSODIKIN', 'I-3142', NULL, NULL, 26, 6, 1, 1, 1, 1, '2010-08-02', 'KARAWANG', '1969-05-20', 1, '', '', 'DSN.BABAKAN DS.KIARAPAYUNG RT.10/04', 'KEC.KLARI, KARAWANG', 1, 9, 83, 6),
(554, 'DADANG SUMIRAT', 'I-3232', NULL, NULL, 9, 6, 1, 1, 1, 2, '2011-08-02', 'BANDUNG', '1974-12-18', 1, '', 'B', 'PERUM BUMI KARAWANG PERMAI BLOK.O4 NO.12', 'WARUNG BAMBU, KARAWANG', 1, 9, 83, 6),
(555, 'INDRI KOMALASARI', 'II-3146', NULL, NULL, 3, 5, 1, 2, 2, 0, '2010-08-16', 'KARAWANG', '1993-03-30', 1, '', 'A', 'KP.SUKASARI RT.002/004 CINANGOH TIMUR', 'KARAWANG WETAN, KARAWANG 41314', 1, 9, 83, 6),
(556, 'AJI MUJIONO', 'II-3149', NULL, NULL, 19, 5, 1, 1, 1, 1, '2010-11-01', 'TEGAL', '1968-03-26', 1, '', 'B', 'PURI KOSAMBI BLOK.E/03 RT.056/016 DS.', 'DUREN KEC.KLARI - KARAWANG', 1, 9, 83, 6),
(557, 'RIZKY APRIYANTO', 'II-3150', NULL, NULL, 32, 5, 1, 1, 1, 2, '2011-11-01', 'PEMALANG', '1988-04-06', 1, '', 'B', 'PERUM PURWASARI PERMAI BLOK C.51 RT.05/', '09 KEL.PURWASARI, KARAWANG', 1, 9, 83, 6),
(558, 'SUWARNO', 'I-3157', NULL, NULL, 17, 6, 1, 1, 1, 2, '2010-12-01', 'BEKASI', '1983-08-04', 1, '', '', 'KP.KRAMAT RT.18/06 DS.KEDUNG WARINGIN', 'KEC.KEDUNG WARINGIN, BEKASI', 1, 9, 83, 6),
(559, 'FAISAL KODAR', 'I-3158', NULL, NULL, 17, 6, 1, 1, 2, 0, '2010-12-01', 'BEKASI', '1985-06-15', 1, '', '', 'KP.KANDANG RT.01/06 DS.SUKARAYA', 'KEAC.KARANGBAHAGIS, BEKASI', 1, 9, 83, 6),
(560, 'GALIH RAKASIWI', 'I-3255', NULL, NULL, 17, 6, 1, 1, 1, 1, '2011-12-01', 'PURWAKARTA', '1991-09-06', 1, '', '', 'PERUM GRIYA MUKTI P.27 RT.09/06 DS.CIWA', 'RENG BABAKAN CIKAO, PURWAKARTA', 1, 9, 83, 6),
(561, 'AEP SAEPUL ANWAR', 'I-3172', NULL, NULL, 9, 6, 1, 1, 1, 2, '2011-01-07', 'PURWAKARTA', '1979-04-19', 1, '', 'O', 'IPIK GANDA MANAH RT.03/01 KEL.MUNJULJAYA', 'PURWAKARTA', 1, 9, 83, 6),
(562, 'IMAM GHOZALI', 'I-3299', NULL, NULL, 5, 6, 1, 1, 1, 1, '2012-01-06', 'PURWAKARTA', '1989-11-26', 1, '', 'B', 'JL.ANGGREK II NO.18 RT.25/03 KEL.NAGRI', 'KALER PURWAKARTA', 1, 9, 83, 6),
(563, 'INDRA EKO PRAWIBOWO', 'I-3300', NULL, NULL, 9, 6, 1, 1, 2, 0, '2012-01-06', 'KARAWANG', '1988-06-24', 1, '', 'B', 'DSN.PANGKALAN II RT.04/02 DS.MEKARMAYA', 'KEC.CILAMAYA KARAWANG', 1, 9, 83, 6),
(564, 'ILHAM RAMDHANI', 'I-3298', NULL, NULL, 17, 6, 1, 1, 2, 0, '2012-01-23', 'KEBUMEN', '1992-03-15', 1, '', 'O', 'KP.KALI JERUK RT.002/003 DS.KALIJAYA,', 'CIKARANG BARAT, BEKASI', 1, 9, 83, 6),
(565, 'RIJALDI FAHRUL JAMAN', 'I-3301', NULL, NULL, 17, 6, 1, 1, 1, 1, '2012-01-23', 'KARAWANG', '1992-06-16', 1, '', 'A', 'DSN.KALIMULYA RT.002/001 DS.CENGKONG', 'PURWASARI,KARAWANG', 1, 9, 83, 6),
(566, 'WAHYUDI', 'I-3302', NULL, NULL, 24, 6, 1, 1, 1, 2, '2012-01-23', 'JAKARTA', '1988-04-04', 1, '', 'A', 'KP.KARAJAN KOMP.AURI RT.06/03 DS.CIKOPO,', 'CIBUNGUR,PURWAKARTA', 1, 9, 83, 6),
(567, 'BAYU ISMA FIRMANSYAH', 'I-3305', NULL, NULL, 24, 6, 1, 1, 1, 2, '2012-01-23', 'KENDAL', '1990-02-24', 1, '', 'B', 'DSN.DUREN RT.16/05 DS.DUREN KLARI', 'KARAWANG', 1, 9, 83, 6),
(568, 'ERICK GUMILANG PUTRA', 'I-3309', NULL, NULL, 23, 6, 1, 1, 1, 0, '2012-01-23', 'BANDUNG', '1987-11-08', 1, '', 'O', 'PERUM EKAMAS PERMAI BLOK.BA NO.19 RT.001', '/005 PANGULAH UTARA KOTABARU,KARAWANG', 1, 9, 83, 6),
(569, 'ENTAH HAERUDI', 'I-3284', NULL, NULL, 30, 6, 1, 1, 1, 2, '2011-05-01', 'KARAWANG', '1976-06-05', 1, '', 'B', 'KP.RAWAWUNGU RT.04/02 DS.KIARAPAYUNG', 'KEC.KLARI KARAWANG 41371', 1, 9, 83, 6),
(570, 'AMIR HAMJAHIA', 'I-3285', NULL, NULL, 11, 6, 1, 1, 1, 1, '2011-03-01', 'KARAWANG', '1987-12-18', 1, '', 'B', 'DSN.BABAKAN CIKONJU RT.02/05 KUTAPOHACI', 'KEC.CIAMPEL - KARAWANG 41361', 1, 9, 83, 6),
(571, 'JEKI APSON', 'I-3176', NULL, NULL, 11, 6, 1, 1, 1, 2, '2011-03-01', 'TANJUNG RAYA', '1987-01-06', 1, '', 'A', 'PERUM DIAN ANYAR R2.2 RT.006/012', 'KEL.CISEUREUH PURWAKARTA', 1, 9, 83, 6),
(572, 'SUMA BIN DAYAT', 'I-3177', NULL, NULL, 27, 6, 1, 1, 1, 2, '2011-03-01', 'CIANJUR', '1989-07-02', 1, '', 'A', 'PERUM GRAHA PEMDA JL.CITARUM XI BLOK A17', 'NO.38 CIKARANG UTARA', 1, 9, 83, 6),
(573, 'EKA YANUARSAH', 'I-3320', NULL, NULL, 19, 6, 1, 1, 1, 2, '2012-03-01', 'BANDUNG', '1991-01-21', 1, '', 'A', 'PERUM BMI BLOK I.1/17 RT.02/19 DAWUAN', 'TENGAH,CIKAMPEK - KARAWANG', 1, 9, 83, 6),
(574, 'SAFIQ SUTRISNO', 'II-3321', NULL, NULL, 14, 5, 1, 1, 1, 1, '2012-03-01', 'BREBES', '1992-07-22', 1, '', 'O', 'JL.H.ISHAK 15 RT.02/05 TALOK TENGAH', 'DS.DUKUHTURI,BUMIAYU - BREBES', 1, 9, 83, 6),
(575, 'SUNANDAR', 'I-3185', NULL, NULL, 5, 6, 1, 1, 2, 0, '2011-03-16', 'SUKABUMI', '1988-09-17', 1, '', 'O', 'JL.WIDYAKRAMA NO.2 RT.03/04 KEL.SUDAJAYA', 'HILIR, KEC.BAROS SUKABUMI', 1, 9, 83, 6),
(576, 'YUSUF EFENDI', 'I-3189', NULL, NULL, 3, 6, 1, 1, 1, 2, '2011-03-16', 'MAGELANG', '1967-09-04', 1, '', 'B', 'PERMATA REGENSI JL.INTAN 3/18 RT.01/12', 'DS.CIKAMPEK UTARA, KOTABARU KARAWANG', 1, 9, 83, 6),
(577, 'M TATANG SUPRIYATNA', 'I-3191', NULL, NULL, 42, 6, 1, 1, 1, 2, '2011-04-01', 'JAKARTA', '1973-02-18', 1, '', 'AB', 'DSN.PEJATEN RT.05/05 DS.DAWUAN TENGAH', 'CIKAMPEK-KARAWANG', 1, 9, 83, 6),
(578, 'FIKRI MUBAROK', 'I-3325', NULL, NULL, 41, 6, 1, 1, 2, 0, '2012-04-01', 'KARAWANG', '1992-06-02', 1, '', 'B', 'KP.GANDOANG RT.01/07 DS.PANGULAH SELATAN', 'KEC.KOTABARU, KARAWANG', 1, 9, 83, 6),
(579, 'ABDUL KOHAR', 'I-3324', NULL, NULL, 18, 6, 1, 1, 1, 2, '2012-04-07', 'KARAWANG', '1988-06-10', 1, '', 'A', 'KP.NAGASARI RT.10/06 DS.KARANGSARI', 'KEC.PURWASARI, KARAWANG', 1, 9, 83, 6),
(580, 'AGUS DARYANA', 'I-3327', NULL, NULL, 20, 6, 1, 1, 2, 0, '2012-05-02', 'BANDUNG', '1989-08-17', 1, '', 'O', 'DSN.SUKAMAJU RT.003/010 DS.CIKAMPEK', 'TIMUR, KARAWANG', 1, 9, 83, 6),
(581, 'OKY AHMAD HIDAYAT', 'I-3379', NULL, NULL, 14, 6, 1, 1, 1, 2, '2012-08-02', 'BANDUNG', '1992-02-27', 1, '', 'O', 'KP.SUKASARI RT.002/004 DS.KARAWANG WETAN', 'KARAWANG 41314', 1, 9, 83, 6),
(582, 'HARIYANTO', 'III-3197', NULL, NULL, 26, 4, 1, 1, 1, 1, '2011-07-04', 'MAGETAN', '1968-06-20', 1, '', 'A', 'PERUM LEBAKWANGI ASRI BLOK.D1/2 RT.001/', 'RW.013 DS.LEBAKWANGI,ARJASARI BANDUNG', 1, 9, 83, 6),
(583, 'BAMBANG ISMAIL', 'I-3340', NULL, NULL, 17, 6, 1, 1, 1, 1, '2012-07-04', 'BEKASI', '1991-09-23', 1, '', 'O', 'DSN.BAKANJATI RT.03/RW.03 DS.PANCAWATI', 'KEC.KLARI,KARAWANG 41371', 1, 9, 83, 6),
(584, 'ROMAD', 'I-3346', NULL, NULL, 19, 6, 1, 1, 2, 0, '2012-07-04', 'TANJUNG PINANG', '1991-10-24', 1, '', 'O', 'DSN.KOSAMBI II RT.003/RW.009 DS.DUREN', 'KLARI - KARAWANG', 1, 9, 83, 6),
(585, 'BAYU DEVIYAN', 'II-3345', NULL, NULL, 19, 5, 1, 1, 1, 1, '2012-07-04', 'KENDAL', '1993-11-23', 1, '', 'A', 'DSN.KOSAMBI II RT.030/RW.009 DS.DUREN', 'KLARI - KARAWANG', 1, 9, 83, 6),
(586, 'SULIS ARDIYANTO', 'II-3290', NULL, NULL, 17, 5, 1, 1, 1, 2, '2011-07-11', 'SEMARANG', '1976-03-28', 1, '', 'B', 'KP.JAGAWANA RT.07/RW.03 DS.SUKARUKUN', 'KEC.SUKATANI,BEKASI', 1, 9, 83, 6),
(587, 'JULIUS', 'I-3352', NULL, NULL, 26, 6, 1, 1, 1, 1, '2012-08-01', 'LAHAT', '1990-07-29', 1, '', 'A', 'KP.SELAEURIH RT.13 RW.04 DS.BUNDER', 'KEC.JATILUHUR PURWAKARTA', 1, 9, 83, 6),
(588, 'MASRUDI', 'I-3354', NULL, NULL, 11, 6, 1, 1, 1, 1, '2012-08-01', 'LEBAK', '1991-06-25', 1, '', 'O', 'PERUM DIAN ANYAR BLOK NF/7 RT.16 RW.12', 'KEL.CISEUREUH, PURWAKARTA 41118', 1, 9, 83, 6),
(589, 'BUDI ARIFIYANTO', 'I-3359', NULL, NULL, 26, 6, 1, 1, 1, 1, '2012-08-01', 'KARAWANG', '1992-02-24', 1, '', 'O', 'DSN.DUREN RT.017 RW.005 DS.DUREN KEC.', 'KLARI, KARAWANG', 1, 9, 83, 6),
(590, 'FUJI CAHYA PRIADY', 'I-3355', NULL, NULL, 26, 6, 1, 1, 1, 2, '2012-08-01', 'JAKARTA', '1992-03-19', 1, '', 'O', 'PURI KOSAMBI BLOK FF/09 RT.45 RW.13', 'DS.DUREN KEC.KLARI KARAWANG 41371', 1, 9, 83, 6),
(591, 'EKO SADONO PRILAKSANA', 'I-3357', NULL, NULL, 26, 6, 1, 1, 1, 1, '2012-08-01', 'KARAWANG', '1993-04-11', 1, '', 'B', 'JL.MAWAR NO.40E RT.003 RW.008 SRENGSENG,', 'KEMBANGAN KEBON JERUK, JAKARTA', 1, 9, 83, 6),
(592, 'AHMAD AJI FAHLEVI', 'I-3361', NULL, NULL, 11, 6, 1, 1, 2, 0, '2012-08-01', 'PALEMBANG', '1989-08-03', 1, '', 'B', 'PERUM GRIYA PANORAMA INDAH BLOK E2/23', 'RT.03 RW.04 PURWASARI, KARAWANG', 1, 9, 83, 6),
(593, 'YANA SUGIANA', 'I-3362', NULL, NULL, 19, 6, 1, 1, 1, 1, '2012-08-01', 'KARAWANG', '1993-03-03', 1, '', 'O', 'DSN.KOSAMBI II RT.30 RW.09 DS.DUREN', 'KEC.KLARI KAB KARAWANG', 1, 9, 83, 6),
(594, 'IUS RUSNIADI', 'I-3199', NULL, NULL, 11, 6, 1, 1, 1, 0, '2011-08-01', 'SUMEDANG', '1982-11-22', 1, '', 'O', 'PERUM EKAMAS PERMAI BLOK AJ/30 RT.003', 'RW.004, PANGULAH UTARA-KOTABARU KARAWANG', 1, 9, 83, 6),
(595, 'MANDALA PUTRA', 'I-3200', NULL, NULL, 26, 6, 1, 1, 1, 1, '2011-08-01', 'KARAWANG', '1990-10-27', 1, '', 'B', 'DSN.PURBASARI RT.01/11 DS.DAWUAN TENGAH', 'KEC.CIKAMPEK KAB.KARAWANG', 1, 9, 83, 6),
(596, 'ROBI SANJAYA', 'I-3202', NULL, NULL, 11, 6, 1, 1, 1, 0, '2011-08-01', 'KARAWANG', '1990-02-19', 1, '', 'A', 'DSN.PASIR POGOR RT.13 RW.05 DS.KIARA', 'PAYUNG, KEC.KLARI KAB.KARAWANG 41371', 1, 9, 83, 6),
(597, 'MUHAMAD MUHDI', 'I-3206', NULL, NULL, 26, 6, 1, 1, 1, 2, '2011-08-01', 'KARAWANG', '1988-07-01', 1, '', 'B', 'KP.KEDUNGWARU RT.01 RW.03 DS.KUTAPOHACI', 'KEC.CIAMPEL KAB.KARAWANG', 1, 9, 83, 6),
(598, 'RUSDIANTO BIN SUBUR', 'I-3207', NULL, NULL, 26, 6, 1, 1, 1, 2, '2011-08-01', 'KARAWANG', '1985-11-11', 1, '', 'B', 'KP.TEGALWANGI RT.06/07 DS.DAWUAN BARAT', 'KEC.CIKAMPEK KAB.KARAWANG', 1, 9, 83, 6),
(599, 'LUKMANA', 'I-3208', NULL, NULL, 26, 6, 1, 1, 1, 2, '2011-08-01', 'BANDUNG', '1975-08-20', 1, '', 'B', 'KP.KARANG ANYAR RT.007 RW.002 KEL.NAGRI', 'TENGAH, PURWAKARTA', 1, 9, 83, 6),
(600, 'DEKI IRAWAN', 'I-3209', NULL, NULL, 26, 6, 1, 1, 1, 0, '2011-08-01', 'PALEMBANG', '1987-04-04', 1, '', 'O', 'PERUM CIKAMPEK INDAH RT.29 RW.11 DS.SARI', 'MULYA, KEC.KOTABARU, KAB.KARAWANG', 1, 9, 83, 6),
(601, 'MOHAMAD UJANG MUKSIN', 'I-3210', NULL, NULL, 26, 6, 1, 1, 1, 2, '2011-08-01', 'PURWAKARTA', '1982-10-28', 1, '', 'O', 'PERUM EKAMAS BLOK AK/28 RT.03 RW.04', 'PANGULAH UTARA-KOTABARU, KAB.KARAWANG', 1, 9, 83, 6),
(602, 'IWAN', 'I-3212', NULL, NULL, 26, 6, 1, 1, 1, 2, '2011-08-01', 'PALEMBANG', '1987-06-18', 1, '', 'AB', 'DS.PASAWAHAN RT.03/02 NO.23', 'KEC.PASAWAHAN PURWAKARTA', 1, 9, 83, 6),
(603, 'WAHYUDIN BIN SARIN', 'I-3213', NULL, NULL, 26, 6, 1, 1, 2, 0, '2011-08-01', 'KARAWANG', '1991-09-12', 1, '', 'B', 'DSN.PASIR POGOR RT.13 RW.05 DS.KIARA', 'PAYUNG, KEC.KLARI KAB.KARAWANG', 1, 9, 83, 6),
(604, 'SOPAN SOPIYAN', 'I-3217', NULL, NULL, 9, 6, 1, 1, 1, 1, '2011-08-01', 'KARAWANG', '1981-05-15', 1, '', 'O', 'KP.SINDANG JAYA RT.01 RW.07 DS.JATIBARU', 'KEC.JATISARI KAB.KARAWANG', 1, 9, 83, 6),
(605, 'ASEP SOLEH', 'I-3219', NULL, NULL, 24, 6, 1, 1, 1, 2, '2011-08-01', 'PURWAKARTA', '1979-06-18', 1, '', 'A', 'MUNJULJAYA PERMAI RT.30 RW.10 KEL.MUNJUL', 'JAYA, KEC.PURWAKARTA, KAB.PURWAKARTA', 1, 9, 83, 6),
(606, 'LUFTY MEGASWARA', 'I-3368', NULL, NULL, 17, 6, 1, 1, 2, 0, '2012-08-08', 'CIANJUR', '1991-06-18', 1, '', 'O', 'KP.NEGLASARI RT.03 RW.019 KEL.SAYANG', 'CIANJUR', 1, 9, 83, 6),
(607, 'MOHAMAD SAEFUL ARIS', 'I-3363', NULL, NULL, 17, 6, 1, 1, 1, 2, '2012-08-08', 'KENDAL', '1988-09-29', 1, '', 'B', 'DS.SUMBERSARI RT.006 RW.003 KEC.NGAMPEL', 'KAB.KENDAL', 1, 9, 83, 6),
(608, 'DENI IRAWAN', 'I-3365', NULL, NULL, 19, 6, 1, 1, 1, 1, '2012-08-08', 'KARAWANG', '1992-10-05', 1, '', 'B', 'DSN.KRAJAN I RT.07 RW.01 DS.GINTUNGKERTA', 'KEC.KLARI KARAWANG', 1, 9, 83, 6),
(609, 'CHAERUL ROHMAN', 'I-3388', NULL, NULL, 11, 6, 1, 1, 2, 0, '2013-11-16', 'PURWAKARTA', '1993-08-11', 1, '', 'A', 'JL.LODAYA BOJONG NO.58 RT.18 RW.05 KEL.', 'NAGRI KIDUL PURWAKARTA', 1, 9, 83, 6),
(610, 'WARNO', 'I-3391', NULL, NULL, 11, 6, 1, 1, 1, 1, '2013-11-16', 'PURWAKARTA', '1990-05-10', 1, '', 'O', 'JL.RAYA CAMPAKA RT.01 RW.01 CAMPAKA SARI', 'PURWAKARTA', 1, 9, 83, 6),
(611, 'WENDHI PANJI SULASTHIO', 'I-3392', NULL, NULL, 26, 6, 1, 1, 1, 1, '2013-11-16', 'KARAWANG', '1991-12-31', 1, '', 'B', 'DSN.DUREN RT.017 RW.005 DS.DUREN', 'KEC.KLARI, KARAWANG', 1, 9, 83, 6),
(612, 'ANDRAE NOVIANTO', 'I-3393', NULL, NULL, 26, 6, 1, 1, 1, 3, '2013-11-16', 'PEMALANG', '1988-01-18', 1, '', 'B', 'BANJARMULYA RT.01 RW.12 KARANG SAMBUNG', 'PEMALANG', 1, 9, 83, 6),
(613, 'HAERUSLI', 'I-3394', NULL, NULL, 26, 6, 1, 1, 1, 2, '2013-11-16', 'KARAWANG', '1992-06-10', 1, '', 'A', 'JL.WADAS PANCAWATI RT.07 RW.03 WARINGIN', 'KARYA KARAWANG', 1, 9, 83, 6),
(614, 'RENDY MAHARDIKA', 'I-3395', NULL, NULL, 26, 6, 1, 1, 2, 0, '2013-11-16', 'TANJUNG PINANG', '1991-05-11', 1, '', 'B', 'KP.SADANG RT.003 RW.003 DS.PURWASARI', 'KEC.PURWASARI KARAWANG', 1, 9, 83, 6),
(615, 'MULYADI', 'I-3221', NULL, NULL, 10, 6, 1, 1, 1, 2, '2011-08-16', 'INDRAMAYU', '1974-03-29', 1, '', 'B', 'DSN.POPONCOL RT.003 RW.003 KEL.DAWUAN', 'TENGAH, KEC.CIKAMPEK KARAWANG', 1, 9, 83, 6),
(616, 'GUSTI SETIAWAN', 'I-3399', NULL, NULL, 2, 6, 1, 1, 1, 1, '2013-11-16', 'CILACAP', '1992-08-17', 1, '', 'O', 'JL.BOGOWONTO NO.115 RT.03 RW.08 DONAN', 'CILACAP', 1, 9, 83, 6),
(617, 'ASEP HIDAYAT', 'I-3222', NULL, NULL, 24, 6, 1, 1, 1, 1, '2011-08-22', 'KUNINGAN', '1978-05-14', 1, '', 'B', 'KP.BULAK INDAH RT.005 RW.006 DS.KARANG', 'ASIH, CIKARANG UTARA BEKASI', 1, 9, 83, 6),
(618, 'FADZLAN WIBOWO', 'I-3401', NULL, NULL, 26, 6, 1, 1, 1, 2, '2013-11-16', 'JAKARTA', '1988-01-25', 1, '', 'A', 'KP.SALAGEDANG RT.02 RW.07, WARUNGKIARA', 'SUKABUMI', 1, 9, 83, 6),
(619, 'ASUDIAT PUTRA', 'I-3405', NULL, NULL, 11, 6, 1, 1, 1, 1, '2013-11-16', 'KARAWANG', '1987-06-25', 1, '', 'AB', 'DSN.GINTUNG KEBON RT.009 RW.003 GINTUNG', 'KERTA, KLARI KARAWANG', 1, 9, 83, 6),
(620, 'EKIN DWI ANGGA PRIYANTO', 'I-3403', NULL, NULL, 26, 6, 1, 1, 1, 2, '2013-11-16', 'PEMALANG', '1989-05-29', 1, '', 'B', 'DSN.CURAHMLATI RT.007 RW.003 KEL.TEGAL', 'MLATI KEC.PETARUKAN PEMALANG', 1, 9, 83, 6),
(621, 'BUDI RAHARJO', 'I-3406', NULL, NULL, 26, 6, 1, 1, 1, 1, '2013-11-16', 'PURWAKARTA', '1991-02-14', 1, '', 'A', 'JL.KAPTEN HALIM GG.BANTENG IV RT.005/001', 'KEL.NAGRI KIDUL PURWAKARTA', 1, 9, 83, 6),
(622, 'DENI SUHENDI', 'I-3408', NULL, NULL, 26, 6, 1, 1, 1, 2, '2013-11-16', 'KARAWANG', '1991-11-13', 1, '', 'O', 'KP.RAWABOLANG RT.03/04 DS.DAWUAN TENGAH', 'KEC.CIKAMPEK KARAWANG', 1, 9, 83, 6),
(623, 'MUCH PURNAMA ALAM', 'I-3410', NULL, NULL, 26, 6, 1, 1, 1, 2, '2013-11-16', 'SUBANG', '1990-07-22', 1, '', '', 'KP.CISALAK RT.01 RW.03 DS.CISALAK KEC.', 'CISALAK, SUBANG', 1, 9, 83, 6),
(624, 'MEDIA KHAIDIR RAHMAN', 'I-3240', NULL, NULL, 19, 6, 1, 1, 1, 2, '2011-11-01', 'KARAWANG', '1984-05-15', 1, '', 'O', 'DSN.KARANGJATI RT.013 RW.005 KEL.SUMUR', 'KONDANG KEC.KLARI KARAWANG 41371', 1, 9, 83, 6),
(625, 'HABET OKTOVIANUS BABUTTA', 'II-3242', NULL, NULL, 25, 5, 1, 1, 1, 2, '2011-11-01', 'KENDARI', '1974-10-29', 2, '', 'O', 'PERUM PILAR SADANG NO.11 RT.013 RW.003', 'DS.CIWANGI KEC.BUNGURSARI, PURWAKARTA', 1, 9, 83, 6),
(626, 'RIFQI ARIFAN', 'I-3412', NULL, NULL, 19, 6, 1, 1, 2, 0, '2013-05-16', 'PURWAKARTA', '1993-12-21', 1, '', 'B', 'DSN.MARGALUYU TIMUR RT.26 RW.14 KEL.SUKA', 'MANDIJAYA, CIASEM, SUBANG', 1, 9, 83, 6),
(627, 'M HAFIZH Y H', 'I-3423', NULL, NULL, 35, 6, 1, 1, 1, 1, '2013-03-01', 'PEKALONGAN', '1990-08-06', 1, '', 'A', 'PERUM DIAN ANYAR PURWAKARTA', '', 1, 9, 83, 6),
(628, 'MUHAMAD RAMDANI', 'I-3414', NULL, NULL, 35, 6, 1, 1, 1, 1, '2013-08-16', 'PURWAKARTA', '1986-05-26', 1, '', 'AB', 'KP.CILAME RT.014 RW.005 DS.CIBENING', 'KEC.BUNGURSARI,PURWAKARTA', 1, 9, 83, 6),
(629, 'RIAN SUPRIATNA', 'I-3413', NULL, NULL, 35, 6, 1, 1, 1, 1, '2013-08-16', 'CIAMIS', '1992-02-14', 1, '', 'O', 'DSN.DUREN 2 RT.17/05 NO.44', 'KEC.KLARI KARAWANG', 1, 9, 83, 6),
(630, 'HERRY ARDIANSYAH', 'I-3415', NULL, NULL, 35, 6, 1, 1, 2, 0, '2013-08-16', 'JAKARTA', '1988-11-15', 1, '', 'B', 'JL.INTAN 2 NO.10 REGENCY KEC.KOTABARU', 'CIKAMPEK UTARA,KARAWANG', 1, 9, 83, 6),
(631, 'TEDDY CHAERUDIN', 'I-3248', NULL, NULL, 30, 6, 1, 1, 1, 2, '2011-12-01', 'BOGOR', '1970-10-08', 1, '', 'A', 'KP.KARAJAN TIMUR RT.02 RW.01 CIKAMPEK', 'BARAT, KARAWANG', 1, 9, 83, 6),
(632, 'WARTO WIJAYA', 'I-3249', NULL, NULL, 23, 6, 1, 1, 1, 2, '2011-12-01', 'KARAWANG', '1987-01-23', 1, '', 'O', 'DSN.BABAKAN RT.010 RW.004 DS.KIARAPAYUNG', 'KEC.KLARI, KARAWANG', 1, 9, 83, 6),
(633, 'AKHMAD ZUKHRI', 'I-3250', NULL, NULL, 26, 6, 1, 1, 1, 3, '2011-12-01', 'KENDAL', '1970-04-12', 1, '', 'O', 'KP.BUNUT RT.02 RW.05 DS.MARGAHURIP KEC.', 'BANJARAN, BANDUNG', 1, 9, 83, 6),
(634, 'TAUFIK SILMI', 'III-3251', NULL, NULL, 2, 4, 1, 1, 2, 0, '2011-12-01', 'BANDUNG', '1982-11-07', 1, '', 'O', 'KOMP.PINDAD SELATAN D7 RT.03 RW.11', 'KEL.SUKAPURA, BANDUNG', 1, 9, 83, 6),
(635, 'AHMAD MUSLIM', 'I-3416', NULL, NULL, 35, 6, 1, 1, 1, 1, '2013-07-01', 'KARAWANG', '1986-04-01', 1, '', 'O', 'PERUM BMI BLOK F1/19 RT.01/18', 'DS.DAWUAN TENGAH CIKAMPEK', 1, 9, 83, 6),
(636, 'DENI SETIAWAN', 'I-3252', NULL, NULL, 26, 6, 1, 1, 1, 1, '2011-12-16', 'BANDUNG', '1981-02-13', 1, '', 'O', 'KP.JAMBATAN RT.01 RW.09 KEL.ANDIR BALE', 'ENDAH, BANDUNG', 1, 9, 83, 6),
(637, 'EDI SUPRIYADI', 'I-3253', NULL, NULL, 26, 6, 1, 1, 1, 2, '2011-12-16', 'BANDUNG', '1979-12-01', 1, '', 'B', 'JL.BBK H.TAMIM RT.003 RW.006 PADASUKA', 'KEC.CIBEUYING KIDUL, BANDUNG', 1, 9, 83, 6),
(638, 'SARWONO', 'I-3254', NULL, NULL, 26, 6, 1, 1, 1, 1, '2011-12-16', 'KEBUMEN', '1978-10-27', 1, '', 'O', 'PALEM KONDANG ASRI BLOK C2 NO.20', 'RT.27/10 KARAWANG TIMUR', 1, 9, 83, 6),
(639, 'DONNY HENDRAJAYA UTAMA', 'I-3261', NULL, NULL, 11, 6, 1, 1, 1, 2, '2012-01-04', 'KEDIRI', '1983-02-23', 1, '', 'O', 'PERUM EKAMAS BLOK BA.19 RT.001 RW.005', 'KEL.PANGULAH UTARA KOTABARU KARAWANG', 1, 9, 83, 6),
(640, 'FARIZAL', 'I-3262', NULL, NULL, 26, 6, 1, 1, 1, 2, '2012-01-04', 'LAMPUNG', '1985-01-01', 1, '', 'A', 'PERUM DIAN ANYAR BLOK ND.3 RT.16 RW.12', 'KEL.CISEUREUH PURWAKARTA', 1, 9, 83, 6),
(641, 'FERI ADITYA', 'I-3263', NULL, NULL, 26, 6, 1, 1, 1, 1, '2012-01-04', 'PURWAKARTA', '1985-05-08', 1, '', 'A', 'JL.PANGUPUKAN RT.07/02', 'KEL.MUNJUL JAYA PURWAKARTA', 1, 9, 83, 6),
(642, 'ENDANG SOFIAN', 'I-3264', NULL, NULL, 26, 6, 1, 1, 1, 2, '2012-01-04', 'KARAWANG', '1991-04-12', 1, '', 'O', 'DSN.BABAKAN RT.10 RW.04 DS.KIARAPAYUNG', 'KEC.KLARI KARAWANG', 1, 9, 83, 6),
(643, 'HARIS RUSMAN', 'I-3265', NULL, NULL, 11, 6, 1, 1, 1, 2, '2012-01-04', 'KENDAL', '1985-12-08', 1, '', 'O', 'SUKAMULYA RT.003/005 CISEUREUH', 'PURWAKARTA', 1, 9, 83, 6),
(644, 'AANG GUNAWAN', 'I-3266', NULL, NULL, 26, 6, 1, 1, 1, 1, '2012-01-04', 'KARAWANG', '1991-01-02', 1, '', 'O', 'DSN.PASIR POGOR RT.11 RW.05 DS.KIARA', 'PAYUNG KEC.KLARI KARAWANG', 1, 9, 83, 6),
(645, 'JAELANI SIDIQ ANBARI', 'I-3267', NULL, NULL, 26, 6, 1, 1, 2, 0, '2012-01-04', 'PURWAKARTA', '1988-07-07', 1, '', 'O', 'KP.CIOMAS RT.08 RW.04 DS.WARUNG KADU', 'KEC.PASAWAHAN PURWAKARTA', 1, 9, 83, 6),
(646, 'ZAENALLUDIN', 'I-3270', NULL, NULL, 26, 6, 1, 1, 1, 2, '2012-01-04', 'KARAWANG', '1973-08-07', 1, '', 'O', 'DSN.KRAJAN I RT.05 RW.01 DS.GINTUNGKERTA', 'KEC.KLARI KARAWANG', 1, 9, 83, 6),
(647, 'JUANDA', 'I-3271', NULL, NULL, 11, 6, 1, 1, 1, 2, '2012-01-04', 'RANGKAS BITUNG', '1980-07-13', 1, '', 'O', 'PERUM DIAN ANYAR BLOK NF.7 RT.016 RW.012', 'KEL.CISEUREUH PURWAKARTA', 1, 9, 83, 6),
(648, 'MUH YUSUP ASGARA', 'I-3272', NULL, NULL, 13, 6, 1, 1, 2, 0, '2012-01-04', 'SUKABUMI', '1992-03-01', 1, '', 'B', 'KP.WARUNGKIARA RT.02 RW.02 WARUNGKIARA', 'SUKABUMI', 1, 9, 83, 6),
(649, 'JAENUDIN BIN MARKO', 'I-3273', NULL, NULL, 26, 6, 1, 1, 1, 2, '2012-01-04', 'INDRAMAYU', '1974-08-24', 1, '', 'A', 'DSN.WALAHAR I RT.05 RW.01 DS.WALAHAR', 'KEC.KLARI KARAWANG', 1, 9, 83, 6),
(650, 'ANDRI DIRGANTARA', 'I-3274', NULL, NULL, 26, 6, 1, 1, 1, 1, '2012-01-04', 'KARAWANG', '1991-12-02', 1, '', 'B', 'KP.SUKASEURI RT.032 RW.002 DS.SARIMULYA', 'KEC.KOTABARU KARAWANG', 1, 9, 83, 6),
(651, 'NURDIN HAMZAH', 'I-3276', NULL, NULL, 26, 6, 1, 1, 1, 3, '2012-01-04', 'PEMALANG', '1974-03-16', 1, '', 'O', 'DS.BANJARMULYA KARANG SAMBUNG RT.003', 'RW.012 PEMALANG', 1, 9, 83, 6),
(652, 'AGI BIANTARA', 'I-3277', NULL, NULL, 11, 6, 1, 1, 1, 1, '2012-01-04', 'PURWAKARTA', '1992-08-11', 1, '', 'O', 'PERUM HEGAR ASIH JL.ANGGREK NO.102 RT.05', 'RW.08 KEL.CISEUREUH PURWAKARTA', 1, 9, 83, 6),
(653, 'AWIN SUKMANA', 'I-3278', NULL, NULL, 26, 6, 1, 1, 1, 1, '2012-01-04', 'KARAWANG', '1986-01-29', 1, '', 'B', 'DSN.BABAKAN RT.10 RW.04 DS.KIARAPAYUNG', 'KEC.KLARI KARAWANG', 1, 9, 83, 6),
(654, 'INDRA WIJAYA', 'I-3279', NULL, NULL, 26, 6, 1, 1, 1, 0, '2012-01-04', 'KARAWANG', '1991-03-10', 1, '', 'A', 'DSN.BABAKAN RT.10 RW.04 DS.KIARAPAYUNG', 'KEC.KLARI KARAWANG', 1, 9, 83, 6),
(655, 'DICKY SYAFRIL', 'I-3280', NULL, NULL, 11, 6, 1, 1, 1, 1, '2012-01-04', 'SERANG', '1984-01-30', 1, '', 'O', 'PERUM BUMI CIKAMPEK BARU RT.07 RW.08', 'KEC.JATISARI KARAWANG', 1, 9, 83, 6),
(656, 'HARI SETRA PERMANA', 'I-3281', NULL, NULL, 13, 6, 1, 1, 1, 2, '2012-01-04', 'PURWAKARTA', '1985-10-24', 1, '', 'O', 'KARANG ANYAR RT.07 RW.02 KEL.NAGRITENGAH', 'PURWAKARTA', 1, 9, 83, 6),
(657, 'OMAN BIN SUKARDA', 'I-3282', NULL, NULL, 26, 6, 1, 1, 2, 0, '2012-01-04', 'KARAWANG', '1979-05-26', 1, '', '', 'DSN.RAWAWUNGU RT.05 RW.02 DS.KIARAPAYUNG', 'KEC.KLARI KARAWANG', 1, 9, 83, 6),
(658, 'TRI ASTUTI', 'III3291BK', NULL, NULL, 51, 4, 3, 2, 2, 0, '2012-01-11', 'PEKALONGAN', '1971-04-14', 1, '', 'AB', 'JL.CEMPAKA 9 NO.4 RT.02 RW.13 CIKAMPEK', 'KARAWANG', 1, 9, 83, 6),
(659, 'HASANUDIN', 'I-3294', NULL, NULL, 1, 6, 1, 1, 1, 0, '2012-01-16', 'SUMEDANG', '1980-05-20', 1, '', 'O', 'DSN.SUKAMAJU RT.003 RW.010 DS.CIKAMPEK', 'TIMUR KEC.CIKAMPEK, KARAWANG', 1, 9, 83, 6),
(660, 'KARNA', 'I-3464', NULL, NULL, 17, 6, 1, 1, 1, 1, '2014-02-06', 'KARAWANG', '1986-06-05', 1, '', 'O', 'DSN.BABAKAN INGGUN RT.73 RW.29 DS.DUREN', 'KEC.KLARI KARAWANG', 1, 9, 83, 6),
(661, 'KARTA', 'I-3466', NULL, NULL, 17, 6, 1, 1, 1, 2, '2014-02-06', 'KARAWANG', '1989-05-27', 1, '', 'A', 'BOJONG TUGU II RT.19/04', 'RENGASDENGKLOK KARAWANG', 1, 9, 83, 6),
(662, 'HASAN BASRI', 'I-3467', NULL, NULL, 17, 6, 1, 1, 1, 1, '2014-02-06', 'KARAWANG', '1991-07-11', 1, '', 'A', 'DSN.BABAKAN RT.10 RW.04 DS.KIARAPAYUNG', 'KEC.KLARI KARAWANG', 1, 9, 83, 6),
(663, 'ONI', 'II-3312', NULL, NULL, 28, 5, 1, 1, 1, 1, '2012-02-21', 'TASIKMALAYA', '1967-08-17', 1, '', 'O', 'JL.MAS SUTAKARYA NO.24 RT.07 RW.12 KEL.', 'KARAWANG KULON KAB.KARAWANG BARAT', 1, 9, 83, 6),
(664, 'ALIF FARIZAL FAHMI', 'I-3426', NULL, NULL, 18, 6, 1, 1, 2, 0, '2013-09-02', 'BREBES', '1993-04-13', 1, '', 'B', 'DSN.KLAPANUNGGAL NO.43 RT.026/007', 'DSN.GINTUNGKERTA KLARI KARAWANG', 1, 9, 83, 6),
(665, 'TATANG KOMARUDIN', 'I-3421', NULL, NULL, 24, 6, 1, 1, 1, 1, '2012-03-02', 'KARAWANG', '1989-02-28', 1, '', 'AB', 'DSN.RAWAWUNGU RT.04 RW.02 DS.KIARAPAYUNG', 'KEC.KLARI KARAWANG', 1, 9, 83, 6),
(666, 'KHOIRUL FATICHIN', 'I-3422', NULL, NULL, 25, 6, 1, 1, 1, 2, '2012-03-02', 'LAMONGAN', '1985-02-08', 1, '', 'B', 'GG.SALEH NO.212/66 RT.004 RW.006 KEL.', 'ARJUNA KEC.CICENDO BANDUNG', 1, 9, 83, 6),
(667, 'DEDI KUSWANDI', 'II-3313', NULL, NULL, 24, 5, 1, 1, 1, 2, '2012-03-02', 'KARAWANG', '1982-04-17', 1, '', 'O', 'DSN.KALIHURIP RT.05 RW.02 DS.DUREN', 'KEC.KLARI KARAWANG', 1, 9, 83, 6),
(668, 'ARIS NOVIANTO', 'I-3427', NULL, NULL, 35, 6, 1, 1, 1, 2, '2013-09-27', 'KENDAL', '1990-06-18', 1, '', 'A', 'PERUM EKAMAS PERMAI BLOK BF 2 NO.31', 'PANGULAH UTARA, KOTABARU, KARAWANG', 1, 9, 83, 6),
(669, 'PRIYATNA', 'I-3428', NULL, NULL, 35, 6, 1, 1, 2, 0, '2013-09-27', 'KARAWANG', '1991-02-03', 1, '', 'O', 'DSN.PEJATEN RT.001 RW.005 DS.DAWUAN', 'TENGAH KEC.CIKAMPEK', 1, 9, 83, 6),
(670, 'SETYO SULAKSONO', 'I-3319', NULL, NULL, 27, 6, 1, 1, 1, 1, '2012-03-27', 'PURWAKARTA', '1991-04-07', 1, '', 'A', 'PERUMNAS JL.BUNGUR NO.125 RT.005 RW.003', 'KEL.CISEUREUH KAB.PURWAKARTA', 1, 9, 83, 6),
(671, 'YOSEP REYNALDI PRABOWO', 'I-3425', NULL, NULL, 19, 6, 1, 1, 1, 1, '2012-03-27', 'BANDUNG', '1993-11-24', 2, '', 'B', 'JL.INTAN 5 NO.05 RT.002 RW.012 REGENCY', 'DS.CIKAMPEK UTARA-KOTABARU KARAWANG', 1, 9, 83, 6),
(672, 'EKO PRIYANTO', 'I-3441', NULL, NULL, 18, 6, 1, 1, 2, 0, '2013-11-01', 'CILACAP', '1994-07-25', 1, '', 'B', 'JL.RAYA KLARI-KOPEL NO.39 KLAPANUNGGAL', 'RT.26/07 GINTUNGKERTA KLARI KARAWANG', 1, 9, 83, 6),
(673, 'RUDIYANTO', 'II-3335', NULL, NULL, 25, 5, 1, 1, 1, 2, '2012-06-04', 'LAMPUNG', '1975-09-06', 1, '', 'A', 'DSN JATI RT.01 RW.01 DS.MARGAMULYA KEC.', 'TELUKJAMBE BARAT KARAWANG', 1, 9, 83, 6),
(674, 'UUS ALAMSYAH', 'I-3348', NULL, NULL, 11, 6, 1, 1, 1, 2, '2013-04-04', 'TASIKMALAYA', '1972-02-16', 1, '', 'O', 'KP.SUKAMULYA RT.017 RW.004 DS.WARUNG', 'BAMBU KEC.KARAWANG TIMUR - KARAWANG', 1, 9, 83, 6),
(675, 'NATHANIA FLORENCE CHRISTI', 'I-3331', NULL, NULL, 16, 6, 1, 2, 2, 0, '2014-06-11', 'KARAWANG', '1993-09-22', 1, '', 'O', 'GG.PARNA WARUKARYA WARUDOYOG RT.37/08', 'RENGASDENGKLOK, KARAWANG', 1, 9, 83, 6),
(676, 'DWI ANDRI MANCO NEGARA', 'I-3443', NULL, NULL, 35, 6, 1, 1, 2, 0, '2013-11-16', 'KENDAL', '1994-12-20', 1, '', 'O', 'PERUM EKAMAS BLOK.AO/5 RT.03 RW.04', 'PANGULAH UTARA KOTABARU KARAWANG', 1, 9, 83, 6),
(677, 'BAMBANG RUSMANA', 'I-3444', NULL, NULL, 35, 6, 1, 1, 1, 1, '2013-11-16', 'PURWAKARTA', '1987-07-06', 1, '', 'B', 'JL.PURNAWARMAN BARAT RT.52 RW.08 SINDANG', 'KASIH PURWAKARTA', 1, 9, 83, 6),
(678, 'MAHMUD', 'I-3378', NULL, NULL, 30, 6, 1, 1, 1, 2, '2012-10-16', 'JAKARTA', '1978-08-18', 1, '', 'B', 'KP.CILANGKAP RT.04/RW.04 NO.2 TAPOS', 'DEPOK', 1, 9, 83, 6),
(679, 'RATIH RAHMAWATI', 'II-3382', NULL, NULL, 37, 5, 1, 2, 2, 0, '2013-10-31', 'KARAWANG', '1989-02-10', 1, '', 'O', 'JL.KH.HASYIM ASHARI RT.02/RW.09 NO.12', 'DS.KARAWANG KULON, KARAWANG 41311', 1, 9, 83, 6),
(680, 'RIDHA DRI HENDAYANI', 'II-3381', NULL, NULL, 15, 5, 1, 2, 2, 0, '2015-04-12', 'SEMARANG', '1980-03-20', 1, '', 'A', 'DELTA KONDANG INDAH BLOK.A2 NO.12 KLARI', 'KARAWANG', 1, 9, 83, 6),
(681, 'JUNA ERNAWAN', 'I-3440', NULL, NULL, 1, 6, 1, 1, 1, 1, '2013-06-10', 'TANGERANG', '1992-11-18', 1, '', 'A', 'GG.KENANGA II RT.042 RW.005 KEL.NAGRI', 'KALER KEC.PURWAKARTA', 1, 9, 83, 6),
(682, 'MUHAMAD MAS UD', 'I-3445', NULL, NULL, 9, 6, 1, 1, 1, 2, '2013-07-15', 'NGANJUK', '1983-11-27', 1, '', '', 'JL. ARIA ADIARSA RT.03/05 ADIARSA TIMUR', 'KARAWANG - JAWA BARAT', 1, 9, 83, 6),
(683, 'YAKUB SETIAWAN', 'I-3451', NULL, NULL, 8, 6, 1, 1, 2, 0, '2014-07-16', 'KARAWANG', '1990-12-07', 1, '', '', 'KP.BABAKAN TENGAH RT.003/005', 'ADIARSA TIMUR - KARAWANG', 1, 9, 83, 6),
(684, 'LIA MULIANA HARTONO', 'II-3449', NULL, NULL, 3, 5, 1, 2, 2, 0, '2013-07-22', 'PURWAKARTA', '1986-07-02', 1, '', '', 'TERUSAN KAPTEN HALIM RT.01/01', 'SAWAHAN KULON PURWAKARTA', 1, 9, 83, 6),
(685, 'SACHMAN SUHERMAN', 'I-3454', NULL, NULL, 25, 6, 1, 1, 1, 2, '2013-08-16', 'PURWAKARTA', '1973-09-02', 1, '', '', 'DUSUN PASIR DS.CIBALONGSARI KEC.KLARI', 'KAB.KARAWANG', 1, 9, 83, 6),
(686, 'AINI RIZKY SEPTAMIE', 'I-3469', NULL, NULL, 3, 6, 1, 2, 2, 0, '2013-11-01', 'BOGOR', '1987-09-30', 1, '', 'A', 'JL. KAMBOJA II BLOK C20 A/B RT.007/006', 'KEL.MEKARSARI BEKASI JAWA BARAT', 1, 9, 83, 6),
(687, 'AHMAD RAMDANI', 'II-3470', NULL, NULL, 25, 5, 1, 1, 1, 2, '2013-11-01', 'KARAWANG', '1976-08-26', 1, '', 'O', 'DSN SINDANGKASIH RT.02/01 DS.CIMARA', 'KEC.CISARUA KAB.SUMEDANG', 1, 9, 83, 6),
(688, 'PALTI HARADONGAN HUTAPEA', 'VI-3613', NULL, NULL, 31, 1, 1, 1, 1, 1, '2013-12-09', 'SIBOLGA', '1968-06-28', 2, '', '', 'JL. PALEM PUTRI 3 NO.65, TAMAN BEVERLI', 'LIPPO CIKARANG', 1, 9, 83, 6),
(689, 'LINDA NURHAYANI', 'II-3626', NULL, NULL, 50, 5, 1, 2, 2, 0, '2015-05-25', 'BANDUNG', '1992-10-23', 1, '', '', 'JL. DUNGUS CARIANG 157/79 RT.07/04', 'BANDUNG', 1, 9, 83, 6),
(690, 'DEDE SARMO', 'I-3540 BK', NULL, NULL, 26, 6, 3, 1, 1, 2, '2021-03-22', 'KARAWANG', '1988-03-05', 1, '', '', 'DSN.BABAKAN RT.10/04 DS.KIARA PAYUNG', 'KEC.KLARI KARAWANG', 1, 9, 83, 6),
(691, 'M SONI RUSTANDI', 'I-3622', NULL, NULL, 26, 6, 1, 1, 2, 0, '2014-06-16', 'JAKARTA', '1992-06-04', 1, '', '', 'PERMATA REGENCY JL.PERMATA KASIH BLOK', 'O.7 NO.58 RT.05/13 CIKAMPEK', 1, 9, 83, 6),
(692, 'DEDE SETIAWAN', 'I-3632 BK', NULL, NULL, 6, 6, 3, 1, 1, 3, '2021-04-01', 'SUBANG', '1970-11-25', 1, '', '', 'DSN.KRAJAN I RT.05 / 01 DS.GINTUNG KERTA', 'KEC. KLARI KARAWANG', 1, 9, 83, 6),
(693, 'ERIES RHONANDO', 'I-3631', NULL, NULL, 44, 6, 1, 1, 1, 2, '2014-07-14', 'BANDUNG', '1979-10-19', 1, '', 'B', 'KOMPL. BUMI PANYILEUKAN BLOK I.10 NO.1', 'RT.004/008 CIPADUNG KIDUL - BANDUNG', 1, 9, 83, 6),
(694, 'SLAMET BUDIARTO', 'V-3634 BK', NULL, NULL, 1, 2, 3, 1, 1, 3, '2021-01-18', 'PURWOKERTO', '1955-05-07', 1, '', '', 'PERUM TEXMACO DS.KIARA PAYUNG KEC.KLARI', 'KARAWANG', 1, 9, 83, 6),
(695, 'ASEP MUSLIHAT', 'I-3652 BK', NULL, NULL, 26, 6, 3, 1, 1, 2, '2020-12-12', 'PURWAKARTA', '1994-02-03', 1, '', '', 'KP.CILAMPAHAN RT.05/02 DS,SUKAJAYA', 'KEC.SUKATANI PURWAKARTA', 1, 9, 83, 6),
(696, 'EKO FAJAR PRASETYO', 'I-3657 BK', NULL, NULL, 26, 6, 3, 1, 2, 0, '2020-02-08', 'GUNUNG KIDUL', '1995-01-02', 1, '', '', 'PERUM. GADING ELOK BLOK E2 NO.15', 'KARAWANG WETAN', 1, 9, 83, 6),
(697, 'FIDA MUHAMMAD AFIF', 'I-3659 BK', NULL, NULL, 11, 6, 3, 1, 2, 0, '2020-10-19', 'BANDUNG', '1995-06-09', 1, '', '', 'PERUM EKAMAS PERMAI BLOK AA/5 RT.01/04', 'PANGULAH UTARA - KOTABARU', 1, 9, 83, 6),
(698, 'GAGAN HANDIKA', 'I-3661', NULL, NULL, 6, 6, 1, 1, 1, 1, '2019-12-04', 'KLATEN', '1996-06-10', 1, '', '', 'DSN.BABAKAN DS.KIARAPAYUNG', 'KEC.KLARI KARAWANG', 1, 9, 83, 6),
(699, 'IKHSAN FIRMAN WICAKSONO', 'I-3664 BK', NULL, NULL, 11, 6, 3, 1, 2, 0, '2020-11-22', 'PURWAKARTA', '1995-10-02', 1, '', '', 'JL.K.K.SINGAWINATA GG TURI II NO.13A', 'RT.16/02 KEL.NAGRI TENGAH PURWAKARTA', 1, 9, 83, 6),
(700, 'KUSNADI', 'I-3670 BK', NULL, NULL, 26, 6, 3, 1, 1, 0, '2021-02-21', 'KARAWANG', '1996-07-01', 1, '', '', 'DS.KARYASARI KEC.RENGASDENGKLOK', 'RT.53/23 KARAWANG', 1, 9, 83, 6),
(701, 'RIZKY TAUFIK', 'I-3677 BK', NULL, NULL, 26, 6, 3, 1, 1, 1, '2021-01-20', 'KARAWANG', '1995-04-02', 1, '', '', 'JL. CENDANA RT.06/03 KP.SADANG', 'DS.PURWASARI KARAWANG', 1, 9, 83, 6),
(702, 'SETIAWAN', 'I-3679', NULL, NULL, 6, 6, 1, 1, 1, 1, '2021-02-02', 'TANGERANG', '1996-05-21', 1, '', '', 'DS.KARYASARI RT.08/04 KEC.RENGASDENGKLOK', 'KARAWANG', 1, 9, 83, 6),
(703, 'WAHYU NUGRAHA', 'I-3682 BK', NULL, NULL, 40, 6, 3, 1, 2, 0, '2021-01-11', 'KARAWANG', '1993-08-04', 1, '', '', 'KP.KAROKROK RT.01/02 DS.KALIJAYA', 'KEC.TELAGASARI KARAWANG', 1, 9, 83, 6),
(704, 'YUGI PRIMACIPTA', 'I-3686 BK', NULL, NULL, 26, 6, 3, 1, 2, 0, '2020-02-07', 'KARAWANG', '1995-06-02', 1, '', '', 'KP.PAWARENGAN RT.03/12 DS.DAWUAN TIMUR', 'KARAWANG', 1, 9, 83, 6),
(705, 'CARMAN', 'I-3689', NULL, NULL, 24, 6, 1, 1, 2, 0, '2019-01-02', 'KARAWANG', '1994-08-09', 1, '', '', 'DSN.JARIMULYA RT.12/03 KEC.KLARI', 'KARAWANG', 1, 9, 83, 6),
(706, 'WARDI', 'I-3693 BK', NULL, NULL, 40, 6, 3, 1, 1, 2, '2019-02-11', 'KARAWANG', '1980-07-08', 1, '', 'O', 'KP.KALIOYOD RT.03/03 DS.WANCIMEKAR', 'KARAWANG', 1, 9, 83, 6),
(707, 'SUEB HIDAYAT', 'I-3698 BK', NULL, NULL, 42, 6, 3, 1, 1, 2, '2021-03-16', 'KARAWANG', '1985-04-23', 1, '', 'O', 'DSN.KAUM TUA RT.01/04 DS.', 'JATISARI KARAWANG', 1, 9, 83, 6),
(708, 'NANANG SAEPULLOH HIDAYAT', 'I-3699 BK', NULL, NULL, 42, 6, 3, 1, 1, 2, '2020-11-25', 'JEMBER', '1975-06-07', 1, '', 'O', 'KP.WANGUNJAYA RT.14/03', 'DS.CITALANG KAB.PURWAKART', 1, 9, 83, 6),
(709, 'SUHANDA', 'I-3700 BK', NULL, NULL, 24, 6, 3, 1, 1, 2, '2021-01-07', 'KARAWANG', '1984-07-15', 1, '', 'O', 'KP.LANGSEB RT.02/02 DS.KERTARAHARJA', 'KEC.PEDES - KARAWANG', 1, 9, 83, 6),
(710, 'ANGGA FIRMANSYAH', 'I-3710 BK', NULL, NULL, 26, 6, 3, 1, 1, 2, '2019-11-05', 'CIAMIS', '1992-08-14', 1, '', '', 'DS.CIBALONGSARI RT.06/01 DSN.KRAJAN I', 'KEC.KLARI KARAWANG', 1, 9, 83, 6),
(711, 'TONI PATONI', 'I-3712 BK', NULL, NULL, 11, 6, 3, 1, 1, 1, '2021-02-12', 'CIREBON', '1990-01-12', 1, '', 'AB', 'KP. SUKAMULYA DS.CISEUREUH', 'PURWAKARTA', 1, 9, 83, 6),
(712, 'PUZI CANDRA WIGUNA', 'I-3713 BK', NULL, NULL, 17, 6, 3, 1, 2, 0, '2020-12-17', 'SUMEDANG', '1994-10-26', 1, '', '', 'DS.CIBITUNG KEC.BUAHDUA KAB.SUMEDANG', 'RT.001 / 005 SUMEDANG', 1, 9, 83, 6),
(713, 'TEGUH RIANTO', 'I-3714 BK', NULL, NULL, 17, 6, 3, 1, 1, 1, '2019-11-04', 'KEBUMEN', '1984-06-15', 1, '', '', 'ROWOKELE RT.003 / 002 ROWOKELE', 'KEBUMEN', 1, 9, 83, 6),
(714, 'ASEP SUNJANA', 'I-3719 BK', NULL, NULL, 40, 6, 3, 1, 1, 2, '2020-10-07', 'PURWAKARTA', '1975-02-14', 1, '', 'A', 'KMP.RAWAWUNGU RT.05/02 DS.KIARAPAYUNG', 'KEC.KLARI KARAWANG', 1, 9, 83, 6),
(715, 'YANA SURYANA', 'I-3720 BK', NULL, NULL, 42, 6, 3, 1, 1, 2, '2020-11-25', 'KARAWANG', '1984-02-03', 1, '', '', 'KP.TEGAL AMBA RT.02/01 DS.KIARA PAYUNG', 'KEC.KLARI KARAWANG', 1, 9, 83, 6),
(716, 'JAMAL MUSTOFA', 'I-3723 BK', NULL, NULL, 26, 6, 3, 1, 1, 0, '2020-10-19', 'KARAWANG', '1990-06-15', 1, '', 'O', 'DSN.PASIRPOGOR RT.11/05 DS.KIARAPAYUNG', 'KEC.KLARI - KARAWANG', 1, 9, 83, 6),
(717, 'WIWIN SUGIANTO', 'I-3724 BK', NULL, NULL, 11, 6, 3, 1, 1, 1, '2020-01-07', 'LAHAT', '1984-07-10', 1, '', '', 'PERUM DIAN ANYAR BLOK NP NO.8 RT.09/12', 'CISEUREUH PURWAKARTA', 1, 9, 83, 6),
(718, 'PARID AJDULAH', 'I-3726 BK', NULL, NULL, 26, 6, 3, 1, 2, 0, '2020-12-12', 'PURWAKARTA', '1992-08-19', 1, '', '', 'KP.CIOMAS RT.08/04 DS.WARUNG KADU', 'KEC.PASAWAHAN PURWAKARTA', 1, 9, 83, 6),
(719, 'WAWAN HERMAWAN', 'I-3728 BK', NULL, NULL, 26, 6, 3, 1, 1, 2, '2019-11-04', 'KARAWANG', '1988-09-09', 1, '', '', 'DSN. PASIRPOGOR RT.12/05 DS.KIARAPAYUNG', 'KEC.KLARI - KARAWANG', 1, 9, 83, 6),
(720, 'ONO', 'I-3732 BK', NULL, NULL, 2, 6, 3, 1, 2, 0, '2021-03-02', 'PURWAKARTA', '1994-07-15', 1, '', 'O', 'KP.SUKAMULYA RT.03/06 DS.JOMIN BARAT', 'KEC.KOTABARU KARAWANG', 1, 9, 83, 6),
(721, 'ENIM', 'I-3742 BK', NULL, NULL, 24, 6, 3, 1, 2, 0, '2019-07-04', 'KARAWANG', '1992-10-11', 1, '', '', 'KP.BABAKAN PANJANG RT.04/06', 'DS.JATISARI KE.JATISARI KARAWANG', 1, 9, 83, 6),
(722, 'USUP SUPARMAN', 'I-3746', NULL, NULL, 23, 6, 1, 1, 1, 2, '2018-08-16', 'KARAWANG', '1986-10-16', 1, '', '', 'JL. RAYA JATISARI DS.MEKARSARI RT.02/01', 'KARAWANG', 1, 9, 83, 6),
(723, 'SUTRISNO', 'I-3961 BK', NULL, NULL, 11, 6, 3, 1, 1, 1, '2021-04-01', 'KARAWANG', '1983-09-30', 1, '', '', 'DSN.RAWAWUNGU RT.05/02 DS.KIARAPAYUNG', 'KEC.KLARI KARAWANG', 1, 9, 83, 6),
(724, 'KARDI', 'I-3756', NULL, NULL, 8, 6, 1, 1, 1, 1, '2018-09-05', 'KARAWANG', '1979-03-01', 1, '', '', 'KOSAMBI II BABAKAN BOGOR', 'KARAWANG', 1, 9, 83, 6),
(725, 'SAEPUL ANWAR', 'I-3763 BK', NULL, NULL, 11, 6, 3, 1, 1, 3, '2019-11-04', 'PURWAKARTA', '1976-07-23', 1, '', '', 'KP.KRAJAN I RT.01/01 DS.PASAWAHAN', 'KIDUL PURWAKARTA', 1, 9, 83, 6),
(726, 'ASEP HENDRA YUDIANA', 'IV-3757', NULL, NULL, 26, 3, 1, 1, 1, 2, '2016-06-08', 'BANDUNG', '1973-04-02', 1, '', '', 'WARUNG MANGGA RT.003/002 KELURAHAN', 'PANUNGGANGAN KEC.PINANG TANGERANG', 1, 9, 83, 6),
(727, 'MUHAMAD IRWAN', 'I-3770 BK', NULL, NULL, 11, 6, 3, 1, 1, 1, '2020-10-19', 'SUBANG', '1981-03-07', 1, '', '', 'MUNJUL JAYA PERMAI RT.09/02', 'PURWAKARTA', 1, 9, 83, 6),
(728, 'SUHERMAN', 'I-3775 BK', NULL, NULL, 42, 6, 3, 1, 1, 1, '2019-02-13', 'KARAWANG', '1990-09-09', 1, '', '', 'DSN.KRAJAN RT.03/01 DS.AMANSARI', 'KEC.RENGASDENGKLOK KARAWANG', 1, 9, 83, 6),
(729, 'AJAT SUDRAJAT', 'I-3773 BK', NULL, NULL, 23, 6, 3, 1, 2, 0, '2021-01-24', 'KARAWANG', '1995-06-20', 1, '', '', 'DSN.PAGADUNGAN RT.001/006', 'PURWASARI-KARAWANG', 1, 9, 83, 6),
(730, 'IWAN KRISTANTO', 'I-3777 BK', NULL, NULL, 40, 6, 3, 1, 1, 3, '2020-07-21', 'SEMARANG', '1975-09-15', 1, '', '', 'PERUM PAGADUNGAN INDAH NO.127', 'JL.TALAGA BODAS PURWASARI KARAWANG', 1, 9, 83, 6),
(731, 'DIAN MULYANTO', 'I-3779 BK', NULL, NULL, 26, 6, 3, 1, 2, 0, '2021-03-15', 'SUBANG', '1991-09-15', 1, '', '', 'PERUM PONDOK MELATI JL.MAWAR 3 BLOK H/22', 'RT.003/007 DAWUAN TIMUR KARAWANG', 1, 9, 83, 6),
(732, 'KOMARUDIN', 'I-3780 BK', NULL, NULL, 26, 6, 3, 1, 1, 1, '2020-10-19', 'PURWAKARTA', '1989-11-02', 1, '', 'O', 'KP.KRAJAN RT.07/03 KEL.TEGAL MUNJUL', 'KAB.PURWAKARTA', 1, 9, 83, 6),
(733, 'GALIH RAKASIWI', 'I-3783', NULL, NULL, 35, 6, 1, 1, 2, 0, '2018-03-20', 'KARAWANG', '1994-11-21', 1, '', '', 'DSN RAWADUKUH RT.003/005', 'KARANGTANJUNG LEMAHABANG', 1, 9, 83, 6),
(734, 'ACEP MUKSIN', 'I-3787 BK', NULL, NULL, 26, 6, 3, 1, 1, 1, '2019-12-05', 'CIMAHI', '1991-06-26', 1, '', '', 'JL.POJOK TENGAH NO.46 RT.02/16', 'KEL.SETIAMANAH CIMAHI', 1, 9, 83, 6),
(735, 'IRVAN PELANI', 'I-3788 BK', NULL, NULL, 26, 6, 3, 1, 1, 2, '2019-12-05', 'GARUT', '1981-03-14', 1, '', '', 'JL.PERMATAKASIH 9 NO.11 REGENCY', 'KOTABARU - KARAWANG', 1, 9, 83, 6),
(736, 'MAMAN', 'I-3789 BK', NULL, NULL, 26, 6, 3, 1, 1, 2, '2019-12-05', 'KARAWANG', '1977-09-09', 1, '', '', 'DSN.PASIRPOGOR RT.13/05 DS.KIARAPAYUNG', 'KEC.KLARI KARAWANG', 1, 9, 83, 6),
(737, 'ENTANG SUMARNA', 'I-3790 BK', NULL, NULL, 26, 6, 3, 1, 1, 1, '2019-11-04', 'KARAWANG', '1989-02-17', 1, '', '', 'DSN.PASIRPOGOR RT.13/05 DS.KIARAPAYUNG', 'KEC.KLARI KARAWANG', 1, 9, 83, 6),
(738, 'SUTARTO', 'I-3795 BK', NULL, NULL, 26, 6, 3, 1, 1, 1, '2020-10-19', 'KENDAL', '1985-12-09', 1, '', '', 'DS.SUMBERSARI RT.02/03 KEC.NGAMPEL', 'KAB. KENDAL', 1, 9, 83, 6),
(739, 'NATA ANDASWARA', 'I-3796 BK', NULL, NULL, 17, 6, 3, 1, 1, 1, '2018-11-03', 'KARAWANG', '1979-10-13', 1, '', '', 'DSN.DAPUR ARENG RT.04/02 DS.CENGKONG', 'KEC.PURWASARI KARAWANG', 1, 9, 83, 6),
(740, 'ALKODRIMAN', 'I-3800 BK', NULL, NULL, 26, 6, 3, 1, 2, 0, '2021-03-02', 'KARAWANG', '1997-05-10', 1, '', '', 'DSN.BAMBURAKI RT.002/004 DS.JATIWANGI', 'KEC.JATISARI KARAWANG', 1, 9, 83, 6),
(741, 'ASDI', 'I-3801 BK', NULL, NULL, 26, 6, 3, 1, 1, 1, '2021-04-01', 'KARAWANG', '1993-02-15', 1, '', 'B', 'KP.KEPUH RT.02/15 DS.KARANGPAWITAN', 'KARAWANG BARAT', 1, 9, 83, 6),
(742, 'HELMI TAUPIK', 'I-3806 BK', NULL, NULL, 26, 6, 3, 1, 2, 0, '2021-02-07', 'CIANJUR', '1990-04-01', 1, '', '', 'KP.CIBODAS RT.002/008 SUDAJAYA HILIR', 'KEC.BAROS SUKABUMI', 1, 9, 83, 6),
(743, 'MUHAMAD FAISAL BINTANG', 'I-3807 BK', NULL, NULL, 26, 6, 3, 1, 2, 0, '2021-06-18', 'KARAWANG', '1994-03-30', 1, '', '', 'PERUM BMI BLOK D.11/19 RT.003/015', 'DAWUAN TENGAH KARAWANG', 1, 9, 83, 6),
(744, 'SIDIK MUHAMMAD NASIKIN', 'I-3808 BK', NULL, NULL, 26, 6, 3, 1, 2, 0, '2021-04-01', 'PURWOREJO', '1995-06-07', 1, '', '', 'PERUM PURI LILY BLOK A NO.16 RT.09/02', 'DS.PURWASARI KARAWANG', 1, 9, 83, 6),
(745, 'JAJANG MUHAENI', 'I-3810 BK', NULL, NULL, 42, 6, 3, 1, 1, 1, '2021-06-22', 'GARUT', '1993-08-08', 1, '', '', 'KP.NYALINDUNG RT.01/06 DS.AWASSAGARA', 'CIKELET - GARUT', 1, 9, 83, 6),
(746, 'ASEP SAEPUDIN', 'I-3811 BK', NULL, NULL, 11, 6, 3, 1, 1, 2, '2020-01-07', 'KARAWANG', '1985-08-27', 1, '', '', 'DSN.PASIRPANJANG RT.02/02 DS.CIBALONG', 'SARI KEC.KLARI KARAWANG', 1, 9, 83, 6),
(747, 'YUYUN ANDRAPAS', 'I-3815 BK', NULL, NULL, 11, 6, 3, 1, 1, 2, '2020-12-01', 'PAJAR BULAN', '1981-02-25', 1, '', 'O', 'DIAN ANYAR BLOK NP 8 RT.09/12', 'KEL.CISEUREUH PURWAKARTA', 1, 9, 83, 6),
(748, 'GUNARTO', 'I-3816 BK', NULL, NULL, 26, 6, 3, 1, 1, 2, '2021-01-18', 'BANTUL', '1974-06-13', 1, '', '', 'DSN.PASIR PANJANG RT.03/02', 'KEL.CIBALONGSARI KEC.KLARI KARAWANG', 1, 9, 83, 6),
(749, 'IRVAN PRABUDI', 'I-3817 BK', NULL, NULL, 26, 6, 3, 1, 1, 2, '2021-02-13', 'KARAWANG', '1987-03-23', 1, '', 'O', 'KP.KRAJAN UTARA RT.04/07', 'CIKAMPEK', 1, 9, 83, 6),
(750, 'HENDRA UMAR', 'I-3822 BK', NULL, NULL, 11, 6, 3, 1, 1, 1, '2020-02-07', 'KARAWANG', '1984-07-16', 1, '', 'AB', 'DSN.DUREN RT.17/05 DS.DUREN', 'KEC.KLARI KARAWANG', 1, 9, 83, 6),
(751, 'ENDANG', 'I-3824 BK', NULL, NULL, 26, 6, 3, 1, 1, 1, '2020-02-07', 'KARAWANG', '1982-07-27', 1, '', '', 'DSN.KRAJAN RT.03/01 DS.KIARAPAYUNG', 'KEC.KLARI KARAWANG', 1, 9, 83, 6),
(752, 'UJANG SURYADI', 'I-3826 BK', NULL, NULL, 6, 6, 3, 1, 1, 3, '2020-01-20', 'BEKASI', '1972-06-28', 1, '', '', 'KP.PINTU RT.003/002 DS.BANARJAYA', 'BEKASI JAWA BARAT', 1, 9, 83, 6),
(753, 'SACEP SAEPUDIN', 'I-3828 BK', NULL, NULL, 30, 6, 3, 1, 1, 2, '2020-02-21', 'KARAWANG', '1972-01-01', 1, '', '', 'DSN.BABAKAN RT.010/004 DS.KIARAPAYUNG', 'KEC.KLARI KARAWANG', 1, 9, 83, 6),
(754, 'CHANDRA DEPIANTO', 'I-3829 BK', NULL, NULL, 11, 6, 3, 1, 1, 3, '2019-09-06', 'PALEMBANG', '1978-12-14', 1, '', '', 'PONDOK PAPANMAS A7/1 RT.04/04', 'SETIAMEKAR KEC.TAMBUN SELATAN', 1, 9, 83, 6),
(755, 'NURCAHYA HIDAYAT', 'I-3830 BK', NULL, NULL, 26, 6, 3, 1, 1, 1, '2019-09-06', 'BANDUNG', '1987-07-29', 1, '', '', 'DSN.PASIR POGOR RT.12/05 DS.KIARA PAYUNG', 'KEC.KLARI KARAWANG', 1, 9, 83, 6),
(756, 'DOVI SUWARDOYO', 'I-3841 BK', NULL, NULL, 26, 6, 3, 1, 1, 1, '2020-10-19', 'BREBES', '1993-12-15', 1, '', '', 'PERUM.KANDIWA II BLOK L NO.9 RT.075/020', 'DS.DUREN KEC.KLARI KARAWANG', 1, 9, 83, 6),
(757, 'DEWANTARA', 'II-3874', NULL, NULL, 16, 5, 1, 1, 1, 2, '2018-08-15', 'PALEMBANG', '1989-12-30', 1, '', '', 'PERUM.BUMI HEGAR ASIH. JL.ANGGREK NO.103', 'RT.005/008 KEL.CISEUREUH PURWAKARTA', 1, 9, 83, 6),
(758, 'HARI MURTADO', 'IV-3875', NULL, NULL, 10, 3, 1, 1, 1, 2, '2018-04-01', 'BELITUNG', '1968-09-23', 1, '', '', 'MUNJUL JAYA PERMAI RT.028/010', 'MUNJUL JAYA - PURWAKARTA', 1, 9, 83, 6),
(759, 'MOCH NURHADI', 'I-3876 BK', NULL, NULL, 25, 6, 3, 1, 1, 3, '2019-12-02', 'GROBOGAN', '1972-12-16', 1, '', '', 'PERUM GRIYA PANORAMA INDAH RT.004 / 011', 'PURWASARI KARAWANG', 1, 9, 83, 6),
(760, 'WINDA DWI PUSPA', 'II-3877', NULL, NULL, 22, 5, 1, 2, 2, 0, '2019-04-04', 'KARAWANG', '1992-12-18', 1, '', '', 'KP.WARUNG KEBON RT.003/004 DS.PURWASARI', 'KEC.PURWASARI KARAWANG', 1, 9, 83, 6),
(761, 'SITI ROBIATUL ADAWIAH', 'I-3878', NULL, NULL, 3, 6, 1, 2, 2, 0, '2019-11-05', 'KARAWANG', '1998-07-31', 1, '', '', 'DSN.SUKAMAKMUR RT.011/004 KEL.ANGGADITA', 'KEC.KLARI KARAWANG 41371', 1, 9, 83, 6),
(762, 'RIDWAN BANI RAHMAN', 'I-3898 BK', NULL, NULL, 11, 6, 3, 1, 2, 0, '2021-02-17', 'KARAWANG', '1991-03-11', 1, '', '', 'KP.KRAJAN UTARA RT.004/007 DS.CIKAMPEK', 'BARAT KAB.KARAWANG', 1, 9, 83, 6);
INSERT INTO `memployee` (`intIdEmployee`, `txtNameEmployee`, `txtNikEmployee`, `txtEmail`, `txtNomorWa`, `intIdDepartment`, `intIdJabatan`, `intTpk`, `intKpw`, `intKtk`, `intJumlahAnak`, `dtmTanggalMasuk`, `txtTempatLahir`, `dtmTanggalLahir`, `intIdAgama`, `txtSuku`, `txtGolonganDarah`, `txtAlamat1`, `txtAlamat2`, `intIdNegara`, `intIdProvinsi`, `intIdKota`, `intIdJenjangPendidikan`) VALUES
(763, 'DENDA PERMANA HERMAWAN', 'I-3903 BK', NULL, NULL, 26, 6, 3, 1, 2, 0, '2019-12-05', 'PURWAKARTA', '1997-12-27', 1, '', '', 'KP.MEKARSARI 1 RT.015/007', 'KEL.PURWAMEKAR KEC.PURWAKARTA', 1, 9, 83, 6),
(764, 'MUHAMAD LUTFI', 'I-3904 BK', NULL, NULL, 11, 6, 3, 1, 2, 0, '2019-11-04', 'CIANJUR', '1997-10-15', 1, '', '', 'PERUM PUSKOPAD C11 RT.007/006', 'KEC.CISEUREUH PURWAKARTA', 1, 9, 83, 6),
(765, 'FARHAN KOMARUDIN', 'I-3884 BK', NULL, NULL, 26, 6, 3, 1, 1, 1, '2019-11-16', 'PURWAKARTA', '1994-12-09', 1, '', '', 'KP.BABAKAN GUDANG 06/03 DS.BABAKAN SARI', 'PLERED PURWAKARTA', 1, 9, 83, 6),
(766, 'MASNO', 'I-3888 BK', NULL, NULL, 11, 6, 3, 1, 1, 1, '2019-12-05', 'KARAWANG', '1993-05-05', 1, '', '', 'DSN.DARINGO RT.01/05 DS.PANGULAH SELATAN', 'KEC.KOTABARU KAB.KARAWANG', 1, 9, 83, 6),
(767, 'IMAN HAMBALI', 'I-3889 BK', NULL, NULL, 11, 6, 3, 1, 2, 0, '2019-12-05', 'PURWAKARTA', '1997-12-22', 1, '', '', 'KP.KRAJAN DS.SUKAMANDI RT.014/002', 'KEC.WANAYASA PURWAKARTA', 1, 9, 83, 6),
(768, 'EUIS KARLINA', 'I-3890 BK', NULL, NULL, 26, 6, 3, 2, 2, 0, '2019-10-04', 'KARAWANG', '1998-05-10', 1, '', '', 'KP.TANJUNG RT.020/005 KEL.PLAWAD', 'KEC.KARAWANG TIMUR', 1, 9, 83, 6),
(769, 'RICO MULYA SIHABUDIN', 'I-3893 BK', NULL, NULL, 26, 6, 3, 1, 2, 0, '2019-11-04', 'KARAWANG', '1997-07-11', 1, '', '', 'DSN.GALUR RT.011/003 DS.CIKAMPEK SELATAN', 'KAB.KARAWANG', 1, 9, 83, 6),
(770, 'BAYU KAMALUDIN SAPUTRA', 'I-3901 BK', NULL, NULL, 26, 6, 3, 1, 2, 0, '2019-12-05', 'PURWAKARTA', '1998-07-02', 1, '', '', 'KP.MALANG NENGAH WETAN RT.014/010', 'NAGRI TENGAH PURWAKARTA', 1, 9, 83, 6),
(771, 'SOBIRIN', 'I-3909 BK', NULL, NULL, 26, 6, 3, 1, 1, 1, '2019-12-13', 'MAJALENGKA', '1993-04-21', 1, '', '', 'DS.KIARA PAYUNG KEC.KLARI', 'KARAWANG', 1, 9, 83, 6),
(772, 'IRWAN AHMAD FAHREJI', 'I-3913 BK', NULL, NULL, 26, 6, 3, 1, 2, 0, '2021-01-04', 'KARAWANG', '1996-05-29', 1, '', '', 'DS.LEMAHDUHUR RT.015 RW.004', 'KEC.TEMPURAN KAB.KARAWANG', 1, 9, 83, 6),
(773, 'WARYONO', 'I-3915 BK', NULL, NULL, 32, 6, 3, 1, 1, 1, '2020-01-16', 'KARAWANG', '1980-02-08', 1, '', '', 'DSN.WAGIR JENGKOL RT.001 RW.003 DS.LEMAH', 'KARYA KEC.TEMPURAN KARAWANG', 1, 9, 83, 6),
(774, 'DJATMIKO PAMBUDI', 'II-3916', NULL, NULL, 34, 5, 1, 1, 1, 1, '2017-11-14', 'KARANGANYAR', '1991-06-14', 1, '', 'B', 'JL.RAYA KOSAMBI DSN.DUREN', 'KOSAMBI KARAWANG', 1, 9, 83, 6),
(775, 'RIFMI FIRDAUS', 'II-3919', NULL, NULL, 8, 5, 1, 1, 1, 1, '2018-12-22', 'PURWAKARTA', '1994-10-26', 1, '', '', 'PERUM BUMI HEGAR ASIH BLOK 2 NO.136', 'PURWAKARTA', 1, 9, 83, 6),
(776, 'HERMAN', 'I-3921', NULL, NULL, 25, 6, 1, 1, 1, 2, '2018-12-14', 'KARAWANG', '1982-05-04', 1, '', '', 'DSN.MARGA SALAM RT.05/06', 'LEMAH ABANG WADAS', 1, 9, 83, 6),
(777, 'ADE WAHYUDIN', 'I-3924 BK', NULL, NULL, 14, 6, 3, 1, 1, 2, '2020-03-05', 'KARAWANG', '1979-05-15', 1, '', '', 'PERUM MUSTIKA PRAKARSA RT.018/011', 'DS.CIBALONGSARI BLOK B3 NO.22 KLARI', 1, 9, 83, 6),
(778, 'EKO SUHARTONO', 'I-3925 BK', NULL, NULL, 14, 6, 3, 1, 1, 1, '2020-02-10', 'CIREBON', '1991-04-11', 1, '', '', 'PERUM KARAWANG JAYA BLOK F4 NO.11 RT.037', 'RW.016 DS.GINTUNGKERTA KLARI KARAWANG', 1, 9, 83, 6),
(779, 'RAFLI PRAYOGA', 'I-3926 BK', NULL, NULL, 14, 6, 3, 1, 2, 0, '2019-12-06', 'KARAWANG', '1998-05-25', 1, '', '', 'DSN.RAWAWUNGU RT.004/002 KIARA PAYUNG', 'KEC.KLARI KARAWANG 41371', 1, 9, 83, 6),
(780, 'RENO', 'I-3927 BK', NULL, NULL, 14, 6, 3, 1, 1, 1, '2020-01-13', 'LEBAK', '1994-06-09', 1, '', '', 'KP.CIGEDOGAN RT.050/010 KEL.SINDANGKASIH', 'PURWAKARTA', 1, 9, 83, 6),
(781, 'FAIZAL RAHMAT HIDAYAT', 'I-3929 BK', NULL, NULL, 9, 6, 3, 1, 2, 0, '2020-03-01', 'CIANJUR', '1995-03-16', 1, '', '', 'DSN.WATES RT.003/002 PANCAWATI', 'KEC.KLARI KARAWANG', 1, 9, 83, 6),
(782, 'YANA NURYANA', 'I-3930 BK', NULL, NULL, 5, 6, 3, 1, 1, 3, '2020-02-16', 'SUKABUMI', '1977-11-06', 1, '', '', 'DSN.KRAJAN IV RT.004/009', 'TALAGASARI KARAWANG', 1, 9, 83, 6),
(783, 'ASEP RIKI FIRDAUS', 'I-3938 BK', NULL, NULL, 11, 6, 3, 1, 2, 0, '2019-12-13', 'CIAMIS', '1997-05-28', 1, '', '', 'KAMPUNG BARU RT.008/004 DS.BUNISEURI', 'KECAMATAN CIPAKU KAB.CIAMIS', 1, 9, 83, 6),
(784, 'ARI SANTOSO', 'I-3940 BK', NULL, NULL, 26, 6, 3, 1, 2, 0, '2019-12-13', 'PURWAKARTA', '1997-04-28', 1, '', '', 'KP.CIBARAGALAN DS.CIWANGI RT.001/001', 'KEC.CIBUNGURSARI KAB.PURWAKARTA', 1, 9, 83, 6),
(785, 'ADITIA NUGRAHA', 'I-3941 BK', NULL, NULL, 11, 6, 3, 1, 1, 1, '2019-12-13', 'KARAWANG', '1992-11-26', 1, '', '', 'DSN.WALAHAR 11 RT.004/002', 'WALAHAR KLARI KARAWANG 41371', 1, 9, 83, 6),
(786, 'RIDWAN MAULANA', 'I-3942 BK', NULL, NULL, 11, 6, 3, 1, 1, 0, '2019-12-13', 'KARAWANG', '1996-10-31', 1, '', '', 'JL.R.ALI MUCHTAR RT.003/019 KP.BABAKAN', 'SANANGA ADIARSA BARAT KARAWANG 41313', 1, 9, 83, 6),
(787, 'HANA NURDIANSYAH', 'I-3944 BK', NULL, NULL, 11, 6, 3, 1, 1, 1, '2019-12-13', 'PURWAKARTA', '1992-04-29', 1, '', '', 'KP.SUMBERSARI RT.003/002 DS.SUMBERSARI', 'KEC.KIARAPEDES KAB.PURWAKARTA', 1, 9, 83, 6),
(788, 'HENDRIANTO', 'I-3937 BK', NULL, NULL, 11, 6, 3, 1, 1, 2, '2018-11-13', 'PURWAKARTA', '1982-03-01', 1, '', '', 'PERUM PUSKOPAD C11 RT.007/006 CISEUREUH', 'PURWAKARTA 41118', 1, 9, 83, 6),
(789, 'HASSAN HENDYANTO FATULLAH', 'I-3945 BK', NULL, NULL, 11, 6, 3, 1, 1, 1, '2018-11-12', 'KARAWANG', '1997-08-01', 1, '', '', 'PERUM.TAMAN GRIYA PERMAI BLOK C10/17', 'RT.002/006 DS.PUCUNG KOTABARU KARAWANG', 1, 9, 83, 6),
(790, 'MIFTAH FAKHRI IZUDIN', 'I-3947 BK', NULL, NULL, 26, 6, 3, 1, 2, 0, '2020-10-19', 'KARAWANG', '1995-09-08', 1, '', '', 'DSN.KARANG MAJA RT.003/001 DS.CENGKONG', 'KEC.PURWASARI KAB.KARAWANG', 1, 9, 83, 6),
(791, 'YAYAN SETIAWAN', 'I-3948 BK', NULL, NULL, 11, 6, 3, 1, 2, 0, '2021-01-18', 'KARAWANG', '1996-07-13', 1, '', '', 'KP.RAWABOLANG DSN.PAJATEN RT.003/004', 'DS.DAWUAN TENGAH KARAWANG', 1, 9, 83, 6),
(792, 'DICA HELDYANSYAH FERMANA', 'I-3949 BK', NULL, NULL, 26, 6, 3, 1, 2, 0, '2021-02-02', 'MAJALENGKA', '1998-04-11', 1, '', '', 'DSN.KARAJAN UTARA RT.002/007 DS.CIKAMPEK', 'BARAT KEC.CIKAMPEK KAB.KARAWANG', 1, 9, 83, 6),
(793, 'LAODE ARWANSYAH', 'V-3951', NULL, NULL, 5, 2, 1, 1, 1, 3, '2019-07-03', 'MUNA', '1968-03-24', 1, '', 'O', 'JL.RAWAMAYA II NO.42 RT.009/014', 'BEJI - DEPOK 16421', 1, 9, 83, 6),
(794, 'DIAN PERTIWI', 'I-3853', NULL, NULL, 3, 6, 1, 2, 2, 0, '2018-09-05', 'KARAWANG', '1992-12-13', 1, '', '', 'DSN.KAMUNINGRT.003/002 KALIHURIP', 'KEC.CIKAMPEK KAB.KARAWANG 41373', 1, 9, 83, 6),
(795, 'PHILIA SEPTIANI MEGA PERT', 'I-3954', NULL, NULL, 52, 6, 1, 2, 2, 0, '2019-09-06', 'SUBANG', '1996-09-06', 1, '', '', 'DSN.PANGUNGSEN RT.022/005 DS.CIASEM', 'GIRANG KEC.CIASEM KAB.SUBANG 41256', 1, 9, 83, 6),
(796, 'ASEP HUDAYANA', 'IV-3956', NULL, NULL, 36, 3, 1, 1, 1, 2, '2018-05-14', 'PURWAKARTA', '1973-06-25', 1, '', 'AB', 'JL. BERLIAN 2 BLOK E NO.45 PERUM REGENCY', 'DS.CIKAMPEK UTARA KEC.KOTABARU KARAWANG', 1, 9, 83, 6),
(797, 'ERIK PERDIAN MUHAMAD', 'I-3957 BK', NULL, NULL, 42, 6, 3, 1, 1, 0, '2019-12-04', 'SEMARANG', '1992-09-06', 1, '', '', 'JL.TALAGA BODAS NO.127 RT.003/007', 'PERUM PAGADUNGAN PURWASARI KARAWANG', 1, 9, 83, 6),
(798, 'RICHO ERWANSYAH MAULAND', 'IV-2959', NULL, NULL, 25, 3, 1, 1, 2, 0, '2018-12-04', 'PURWAKARTA', '1992-09-14', 1, '', '', 'JL.RAYA INDUSTRI NO.34 ASAHI-UBRUG', 'JATILUHUR PURWAKARTA', 1, 9, 83, 6),
(799, 'HUSEN', 'I-3960 BK', NULL, NULL, 40, 6, 3, 1, 1, 1, '2020-01-13', 'KARAWANG', '1987-04-02', 1, '', '', 'DSN.TANJUNG KERTA DS.MEDAN KARYA RT.007', 'RW.003 KEC.TIRTA JAYA KAB.KARAWANG', 1, 9, 83, 6),
(800, 'MUHAMAD NASIRWAN CHANIAGO', 'I-3969 BK', NULL, NULL, 11, 6, 3, 1, 2, 0, '2021-01-18', 'JAKARTA', '1998-03-21', 1, '', '', 'PERUM PERMATA REGENCY JL.OPAL BARAT 5', 'RT.003/015 KOTABARU KARAWANG 41374', 1, 9, 83, 6),
(801, 'ANUGRAH', 'I-3971 BK', NULL, NULL, 11, 6, 3, 1, 2, 0, '2021-04-01', 'PURWAKARTA', '1993-08-07', 1, '', '', 'PERUM JOMIN ESTATE C7/11A RT.002/009', 'JOMIN BARAT KOTABARU KARAWANG 41373', 1, 9, 83, 6),
(802, 'MUHAMMAD AKBAR MAULANA', 'I-3972 BK', NULL, NULL, 11, 6, 3, 1, 2, 0, '2020-12-12', 'KARAWANG', '1997-02-10', 1, '', '', 'JL.INTAN 5 NO.8 PERUM REGENCY RT.002/012', 'CIKAMPEK UTARA, KOTABARU, KARAWANG', 1, 9, 83, 6),
(803, 'AKHSAN MUHAMAD FAUZAN', 'I-3977 BK', NULL, NULL, 11, 6, 3, 1, 2, 0, '2021-06-18', 'GARUT', '1999-02-13', 1, '', '', 'PERUM MUNJULJAYA JL.NAKULA 6 BLOK C24/23', 'PURWAKARTA 41117', 1, 9, 83, 6),
(804, 'MUHAMAD ADRIANSYAH ALRAMA', 'I-3982 BK', NULL, NULL, 11, 6, 3, 1, 1, 1, '2021-03-15', 'SUBANG', '1999-12-22', 1, '', '', 'KP.SUKARASA RT.007/002 DS.TANGGULUN', 'TIMUR KEC.KALIJATI KAB.SUBANG', 1, 9, 83, 6),
(805, 'ESSENZA REZA SAROJA', 'I-3986 BK', NULL, NULL, 11, 6, 3, 1, 2, 0, '2021-06-18', 'KARAWANG', '1997-04-12', 1, '', '', 'DSN.KRAJAN RT.004/001 CIBALONGSARI', 'KLARI KARAWANG', 1, 9, 83, 6),
(806, 'AGUS SETIAWAN SAPUTRA', 'I-3987 BK', NULL, NULL, 11, 6, 3, 1, 2, 0, '2020-12-12', 'KARAWANG', '1995-08-31', 1, '', '', 'PERUM TAMAN JOMIN ESTATE BLOK C5 NO.27', 'RT.004/009 DS.JOMIN BARAT KOTABARU', 1, 9, 83, 6),
(807, 'ANDIKA PRATAMA', 'I-3994 BK', NULL, NULL, 26, 6, 3, 1, 2, 0, '2021-03-15', 'TASIKMALAYA', '1999-10-23', 1, '', '', 'PERUM GRIYA KONDANG ASRI BLOK E7/6', 'DS.KONDANG JAYA KEC.KLARI KARAWANG 41371', 1, 9, 83, 6),
(808, 'WULAN KOSASIH', 'I-3998', NULL, NULL, 22, 6, 1, 2, 2, 0, '2018-02-12', 'PURWAKARTA', '1996-03-11', 1, '', '', 'KP.BONGAS RT.021/004, SINDANGKASIH', 'PURWAKARTA 41112', 1, 9, 83, 6),
(809, 'RIZKY PERMATAWATI', 'I-3999', NULL, NULL, 10, 6, 1, 2, 2, 0, '2019-02-04', 'KARAWANG', '1993-05-30', 1, '', '', 'PERUM BMI I BLOK B4 NO.17 RT.006/016', 'DAWUAN TENGAH CIKAMPEK KARAWANG 41373', 1, 9, 83, 6),
(810, 'AGUK SUGIYANTO', 'II-4000', NULL, NULL, 2, 5, 1, 1, 1, 2, '2019-09-01', 'SURABAYA', '1967-05-17', 1, '', '', 'KOMPLEK BUMI BALE ENDAH ASRI BLOK E2', 'NO.3 KEL.JELEKONG KEC.BALEENDAH BANDUNG', 1, 9, 83, 6),
(811, 'SARIP NUR HIDAYATULLOH', 'I-4001 BK', NULL, NULL, 2, 6, 3, 1, 2, 0, '2021-03-02', 'KARAWANG', '1995-09-23', 1, '', '', 'DSN.KRAJAN NO.74 RT.001/001', 'DS.SIRNABAYA KEC.TELUKJAMBE KARAWANG', 1, 9, 83, 6),
(812, 'DADAN GUNAWAN', 'I-4003 BK', NULL, NULL, 2, 6, 3, 1, 1, 0, '2021-01-04', 'KARAWANG', '1997-06-07', 1, '', '', 'KP.SUKAJADI RT.002/005 KEC.CIKAMPEK', 'DS.CIKAMPEK KAB.KARAWANG', 1, 9, 83, 6),
(813, 'TIO ABDIPUTERA', 'II-4004', NULL, NULL, 34, 5, 1, 1, 2, 0, '2019-03-26', 'BEKASI', '1993-01-28', 1, '', 'B', 'JL.PANDU D NO.409 RT.10/06 KEC.RAWALUMBU', 'BEKASI TIMUR 17114', 1, 9, 83, 6),
(814, 'RAFI ULHAQ', 'I-4008 BK', NULL, NULL, 24, 6, 3, 1, 2, 0, '2021-01-18', 'PURWAKARTA', '1998-12-07', 1, '', '', 'KOMPLEK KPN RT.02/01 KEL.PURWAMEKAR', 'KEC.PURWAKARTA - PURWAKARTA', 1, 9, 83, 6),
(815, 'GAMAL ABDUL KHAIR', 'III-4013', NULL, NULL, 13, 4, 1, 1, 1, 2, '2019-07-23', 'JAKARTA', '1969-01-27', 1, '', '', 'JL.KH HASYIM ASHARI NO.12 RT.02/06', 'KARAWANG BARAT', 1, 9, 83, 6),
(816, 'KARTA WIJAYA', 'I-4026 BK', NULL, NULL, 41, 6, 3, 1, 2, 0, '2020-11-18', 'KARAWANG', '1999-12-12', 1, '', '', 'DSN.RAWAWUNGU RT.005/002 DS.KIARA PAYUNG', 'KEC.KLARI KAB.KARAWANG', 1, 9, 83, 6),
(817, 'EDWARD MAULANA', 'I-4028 BK', NULL, NULL, 19, 6, 3, 1, 1, 1, '2021-01-18', 'KARAWANG', '1995-08-25', 1, '', '', 'KP.PASIRWARU RT.003/001 DS.KARANG ANYAR', 'KEC.KLARI KAB.KARAWANG', 1, 9, 83, 6),
(818, 'FIRMANSYAH PUTRA', 'I-4029 BK', NULL, NULL, 5, 6, 3, 1, 1, 1, '2021-01-28', 'SUMEDANG', '1996-11-19', 1, '', '', 'KP.CIGEDOGAN RT.50/10 SINDANGKASIH', 'PURWAKARTA', 1, 9, 83, 6),
(819, 'SANDI NUGRAHA', 'I-4030 BK', NULL, NULL, 5, 6, 3, 1, 1, 1, '2021-01-28', 'PURWAKARTA', '1994-12-04', 1, '', '', 'KP.BONGAS RT.21/04 SINDANGKASIH', 'PURWAKARTA', 1, 9, 83, 6),
(820, 'HERMAN MAULANA', 'I-4031 BK', NULL, NULL, 9, 6, 3, 1, 2, 0, '2021-03-18', 'KARAWANG', '1998-07-15', 1, '', '', 'DSN.WADAS RT.002/001 DS.WADAS', 'KEC.TELUK JAMBE TIMUR KARAWANG', 1, 9, 83, 6),
(821, 'AFRIANSYAH PRIMA', 'I-4032 BK', NULL, NULL, 11, 6, 3, 1, 1, 1, '2021-02-10', 'JAKARTA', '1994-04-04', 1, '', '', 'PERUM EKAMAS PERMAI BLOK AN NO.27', 'RT.03/04 PANGULAH UTARA KOTABARU', 1, 9, 83, 6),
(822, 'BISMAWAN FRASTA WIRADARMA', 'I-4033 BK', NULL, NULL, 26, 6, 3, 1, 2, 0, '2021-02-01', 'KARAWANG', '1997-08-14', 1, '', '', 'PERUM BMI I BLOK C2/3 RT.008/016', 'DAWUAN TENGAH CIKAMPEK', 1, 9, 83, 6),
(823, 'GALIH DIMYATI', 'I-4035 BK', NULL, NULL, 11, 6, 3, 1, 2, 0, '2020-12-14', 'SEMARANG', '1998-07-18', 1, '', '', 'KP.KRAJAN RT.003/003 DS.PANGULAH SELATAN', 'KEC.KOTABARU KARAWANG', 1, 9, 83, 6),
(824, 'MARCEL PRISKO VEBRIZIO', 'I-4037 BK', NULL, NULL, 11, 6, 3, 1, 2, 0, '2021-01-18', 'PURWAKARTA', '1999-02-19', 1, '', '', 'JL.JENDRAL BASUKI RAHMAT RT.005/008', 'SINDANGKASIH PURWAKARTA', 1, 9, 83, 6),
(825, 'MUHAMMAD ALEX NUGROHO', 'I-4039 BK', NULL, NULL, 26, 6, 3, 1, 2, 0, '2020-12-12', 'KUDUS', '1998-10-23', 1, '', '', 'DSN.RAWAWUNGU RT.004/002 DS.KIARA PAYUNG', 'KEC.KLARI KARAWANG', 1, 9, 83, 6),
(826, 'MUHAMAD AZI NAZILI', 'I-4040 BK', NULL, NULL, 26, 6, 3, 1, 2, 0, '2021-02-16', 'KARAWANG', '2000-01-11', 1, '', '', 'JL.ONIK 3 BLOK F.20 NO.8 PERUM REGENCY', 'CIKAMPEK UTARA KOTABARU KARAWANG', 1, 9, 83, 6),
(827, 'RIO TRI WARDANA', 'I-4041 BK', NULL, NULL, 11, 6, 3, 1, 1, 1, '2021-01-28', 'SUBANG', '1994-01-24', 1, '', '', 'DSN.SIDODADI RT.035/010 CIASEM GIRANG', 'CIASEM SUBANG', 1, 9, 83, 6),
(828, 'SOPIAN', 'I-4042 BK', NULL, NULL, 26, 6, 3, 1, 2, 0, '2021-02-16', 'KARAWANG', '1999-10-19', 1, '', '', 'KP.SUMUR BANDUNG RT.002/007 DS.DAWUAN', 'TIMUR KEC.CIKAMPEK', 1, 9, 83, 6),
(829, 'TUBAGUS GUNTARA', 'I-4044 BK', NULL, NULL, 26, 6, 3, 1, 1, 1, '2021-02-16', 'KARAWANG', '1996-10-20', 1, '', '', 'KP.RAWABOLANG RT.003/004 DAWUAN TENGAH', 'KEC.CIKAMPEK', 1, 9, 83, 6),
(830, 'MUHAMMAD WAHYUDIN', 'I-4046 BK', NULL, NULL, 26, 6, 3, 1, 2, 0, '2021-01-18', 'KARAWANG', '2000-03-18', 1, '', '', 'KRAJAN II RT.001/006 DS.JATIWANGI', 'KEC.JATISARI KAB.KARAWANG', 1, 9, 83, 6),
(831, 'ALIF GUSTI WIDYATAMA', 'II-4049', NULL, NULL, 16, 5, 1, 1, 2, 0, '2018-08-20', 'KLATEN', '1992-05-07', 1, '', '', 'PERUM EKAMAS PERMAI BLOK BE NO.01', 'PANGULAH UTARA KOTABARU', 1, 9, 83, 6),
(832, 'HENDRY KURNIAWAN', 'I-4050 BK', NULL, NULL, 9, 6, 3, 1, 2, 0, '2021-03-18', 'PURWAKARTA', '1999-09-28', 1, '', '', 'KP.SELAERIH RT.014/005 DS.BUNDER', 'KEC.JATILUHUR KAB.PURWAKARTA 41152', 1, 9, 83, 6),
(833, 'RIKI WAHYUDI', 'I-4051 BK', NULL, NULL, 27, 6, 3, 1, 2, 0, '2021-02-16', 'KARAWANG', '1998-04-24', 1, '', '', 'KP.SUMUR BANDUNG KIDUL DS.DAWUAN TIMUR', 'RT.002/006 CIKAMPEK KARAWANG', 1, 9, 83, 6),
(834, 'NURIL FAHMI', 'I-4052 BK', NULL, NULL, 25, 6, 3, 1, 1, 2, '2020-10-07', 'BEKASI', '1975-09-01', 1, '', '', 'JL.BINTARA 14 RT.006/009 DS.BINTARA', 'KEC.BEKASI BARAT', 1, 9, 83, 6),
(835, 'ANDRIAN FIRMANSYAH', 'I-4054 BK', NULL, NULL, 8, 6, 3, 1, 2, 0, '2020-10-19', 'KARAWANG', '2000-07-03', 1, '', '', 'DSN.KARAJAN RT.003/008 DS.DAWUAN TENGAH', 'KEC.CIKAMPEK KAB.KARAWANG 41373', 1, 9, 83, 6),
(836, 'ALDY DEGAWIJAYA', 'I-4055 BK', NULL, NULL, 8, 6, 3, 1, 1, 2, '2020-10-19', 'TANGERANG', '1993-12-31', 1, '', '', 'PERUM BUMI HEGAR ASIH RT.006/008 NO.84', 'PURWAKARTA', 1, 9, 83, 6),
(837, 'YUSFIE CHANDRA PURNAMA', 'I-4056 BK', NULL, NULL, 26, 6, 3, 1, 2, 0, '2021-02-24', 'PURWAKARTA', '1999-11-26', 1, '', '', 'MUNJUL JAYA PERMAI BLOK C24 NO.16', 'RT.062/010 PURWAKARTA', 1, 9, 83, 6),
(838, 'ASEP SOMANTRI', 'I-4057 BK', NULL, NULL, 26, 6, 3, 1, 1, 1, '2021-02-16', 'PURWAKARTA', '1995-05-09', 1, '', '', 'KP.BABAKAN GUDANG RT.006/003 DS.BABAKAN', 'SARI KEC.PLERED KAB.PURWAKARTA', 1, 9, 83, 6),
(839, 'DENI YULIANA', 'I-4058 BK', NULL, NULL, 26, 6, 3, 1, 2, 0, '2021-02-16', 'TASIKMALAYA', '1995-07-31', 1, '', '', 'JL.TAMAN PAHLAWAN RT.002/001 DS.CIKALANG', 'KEC.TAWANG TASIKMALAYA', 1, 9, 83, 6),
(840, 'MUHAMAD ARIF', 'I-4059 BK', NULL, NULL, 11, 6, 3, 1, 2, 0, '2021-01-04', 'CIAMIS', '1999-08-15', 1, '', '', 'DSN.CIBOGO RT.013/004 DS.CIBOGO', 'KEC.PADAHERANG KAB.PANGANDARAN', 1, 9, 83, 6),
(841, 'M MAULANA IRVAN DIANSAH', 'I-4062 BK', NULL, NULL, 17, 6, 3, 1, 2, 0, '2021-01-20', 'BREBES', '1996-05-30', 1, '', 'O', 'GG.KENANGA I RT.042/005 KEL.NAGRI KALER', 'PURWAKARTA 41115', 1, 9, 83, 6),
(842, 'M RIZKI SUBAGJA', 'I-4063 BK', NULL, NULL, 17, 6, 3, 1, 1, 1, '2021-01-22', 'KARAWANG', '1994-08-20', 1, '', '', 'DSN.KLAPANUNGGAL RT.026/007 DS.GINTUNG', 'KERTA KEC.KLARI KARAWANG', 1, 9, 83, 6),
(843, 'DENI PERMANA', 'I-4064 BK', NULL, NULL, 17, 6, 3, 1, 2, 0, '2021-01-29', 'CIAMIS', '1997-08-07', 1, '', 'AB', 'DSN.BANTARDAWA RT.010/003 DS.BANTARDAWA', 'KEC.PURWADADI KAB.CIAMIS', 1, 9, 83, 6),
(844, 'BAITUL HAMDI', 'V-4066', NULL, NULL, 52, 2, 1, 2, 2, 0, '2019-08-16', 'MEDAN', '1981-10-09', 2, '', '', 'PERUM BUMI MARGASARI PERMAI BLOK C NO.11', 'DS.MARGASARI KEC.KARAWANG TIMUR 41371', 1, 9, 83, 6),
(845, 'FIRMAN FIRDAUS', 'I-4070 BK', NULL, NULL, 19, 6, 3, 1, 1, 1, '2021-04-01', 'PURWAKARTA', '1996-11-29', 1, '', '', 'KP.BABAKAN GUDANG RT.006/003 DS.BABAKAN', 'SARI KEC.PLERED KAB.PURWAKARTA 41162', 1, 9, 83, 6),
(846, 'JAELANI', 'I-4071 BK', NULL, NULL, 8, 6, 3, 1, 1, 1, '2021-01-06', 'KARAWANG', '1994-10-07', 1, '', '', 'KP.CISELANG RT.002/004 DS.KARANG JAYA', 'KEC.TIRTAMULYA KAB.KARAWANG 41372', 1, 9, 83, 6),
(847, 'ERIK KURNIAWAN', 'I-4072 BK', NULL, NULL, 8, 6, 3, 1, 2, 0, '2021-01-06', 'KARAWANG', '1999-09-29', 1, '', '', 'KP.KRAJAN II RT.001/001 KEC.JATISARI', 'DS.SUKAMEKAR KAB.KARAWANG', 1, 9, 83, 6),
(848, 'RIDO FEBRIANTO EKAPUTRA', 'II-4073BK', NULL, NULL, 32, 5, 3, 1, 2, 0, '2021-03-22', 'KARAWANG', '1994-02-28', 1, '', 'B', 'PERUM KARANG MAS INDAH B.5/7B RT.002/014', 'DS.DAWUAN TENGAH KEC.CIKAMPEK KARAWANG', 1, 9, 83, 6),
(849, 'BAGUS PURNAMA ARDI', 'II-4074BK', NULL, NULL, 8, 5, 3, 1, 2, 0, '2021-02-03', 'PURWAKARTA', '1995-08-20', 1, '', '', 'KP.CIHIDEUNG RT.023/004 DS.MULYAMEKAR', 'KEC.BABAKANCIKAO KAB.PURWAKARTA', 1, 9, 83, 6),
(850, 'MAULANA YUSUF ASSIDIQ', 'I-4076 BK', NULL, NULL, 14, 6, 3, 1, 2, 0, '2021-03-04', 'KENDAL', '2001-01-09', 1, '', '', 'PERUM EKAMAS PERMAI BLOK BE NO.14 RT.1/5', 'PANGULAH UTARA-KOTABARU-KARAWANG', 1, 9, 83, 6),
(851, 'SZALFRENDYO ALFARIZKY H R', 'I-4078 BK', NULL, NULL, 23, 6, 3, 1, 2, 0, '2021-06-21', 'TANGERANG', '1999-12-15', 1, '', '', 'DSN.RAWAWUNGU RT.004/002 DS.KIARAPAYUNG', 'KEC.KLARI KAB.KARAWANG 41372', 1, 9, 83, 6),
(852, 'NETY HERAWATI', 'II-4077', NULL, NULL, 50, 5, 1, 2, 2, 0, '2019-03-01', 'SUKABUMI', '1989-11-13', 1, '', '', 'JL.GAGAK LUMAYUNG NO.56 RT.03/12', 'GARUT', 1, 9, 83, 6),
(853, 'DANI NUGRAHA', 'I-4081', NULL, NULL, 3, 6, 1, 1, 1, 1, '2020-11-01', 'CIAMIS', '1992-08-29', 1, '', '', 'JL.CITAPEN NO.53 KEC.CIAMIS', 'KAB.CIAMIS', 1, 9, 83, 6),
(854, 'NUR WULAN', 'I-4084', NULL, NULL, 3, 6, 1, 2, 2, 0, '2019-04-23', 'JAKARTA', '1994-11-14', 1, '', 'B', 'JL.CEMPAKA 7 NO.17 REGENCY RT.002/013', 'CIKAMPEK UTARA KOTABARU KARAWANG 41373', 1, 9, 83, 6),
(855, 'PANGERAN MENAK SIBURIAN', 'I-4086 BK', NULL, NULL, 24, 6, 3, 1, 2, 0, '2019-07-08', 'SILAGA-LAGA', '1997-04-22', 2, '', '', 'DSN.BAKAN EMPANG RT.002/010 DS.PUCUNG', 'KEC.KOTABARU KAB.KARAWANG 41373', 1, 9, 83, 6),
(856, 'ZULHAKIM', 'II-4088', NULL, NULL, 13, 5, 1, 1, 1, 2, '2019-07-22', 'PALU', '1978-12-28', 1, '', '', 'DSN.SUKAMUKTI RT.012/007 DS.TELUKJAMBE', 'KEC.TELUKJAMBE TIMUR KARAWANG', 1, 9, 83, 6),
(857, 'ERRY CAHYONO', 'II-4087', NULL, NULL, 6, 5, 1, 1, 1, 2, '2021-01-25', 'KARAWANG', '1980-01-23', 1, '', 'O', 'PERUM GRAHA KARAWANG BLOK C7 NO.24', 'PURWADANA, KARAWANG', 1, 9, 83, 6),
(858, 'FAZAR PAMENANG', 'I-4089 BK', NULL, NULL, 11, 6, 3, 1, 2, 0, '2019-08-26', 'KARAWANG', '1997-05-13', 1, '', '', 'DSN.KOPO NO.30 RT.008/002', 'KEC.KLARI KAB.KARAWANG', 1, 9, 83, 6),
(859, 'MUHAMAD PAJAR SIDIK', 'I-4104 BK', NULL, NULL, 11, 6, 3, 1, 2, 0, '2019-08-26', 'KARAWANG', '2000-08-28', 1, '', '', 'DSN.KALIHURIP RT.006/002 DS.DUREN', 'KEC.KLARI KAB.KARAWANG', 1, 9, 83, 6),
(860, 'A SYARIFUDIN GUNTORO', 'I-4112 BK', NULL, NULL, 26, 6, 3, 1, 2, 0, '2019-08-26', 'LMAPUNG', '1995-11-06', 1, '', 'O', 'KP.SADANG RT.003/003 DS.PURWASARI', 'KEC.PURWASARI KAB.KARAWANG', 1, 9, 83, 6),
(861, 'YEDI ZAKARIA', 'I-4113 BK', NULL, NULL, 26, 6, 3, 1, 1, 1, '2019-08-26', 'KARAWANG', '1994-06-10', 1, '', '', 'DSN.WIRAKARYA RT.001/006 CIKAMPEK KOTA', 'KEC.CIKAMPEK KAB.KARAWANG', 1, 9, 83, 6),
(862, 'HERA FATHURROHMAN', 'I-4115 BK', NULL, NULL, 11, 6, 3, 1, 2, 0, '2019-08-26', 'CIAMIS', '2000-11-12', 1, '', '', 'DSN.BUNIASIH RT.004/006 DS.KUTAWARINGIN', 'KEC.PURWADADI KAB.CIAMIS', 1, 9, 83, 6),
(863, 'SURYANA', 'I-4117 BK', NULL, NULL, 26, 6, 3, 1, 2, 0, '2019-08-26', 'KARAWANG', '1999-10-06', 1, '', '', 'DSN.KRAJAN RT.003/001 DS.KIARAPAYUNG', 'KEC.KLARI KARAWANG', 1, 9, 83, 6),
(864, 'DONI NURYADI', 'I-4119 BK', NULL, NULL, 11, 6, 3, 1, 2, 0, '2019-08-26', 'CILEGON', '1994-11-27', 1, '', '', 'KP.KAMIJAYA RT.002/001 DS.DAWUAN BARAT', 'KEC.CIKAMPEK KARAWANG', 1, 9, 83, 6),
(865, 'YOHANES ADHITYA WIJAYA', 'V-4090 BK', NULL, NULL, 50, 2, 3, 1, 1, 3, '2019-08-19', 'PALEMBANG', '1968-02-10', 2, '', '', 'MAPLE PARK APARTMENT,TOWER B, 18TH FLOOR', 'UNIT Y, JAKARTA PUSAT', 1, 9, 83, 6),
(866, 'FASINDO JUSTICE HULU', 'II-4129', NULL, NULL, 17, 5, 1, 1, 2, 0, '2019-09-23', 'TELUK PANJI', '1994-11-22', 2, '', '', 'DSN.KRAJAN I RT.002/001 DS.CIBALONGSARI', 'KEC.KLARI KAB.KARAWANG', 1, 9, 83, 6),
(867, 'ARY SUNANDAR', 'II-4130', NULL, NULL, 17, 5, 1, 1, 2, 0, '2019-09-23', 'KRUENG-GEUKUEH', '1994-04-12', 1, '', '', 'DSN.KRAJAN I RT.002/001 DS.CIBALONGSARI', 'KEC.KLARI KAB.KARAWANG', 1, 9, 83, 6),
(868, 'ARI WIBOWO', 'II-4133', NULL, NULL, 34, 5, 1, 1, 2, 0, '2019-10-23', 'BENGKULU', '1997-03-21', 1, '', 'A', 'JL.RAYA KOSAMBI I NO.41E RT.03/19', 'DS.DUREN KEC.KLARI KARAWANG 41371', 1, 9, 83, 6),
(869, 'HIBAH BASKORO RAHMAN', 'II-4134', NULL, NULL, 21, 5, 1, 1, 2, 0, '2019-10-23', 'TEGAL', '1998-03-27', 1, '', '', 'JL.RAYA KOSAMBI RT.03/19 DS.DUREN', 'KEC.KLARI KARAWANG 41371', 1, 9, 83, 6),
(870, 'SUDIRMAN', 'II-4135', NULL, NULL, 13, 5, 1, 1, 2, 0, '2019-10-23', 'CIREBON', '1996-12-07', 1, '', '', 'JL.RAYA KOSAMBI RT.03/19', 'DS.DUREN KEC.KLARI KARAWANG 41371', 1, 9, 83, 6),
(871, 'SUHERI', 'I-4136 BK', NULL, NULL, 17, 6, 3, 1, 2, 0, '2019-11-13', 'KARAWANG', '1997-03-29', 1, '', '', 'KP.NAGASARI RT.010/006 DS.KARANGSARI', 'KEC.PURWASARI KARAWANG 41373', 1, 9, 83, 6),
(872, 'YUSUF MAULANA', 'I-4137 BK', NULL, NULL, 17, 6, 3, 1, 2, 0, '2019-11-13', 'KARAWANG', '1999-01-06', 1, '', '', 'DSN.PASIRPOGOR RT.011/005', 'DS.KIARA PAYUNG KEC.KLARI KARAWANG', 1, 9, 83, 6),
(873, 'VILLO AMELIO SILAHOY', 'I-4139 BK', NULL, NULL, 17, 6, 3, 1, 1, 0, '2019-11-13', 'PURWAKARTA', '1992-05-19', 2, '', '', 'PERUM MULYAMEKAR BLOK A.8 RT.019/008', 'DS.MULYAMEKAR BABAKAN CIKAO PURWAKAKARTA', 1, 9, 83, 6),
(874, 'MUHAMMAD NUR HIDAYAT', 'I-4140 BK', NULL, NULL, 26, 6, 3, 1, 1, 1, '2019-11-25', 'BANYUMAS', '1995-08-19', 1, '', '', 'PERUM BIP BLOK DA 23/01 RT.002/017', 'DS.CIKAMPEK BARAT KAB.KARAWANG 41373', 1, 9, 83, 6),
(875, 'RACHMA AULIA HIMAWATI', 'I-4141 BK', NULL, NULL, 26, 6, 3, 2, 2, 0, '2019-11-25', 'BREBES', '2000-09-09', 1, '', '', 'PURI KOSAMBI II BLOK CN.32 RT.059/017', 'DS.DUREN KEC.KLARI KARAWANG 41371', 1, 9, 83, 6),
(876, 'LINTANG RIZKI PERDANA', 'I-4143 BK', NULL, NULL, 26, 6, 3, 1, 2, 0, '2019-11-25', 'KARAWANG', '1999-04-10', 1, '', '', 'GRIYA PESONA ASRI B10/10 RT.005/009', 'DS.CIBALONGSARI KEC.KLARI KARAWANG', 1, 9, 83, 6),
(877, 'IBNU KHOLID AL HUJAIFI', 'I-4144 BK', NULL, NULL, 26, 6, 3, 1, 2, 0, '2019-11-25', 'PURWAKARTA', '1999-07-19', 1, '', '', 'JL.A.YANI GG.PEMUDA RT.016/005', 'DS.CIPAISAN PURWAKARTA', 1, 9, 83, 6),
(878, 'DAVIS NAUFAL MUSYAFFA', 'I-4145 BK', NULL, NULL, 11, 6, 3, 1, 2, 0, '2019-11-25', 'KARAWANG', '2001-05-03', 1, '', '', 'DSN TURI TIMUR RT.004/002 DS.TANJUNGJAYA', 'KEC.TEMPURAN KARAWANG 41385', 1, 9, 83, 6),
(879, 'SURYA WIDYA PRATAMA', 'II-4146', NULL, NULL, 20, 5, 1, 1, 2, 0, '2021-01-11', 'SAMARINDA', '1994-04-13', 1, '', '', 'JL.KALIURANG KM.7,3 NO.135C RT.005/044', 'CONDONGCATUR DEPOK SLEMAN YOGYAKARTA', 1, 9, 83, 6),
(880, 'MAULIDA SARI', 'II-4147', NULL, NULL, 25, 5, 1, 2, 2, 0, '2020-11-25', 'PURWOKERTO', '1997-07-11', 1, '', '', 'JL.JATIWINANGUN GG.ARJUNA 10 RT.003/009', 'DS.PURWOKERTO LOR BANYUMAS', 1, 9, 83, 6),
(881, 'DENNY HERDIANSYAH', 'III4149BK', NULL, NULL, 8, 4, 3, 1, 1, 2, '2019-12-23', 'KARAWANG', '1980-05-16', 1, '', '', 'VILA PERMATA CIKAMPEK JL.DELIMA 1 NO.8', 'BLOK EG2 CIKAMPEK BARAT KARAWANG', 1, 9, 83, 6),
(882, 'MUHAMAD AINUN RAMADHAN', 'I-4150 BK', NULL, NULL, 1, 6, 3, 1, 2, 0, '2019-12-23', 'SUBANG', '1999-10-12', 1, '', '', 'DSN.MARGATANI RT.003/003 DS.CIASEM BARU', 'KEC.CIASEM KAB.SUBANG', 1, 9, 83, 6),
(883, 'HENDAR RUM SUMARJAN', 'II-4152BK', NULL, NULL, 41, 5, 3, 1, 1, 2, '2020-02-10', 'SUKABUMI', '1978-07-18', 1, '', '', 'PERUM CENTRAL PARK BLOK E8 NO.15 RT.60', 'RW.24 DS.KARANG RAHARJA CIKARANG 17550', 1, 9, 83, 6),
(884, 'SURONO', 'IV-4153', NULL, NULL, 35, 3, 1, 1, 1, 2, '2020-03-23', 'SURAKARTA', '1976-12-23', 1, '', '', 'PERUM CITALANG INDAH BLOK C14 RT.020/005', 'DS.CITALANG KEC.PURWAKARTA', 1, 9, 83, 6),
(885, 'HENDRA KOMARA', 'III-4154', NULL, NULL, 12, 4, 1, 1, 1, 2, '2020-04-20', 'BANDUNG', '1987-06-13', 1, '', 'O', 'KP.PASUNG RT.003009 DS.KATAPANG', 'KEC.KATAPANG KAB.BANDUNG', 1, 9, 83, 6),
(886, 'MUHAMMAD TAUFIQURRAHMAN.C', 'II-4156', NULL, NULL, 25, 5, 1, 1, 2, 0, '2020-10-07', 'BANYUWANGI', '1997-11-30', 1, '', '', 'BUMI TELUKJAMBE BLOK LR.11 SUKALUYU', 'TELUKJAMBE TIMUR KARAWANG 41361', 1, 9, 83, 6),
(887, 'HERMAWAN SUSANTO', 'I-4157 BK', NULL, NULL, 39, 6, 3, 1, 2, 0, '2020-10-07', 'KARAWANG', '1998-01-29', 1, '', '', 'DSN.PASIR PANJANG RT.001/002 DS.CIBALONG', 'SARI KEC. KLARI KAB. KARAWANG', 1, 9, 83, 6),
(888, 'MEDI PRASETYO UTOMO', 'II-4158', NULL, NULL, 25, 5, 1, 1, 2, 0, '2020-10-16', 'KLATEN', '2000-05-05', 1, '', 'B', 'POGUNG CILIK RT.27/12', 'KEC.POGUNG KLATEN', 1, 9, 83, 6),
(889, 'RIZKA FEBRADANISKA', 'I-4160 BK', NULL, NULL, 2, 6, 3, 1, 2, 0, '2020-11-02', 'KUNINGAN', '2000-02-27', 1, '', '', 'DSN.SAWAH BARU RT.002/007 DS.JATIBARU', 'KEC.JATISARI KARAWANG 41374', 1, 9, 83, 6),
(890, 'NANDANG WIJAYA', 'I-4161 BK', NULL, NULL, 14, 6, 3, 1, 2, 0, '2020-11-02', 'KARAWANG', '2000-11-28', 1, '', '', 'JL.KALIHURIP RT.005/002 DS.DUREN', 'KEC.KLARI KAB.KARAWANG', 1, 9, 83, 6),
(891, 'ARMAN MAULANA', 'I-4162 BK', NULL, NULL, 14, 6, 3, 1, 2, 0, '2020-11-02', 'KARAWANG', '1999-02-20', 1, '', '', 'DSN.BOLED RT.003/004 DS.BELENDUNG', 'KECKLARI KAB.KARAWANG 41371', 1, 9, 83, 6),
(892, 'ARIE RAHMAN', 'II-4165BK', NULL, NULL, 2, 5, 3, 1, 2, 0, '2020-11-17', 'MAJALENGKA', '1988-09-06', 1, '', '', 'JL. MUTIARA NO.15 BLOK C RT.02/03', 'DS.RAJAGALUHLOR KEC.RAJAGALUH MAJALENGKA', 1, 9, 83, 6),
(893, 'BUDI NOVIAN SYAH', 'II-4166BK', NULL, NULL, 1, 5, 3, 1, 1, 2, '2020-11-17', 'BANYUWANGI', '1992-11-18', 1, '', '', 'PERUM GRAND PERMATA KOSAMBI BLOK E3 NO.5', 'DS.CIREJAG KEC.KLARI KAB.KARAWANG 41371', 1, 9, 83, 6),
(894, 'MUHAMAD KHAERUL INSAN', 'I-4167 BK', NULL, NULL, 2, 6, 3, 1, 2, 0, '2020-11-17', 'PURWAKARTA', '1998-04-13', 1, '', '', 'JL.MR.DR.KUSUMAH ATMAJA GG.WALANGI NO.58', 'RT.01/01 CIPAISAN PURWAKARTA', 1, 9, 83, 6),
(895, 'NURNENDA', 'I-4168 BK', NULL, NULL, 1, 6, 3, 1, 2, 0, '2020-12-07', 'KARAWANG', '2002-04-24', 1, '', '', 'KP.SUKASENANG RT.02/02 DS.CIKAMPEK UTARA', 'KEC.KOTABARU KAB.KARAWANG', 1, 9, 83, 6),
(896, 'ARIF RAMDAN MAULANA', 'I-4169 BK', NULL, NULL, 1, 6, 3, 1, 2, 0, '2020-12-07', 'KARAWANG', '2002-07-20', 1, '', '', 'KP.PASIR PANJANG RT.01/02', 'DS.CIBALONGSARI KEC.KLARI KAB.KARAWANG', 1, 9, 83, 6),
(897, 'FARHAN RAMADHAN', 'I-4170 BK', NULL, NULL, 1, 6, 3, 1, 2, 0, '2020-12-07', 'KEBUMEN', '1998-01-03', 1, '', 'O', 'PINAYUNGAN TELUKJAMBE TIMUR', 'KAB.KARAWANG', 1, 9, 83, 6),
(898, 'YOGA AGUNG PAMBUDI', 'I-4171 BK', NULL, NULL, 24, 6, 3, 1, 2, 0, '2020-12-07', 'BANDUNG', '1998-03-09', 1, '', '', 'KP.PASUNG RT.03/09 DS.KATAPANG', 'KEC.KATAPANG KAB.BANDUNG', 1, 9, 83, 6),
(899, 'JAMALUDIN', 'I-4172 BK', NULL, NULL, 24, 6, 3, 1, 2, 0, '2021-01-06', 'KARAWANG', '1999-07-16', 1, '', '', 'DSN.JATIMULYA RT.12/03 DS.KLARI', 'KEC.KLARI KAB.KARAWANG', 1, 9, 83, 6),
(900, 'BASTIYAN AGUNG SOEPARTO', 'III4173BK', NULL, NULL, 29, 4, 3, 1, 1, 2, '2021-01-11', 'JAKARTA', '1979-06-22', 1, '', '', 'JL.GUNUNG GEDE RAYA BC.295 PERUMNAS II', 'BEKASI SELATAN', 1, 9, 83, 6),
(901, 'EHA JULAEHA', 'II-4147BK', NULL, NULL, 7, 5, 3, 2, 2, 0, '2021-01-18', 'CIAMIS', '1994-09-23', 1, '', '', 'PERUM BUMI CENGKONG LESTARI BLOK K16/17', 'PURWASARI - KARAWANG', 1, 9, 83, 6),
(902, 'DEDE ISKANDAR', 'I-4175 BK', NULL, NULL, 2, 6, 3, 1, 1, 1, '2021-01-18', 'PURWAKARTA', '1989-06-17', 1, '', '', 'KP.SUKAMULYA RT.012/004 DS.CILANGKAP', 'KEC.BABAKANCIKAO KAB.PURWAKARTA', 1, 9, 83, 6),
(903, 'MUHAMMAD FAUZAN', 'II-4176MT', NULL, NULL, 26, 5, 3, 1, 1, 0, '2021-02-10', 'BANDUNG', '1999-03-10', 1, '', '', 'PERUM SBG PARAKANMUNCANG B4/34 RT.03/13', 'DS.CIHANJUANG KEC.CIMANGGUNG SUMEDANG', 1, 9, 83, 6),
(904, 'RANDY RUKANDA HIDAYAT', 'II-4178MT', NULL, NULL, 26, 5, 3, 1, 2, 0, '2021-02-10', 'BANDUNG', '1997-05-26', 1, '', 'B', 'KOMP.SAPTA TARUNA PU.BLOK B.85/3 RT.2/8', 'DS.KUJANGSARI KEC.BANDUNG KIDUL', 1, 9, 83, 6),
(905, 'CHAERUL HANIF', 'II-4179MT', NULL, NULL, 26, 5, 3, 1, 1, 1, '2021-02-10', 'TASIKMALAYA', '1996-02-07', 1, '', 'B', 'CIKIRAY RT.003/011 DS.CIGANTANG', 'KEC.MANGKUBUMI KAB.TASIKMALAYA', 1, 9, 83, 6),
(906, 'ABDULLOH', 'II-4180MT', NULL, NULL, 34, 5, 3, 1, 2, 0, '2021-03-02', 'MAJALENGKA', '1997-09-20', 1, '', 'O', 'JL.WIRASARI VI NO.58 TUPAREV RT.002/004', 'DS.SUTAWINANGUN KEC.KEDAWUNG MAJALENGKA', 1, 9, 83, 6),
(907, 'RAHADYAN AKBAR HANDWINTO', 'II-4181MT', NULL, NULL, 34, 5, 3, 1, 2, 0, '2021-03-02', 'KLATEN', '1999-02-20', 1, '', 'AB', 'TEGALYOSO RT.018/007 DS.TEGALYOSO', 'KEC.KLATEN SELATAN KAB.KLATEN', 1, 9, 83, 6),
(908, 'AURELIUS AIRLANGGA SURYO', 'II-4182MT', NULL, NULL, 34, 5, 3, 1, 2, 0, '2021-03-02', 'PEKANBARU', '1998-07-27', 2, '', 'O', 'JL.JANTI GANG SENGON NO.1 JANTI RT.05/03', 'DS.CATURTUNGGAL KEC.DEPOK KAB.SLEMAN', 1, 9, 83, 6),
(909, 'BAGUS BAYU NUGROHO', 'II-4183MT', NULL, NULL, 34, 5, 3, 1, 2, 0, '2021-03-02', 'KLATEN', '1997-12-18', 1, '', '', 'PERUM EKAMAS PERMAI BI4 RT.002/005', 'DS.PANGULAH UTARA KEC.KOTABARU KARAWANG', 1, 9, 83, 6),
(910, 'ERIKA CANDRA NUGRAHA', 'II-4184MT', NULL, NULL, 17, 5, 3, 1, 2, 0, '2021-03-02', 'KUDUS', '1995-11-14', 1, '', '', 'DUKUH KIRINGAN RT.003/004 DS.SAMIREJO', 'KEC.DAWE KAB.KUDUS', 1, 9, 83, 6),
(911, 'RICKY HERJUNATA', 'II-4185MT', NULL, NULL, 17, 5, 3, 1, 2, 0, '2021-03-02', 'SUKOHARJO', '1998-08-23', 2, '', 'A', 'KARANGBENDO CT III/19B RT.01/01', 'DS.CATURTUNGGAL KEC.DEPOK KAB.SLEMAN', 1, 9, 83, 6),
(912, 'MUHAMMAD NIZAR ALDY', 'II-4186MT', NULL, NULL, 17, 5, 3, 1, 2, 0, '2021-03-02', 'JAKARTA TIMUR', '1997-05-26', 1, '', '', 'DSN.KARANGSARI RT.003/001 DS.KAWUNGATEN', 'KEC.KAWUNGATEN KAB.CILACAP 53253', 1, 9, 83, 6),
(913, 'ANGGI MUHAMAD GINANJAR', 'II-4160MT', NULL, NULL, 11, 5, 3, 1, 2, 0, '2021-03-04', 'BANDUNG', '1996-10-29', 1, '', 'B', 'GG.MESJID DARUSSALAM NO.36/96 RT.003/008', 'DS.PELINDUNG HEWAN KEC.ASTANA ANYAR BDG', 1, 9, 83, 6),
(914, 'PUJI RAHARJO', 'II-4161MT', NULL, NULL, 17, 5, 3, 1, 2, 0, '2021-03-02', 'MAGELANG', '1995-03-07', 1, '', '', 'ASPOL SPN BANYUBIRU RT.003/008', 'DS.KEBONDOWO KEC.BANYUBIRU KAB.SEMARANG', 1, 9, 83, 6),
(915, 'DANANG WIDIANTO', 'II-4187BK', NULL, NULL, 12, 5, 3, 1, 1, 0, '2021-03-10', 'JAKARTA', '1992-09-21', 1, '', 'A', 'JL.WIJAYAKUSUMA II BLOK I NO.98 RT.10/11', 'DS.JATIMULYA KEC.TAMBUN SELATAN BEKASI', 1, 9, 83, 6),
(916, 'DEN TEGUH AKBAR TARUNA P', 'I-4191 BK', NULL, NULL, 17, 6, 3, 1, 2, 0, '2021-03-22', 'PURWAKARTA', '2001-01-09', 1, '', '', 'KP.KRAJAN RT.009/003 DS.CILEUNGA', 'KEC.BOJONG KAB.PURWAKARTA', 1, 9, 83, 6),
(917, 'MUHAMAD KAKAH FIRDAUS', 'I-4193 BK', NULL, NULL, 17, 6, 3, 1, 2, 0, '2021-03-22', 'KARAWANG', '1996-05-26', 1, '', '', 'KP.BAKAN MAJA RT.003/001 JOMIN BARAT', 'KEC.KOTABARU KAB.KARAWANG', 1, 9, 83, 6),
(918, 'NAUFAL MURTADHO', 'I-4149 BK', NULL, NULL, 17, 6, 3, 1, 2, 0, '2021-03-22', 'BEKASI', '1999-01-04', 1, '', '', 'PERUM BUMI CIKAMPEK BARU BLOK K1 NO.20', 'RT.013/007 KEC.JATISARI KARAWANG 41374', 1, 9, 83, 6),
(919, 'YUSRAN WIDYANADI', 'I-4195 BK', NULL, NULL, 13, 6, 3, 1, 2, 0, '2021-03-22', 'KARAWANG', '1998-11-15', 1, '', '', 'BUMI PUCUNG BARU BLOK R NO.8 RT.001/011', 'DS.PUCUNG KEC.KOTABARU KAB.KARAWANG', 1, 9, 83, 6),
(920, 'ALI YUSUP', 'I-4196 BK', NULL, NULL, 26, 6, 3, 1, 2, 0, '2021-03-23', 'KARAWANG', '1997-02-13', 1, '', '', 'KP.GINTUNGKOLOT DS.GINTUNGKERTA RT.14/04', 'NO.64 KEC.KLARI KAB.KARAWANG 41371', 1, 9, 83, 6),
(921, 'KARNO SETIAWAN', 'I-4197 BK', NULL, NULL, 11, 6, 3, 1, 2, 0, '2021-03-23', 'KARAWANG', '1995-05-21', 1, '', '', 'DSN.RAWAWUNGU RT.005/006 DS.KIARAPAYUNG', 'KEC.KLARI KAB.KARAWANG', 1, 9, 83, 6),
(922, 'IMAR MARDIANA', 'I-4198 BK', NULL, NULL, 26, 6, 3, 1, 2, 0, '2021-03-23', 'KARAWANG', '1999-06-16', 1, '', '', 'DSN.KRAJAN RT.003/001 DS.KIARAPAYUNG', 'KEC.KLARI KAB.KARAWANG 41371', 1, 9, 83, 6),
(923, 'DION MAULANA', 'I-4199 BK', NULL, NULL, 26, 6, 3, 1, 1, 0, '2021-03-23', 'KARAWANG', '2000-07-25', 1, '', '', 'DSN.PASIRPOGOR DS.KIARAPAYUNG RT.013/005', 'KEC.KLARI KAB.KARAWANG 41371', 1, 9, 83, 6),
(924, 'AFFANDI HAER', 'I-4200 BK', NULL, NULL, 11, 6, 3, 1, 2, 0, '2021-03-23', 'KARAWANG', '2001-09-09', 1, '', '', 'DSN.BABAKAN DS.KIARA PAYUNG RT.010/004', 'KEC.KLARI KAB.KARAWANG', 1, 9, 83, 6),
(925, 'RIDWAN MAULANA', 'I-4201 BK', NULL, NULL, 26, 6, 3, 1, 2, 0, '2021-03-23', 'KARAWANG', '2001-04-22', 1, '', '', 'DSN.RAWAWUNGU RT.004/002 DS.KIARAPAYUNG', 'KEC.KLARI KAB.KARAWANG', 1, 9, 83, 6),
(926, 'ABDUL SUHERMAN', 'I-4202 BK', NULL, NULL, 26, 6, 3, 1, 2, 0, '2021-03-23', 'KARAWANG', '2000-10-09', 1, '', '', 'DSN.BABAKAN RT.010/004 DS.KIARAPAYUNG', 'KEC.KLARI KAB.KARAWANG 41371', 1, 9, 83, 6),
(927, 'AGUNG GUMELAR', 'I-4203 BK', NULL, NULL, 11, 6, 3, 1, 2, 0, '2021-03-23', 'KARAWANG', '1999-06-20', 1, '', '', 'DSN.PASIRPOGOR RT.013/005 DS.KIARAPAYUNG', 'KEC.KLARI KAB.KARAWANG', 1, 9, 83, 6),
(928, 'ANDRI ARDIAN', 'I-4204 BK', NULL, NULL, 26, 6, 3, 1, 1, 1, '2021-03-23', 'KARAWANG', '1992-10-17', 1, '', '', 'DSN.KRAJAN RT.001/001 DS.KIARAPAYUNG', 'KEC.KLARI KAB.KARAWANG', 1, 9, 83, 6),
(929, 'RIVAL IRAWAN', 'I-4205 BK', NULL, NULL, 26, 6, 3, 1, 2, 0, '2021-03-23', 'KARAWANG', '2000-10-01', 1, '', '', 'DSN.KOSAMBI II RT.027/008 DS.DUREN', 'KEC.KLARI KAB.KARAWANG', 1, 9, 83, 6),
(930, 'BASYAR ANANDA PURI', 'I-4206 BK', NULL, NULL, 26, 6, 3, 1, 2, 0, '2021-03-23', 'BANDAR LAMPUNG', '1999-11-22', 1, '', '', 'PERUM.GRIYA PESONA ASRI BLOK B9/3A', 'CIBALONGSARI KLARI KARAWANG 41371', 1, 9, 83, 6),
(931, 'ANDI DARMAWAN', 'I-4207 BK', NULL, NULL, 26, 6, 3, 1, 2, 0, '2021-03-23', 'KARAWANG', '2002-09-10', 1, '', '', 'DSN.KAMOJING TIMUR RT.006/002 KAMOJING', 'KEC.CIKAMPEK KAB.KARAWANG', 1, 9, 83, 6),
(932, 'NAUFAL AFIF SUCCESVIO RAS', 'I-4208 BK', NULL, NULL, 26, 6, 3, 1, 2, 0, '2021-03-23', 'JAKARTA', '2002-10-02', 1, '', '', 'SELAPAJANG RT.005/004 DS.SELAPAJANG JAYA', 'KEC.NEGLASARI TANGERANG', 1, 9, 83, 6),
(933, 'AHMAD SAMSUDIN', 'I-4209 BK', NULL, NULL, 26, 6, 3, 1, 2, 0, '2021-03-23', 'KARAWANG', '2001-02-27', 1, '', '', 'KP.DARINGO RT.003/004 PANGULAH SELATAN', 'KEC.KOTABARU KAB.KARAWANG', 1, 9, 83, 6),
(934, 'REZA MAULANA', 'I-4210 BK', NULL, NULL, 26, 6, 3, 1, 2, 0, '2021-03-23', 'KARAWANG', '2002-12-28', 1, '', '', 'DSN.WALAHAR I RT.005/001 DS.WALAHAR', 'KEC.KLARI KAB.KARAWANG', 1, 9, 83, 6),
(935, 'MEI RANDI FILLIHVIKI HIDA', 'I-4211 BK', NULL, NULL, 26, 6, 3, 1, 2, 0, '2021-03-23', 'KARAWANG', '1997-05-12', 1, '', '', 'KP.SADANG RT.003/003 DS.PURWASARI', 'KEC.PURWASARI KAB.KARAWANG', 1, 9, 83, 6),
(936, 'AJI FIRMANSYAH', 'I-4212 BK', NULL, NULL, 11, 6, 3, 1, 2, 0, '2021-03-23', 'BANDUNG', '2000-03-31', 1, '', '', 'KP.CILAMPENI RT.001/005 DS.CILAMPENI', 'KEC.KATAPANG KAB.BANDUNG', 1, 9, 83, 6),
(937, 'LUTHFI ARDIANTO', 'I-4213 BK', NULL, NULL, 11, 6, 3, 1, 2, 0, '2021-03-23', 'SRAGEN', '1997-09-25', 1, '', '', 'PERUM BIP BLOK DA 1/03 RT.004/014', 'DS.CIKAMPEK BARAT KAB.KARAWANG', 1, 9, 83, 6),
(938, 'M.FIKRI FADILAH', 'I-4214 BK', NULL, NULL, 26, 6, 3, 1, 2, 0, '2021-03-23', 'BANDUNG', '2002-01-30', 1, '', '', 'PERUM EKAMAS BLOK BKI NO.03 RT.002/005', 'DS.PANGULAH UTARA KEC.KOTABARU KARAWANG', 1, 9, 83, 6),
(939, 'ALFIN FALAKHI', 'II-4215BK', NULL, NULL, 14, 5, 3, 1, 2, 0, '2021-03-24', 'PURWAKARTA', '1998-05-23', 1, '', '', 'PERUM BUMI HEGAR ASIH JL.ANYELIR RAYA', 'NO.141 RT.005/008 CISEUREUH PURWAKARTA', 1, 9, 83, 6),
(940, 'LUXY ARDIANSYAH', 'II-4216BK', NULL, NULL, 14, 5, 3, 1, 1, 1, '2021-04-05', 'PURWAKARTA', '1995-06-16', 1, '', '', 'SUKAMULYA II RT.001/005 DS.CISEUREUH', 'KEC.PURWAKARTA KAB.PURWAKARTA', 1, 9, 83, 6),
(941, 'HADYAN RAMANDA', 'II-4217BK', NULL, NULL, 9, 5, 3, 1, 1, 1, '2021-04-12', 'JAKARTA', '1992-05-31', 1, '', 'O', 'PERUM PMI 2 BLOK C RAYA NO.34 RT.001/004', 'DS.PANGULAH UTARA KEC.KOTABARU KARAWANG', 1, 9, 83, 6),
(942, 'ADAM BETRAN', 'I-4219 BK', NULL, NULL, 32, 6, 3, 1, 1, 0, '2021-04-12', 'KARAWANG', '1995-10-26', 1, '', '', 'DSN.PASIR POGOR RT.011/005', 'DS.KIARAPAYUNG KEC.KLARI KAB.KARAWANG', 1, 9, 83, 6),
(943, 'DUWI FAHRONI', 'II-4190BK', NULL, NULL, 5, 5, 3, 1, 1, 1, '2021-03-16', 'SEMARANG', '1989-04-06', 1, '', '', 'KP.MANGUNHARJO I RT.007/001', 'KEC.TEMBALANG SEMARANG', 1, 9, 83, 6),
(944, 'BAYU RAVIK NUGRAHA', 'II-4220BK', NULL, NULL, 14, 5, 3, 1, 2, 0, '2021-04-22', 'BANDUNG', '1998-07-31', 1, '', '', 'KP.LEMBUR PANJANG NO.70 RT.001/008', 'CIHANJUANG, PARONGPONG, BANDUNG BARAT', 1, 9, 83, 6),
(945, 'MUHAMAD YURI FIRDAUS', 'I-4221 BK', NULL, NULL, 3, 6, 3, 1, 2, 0, '2021-04-22', 'PURWAKARTA', '1994-07-12', 1, '', '', 'DIAN ANYAR C.3/12 RT.015/012 CISEUREUH', 'KEC.PURWAKARTA KAB.PURWAKARTA', 1, 9, 83, 6),
(946, 'DWI HILMI YAHYA', 'I-4222 BK', NULL, NULL, 2, 6, 3, 1, 2, 0, '2021-04-26', 'PURWAKARTA', '2001-02-10', 1, '', '', 'GRIYA ASRI BLOK F1 NO.4 RT.003/011', 'DS.CISEUREUH PURWAKARTA 41118', 1, 9, 83, 6),
(947, 'IRFAN SETIAWAN', 'I-4223 BK', NULL, NULL, 2, 6, 3, 1, 2, 0, '2021-04-26', 'PURWAKARTA', '2000-04-11', 1, '', 'AB', 'GRIYA ASRI G1 NO.3 RT.006/011', 'DS.CISEUREUH KAB.PURWAKARTA', 1, 9, 83, 6),
(948, 'YUSUP MAULANA', 'III4224BK', NULL, NULL, 2, 4, 3, 1, 1, 2, '2021-05-03', 'PURWAKARTA', '1982-11-11', 1, '', '', 'JL.MAWAR 11 NO.2 RT.062/009', 'DS.NAGRIKALER KEC.PURWAKARTA', 1, 9, 83, 6),
(949, 'MOCHAMAD DEDI RUSMANA', 'I-3963 BK', NULL, NULL, 24, 6, 3, 1, 2, 0, '2021-04-20', 'KARAWANG', '1999-02-26', 1, '', '', 'DSN.WAGIR JENGKOL RT.001/004', 'KEL.LEMAHKARYA TEMPURAN KARAWANG', 1, 9, 83, 6),
(950, 'MOCH THOHA', 'IV-2636BK', NULL, NULL, 4, 3, 3, 1, 1, 5, '2021-04-30', 'PEMALANG', '1963-03-14', 1, '', '', 'DUSUN 03 RT.001/008 DS.BANJARDAWA KEC.', 'TAMAN PEMALANG', 1, 9, 83, 6),
(951, 'BENI', 'IV-186 BK', NULL, NULL, 26, 3, 3, 1, 1, 4, '2021-05-17', 'CIREBON', '1962-11-07', 1, '', 'B', 'JL.INTAN 5 NO.7 REGENCY RT.02/12 DS.', 'CIKAMPEK UTARA-KOTABARU KARAWANG', 1, 9, 83, 6),
(952, 'NUR ISLAMI SUSILO PUTRO', 'I-3964 BK', NULL, NULL, 17, 6, 3, 1, 2, 0, '2021-05-21', 'KARAWANG', '1998-04-06', 1, '', '', 'PERUM PURI KOSAMBI I BLOK CC.24 RT.52/15', 'DS.DUREN KEC.KLARI KARAWANG 41371', 1, 9, 83, 6),
(953, 'UJANG KARMAN', 'I-3983 BK', NULL, NULL, 26, 6, 3, 1, 2, 0, '2021-06-05', 'PURWAKARTA', '1995-12-04', 1, '', '', 'KP.KRAJAN RT.008/003 DS.TARINGGUL', 'WANAYASA PURWAKARTA', 1, 9, 83, 6),
(954, 'FEBI DWI NUGRAHA', 'I-3991 BK', NULL, NULL, 11, 6, 3, 1, 2, 0, '2021-06-05', 'PURWAKARTA', '1999-02-16', 1, '', '', 'PANORAMA BLOK B10 NO.3 RT.004/013', 'DS.CISEUREUH PURWAKARTA 41118', 1, 9, 83, 6),
(955, 'YONAS BASTIANSYAH', 'I-3768 BK', NULL, NULL, 42, 6, 3, 1, 1, 0, '2021-06-05', 'KARAWANG', '1985-07-24', 1, '', '', 'DS.KIARAPAYUNG RT.05/02 KEC.KLARI', 'KARAWANG', 1, 9, 83, 6),
(956, 'HAMADA HIDAYATULLOH', 'I-3778 BK', NULL, NULL, 26, 6, 3, 1, 1, 1, '2021-06-06', 'KARAWANG', '1993-06-13', 1, '', '', 'KOSAMBI II RT.030/009 DS.DUREN', 'KEC.KLARI KARAWANG', 1, 9, 83, 6),
(957, 'IRMAN NUGRAHA', 'I-3989 BK', NULL, NULL, 26, 6, 3, 1, 2, 0, '2021-06-06', 'PURWAKARTA', '1993-08-02', 1, '', '', 'JL.ANGGREK II RT.027/003', 'NAGRI KALER PURWAKARTA', 1, 9, 83, 6),
(958, 'NURDIANSAH', 'I-3978 BK', NULL, NULL, 26, 6, 3, 1, 2, 0, '2021-06-07', 'PURWAKARTA', '1997-10-17', 1, '', '', 'KP.PASAWAHAN RT.004/002 DS.PASAWAHAN', 'KIDUL KEC.PASAWAHAN PURWAKARTA 41172', 1, 9, 83, 6),
(959, 'DIKI ARIYANTO', 'I-3655 BK', NULL, NULL, 26, 6, 3, 1, 1, 1, '2021-06-02', 'CIANJUR', '1994-05-08', 1, '', '', 'KP.KRAJAN RT.04/02 DS.TAMELANG', 'KEC.PURWASARI KARAWANG', 1, 9, 83, 6),
(960, 'ANJASMARA RAHARJA', 'I-4225 BK', NULL, NULL, 10, 6, 3, 1, 2, 0, '2021-05-24', 'KARAWANG', '1997-06-16', 1, '', '', 'BAMBU H AMIN RT.001/007 DS.JATIWANGI', 'KEC.JATISARI KAB.KARAWANG', 1, 9, 83, 6),
(961, 'AHMAD RISSAL PAVOKA', 'I-4226-BK', NULL, NULL, 4, 6, 3, 1, 1, 0, '2021-06-16', 'SOLOK', '1996-05-16', 1, 'SUNDA', 'B', 'DSN.KRAJAN III RT.019/005', 'DS.LEMAHABANG KEC.LEMAHABANG', 1, 9, 83, 6),
(962, 'SUHARTONO', 'I-4227-BK', NULL, NULL, 4, 6, 3, 1, 1, 1, '2021-06-16', 'KARAWANG', '1991-05-20', 1, 'SUNDA', '', 'KP.SADANG RT.010 RW.04', 'KARANG SINOM-TIRTAMULYA', 1, 9, 83, 6),
(963, 'SUPRIYATNA', 'I-4228-BK', NULL, NULL, 4, 6, 3, 1, 2, 0, '2021-06-16', 'KARAWANG', '1999-03-17', 1, 'SUNDA', 'B', 'KP.BABAKAN SEREH RT.02/03', 'DS.DAWUAN BARAT-CIKAMPEK', 1, 9, 83, 6),
(964, 'DEDI YUSUP', 'I-4229-BK', NULL, NULL, 4, 6, 3, 1, 1, 0, '2021-06-16', 'SUBANG', '1996-12-05', 1, 'SUNDA', '', 'DSN.GARDU DS.RANCABANGO', 'RT.031/010 KEC.PATOBEUSI', 1, 9, 83, 6),
(965, 'RIKI MAULANA', 'I-3650 BK', NULL, NULL, 2, 6, 3, 1, 1, 1, '2021-06-21', 'SUBANG', '1992-04-04', 1, '', '', 'DSN.PANGUNGSEN RT.24/06', 'DS.CIASEM GIRANG SUBANG', 1, 9, 83, 6),
(966, 'YANA SUPRIATNA', 'I-3748 BK', NULL, NULL, 26, 6, 3, 1, 1, 3, '2021-06-21', 'KARAWANG', '1978-08-06', 1, '', '', 'DSN.WIRAKARYA RT.03/06 NO.136', 'CIKAMPEK', 1, 9, 83, 6),
(967, 'RIANTO FITRI ARDIAN', 'I-3966 BK', NULL, NULL, 17, 6, 3, 1, 1, 1, '2021-06-16', 'PURWAKARTA', '1997-02-08', 1, '', '', 'PERUM EKAMAS PERMAI BLOK BC NO.12A 03/05', 'DS.PAMGULAH UTARA KEC.KOTABARU KARAWANG', 1, 9, 83, 6),
(968, 'KRISNA MUKTIANA', 'I-3968 BK', NULL, NULL, 11, 6, 3, 1, 2, 0, '2021-06-16', 'KUNINGAN', '1997-05-25', 1, '', '', 'KP.PANGUPUKAN RT.30/01 KEL.MUNJUL JAYA', 'KEC.PURWAKARTA 41117', 1, 9, 83, 6),
(969, 'ENGKI MARIANSYAH', 'I-3970 BK', NULL, NULL, 26, 6, 3, 1, 2, 0, '2021-07-01', 'JADIAN LAMA', '1998-12-27', 1, '', '', 'PERUM EKAMAS BLOK AJ NO.11 RT.003/004', 'PANGULAH UTARA KOTABARU KARAWANG', 1, 9, 83, 6),
(970, 'FATCHU ABDURRAHMAN S', 'I-3974 BK', NULL, NULL, 26, 6, 3, 1, 2, 0, '2021-06-24', 'TANGERANG', '1995-09-27', 1, '', '', 'KP.PASIR AWI RT.002/002 DS.SUKA ASIH', 'KEC.PASIR KEMIS KAB.TANGERANG', 1, 9, 83, 6),
(971, 'KIKI YULANDA', 'I-3985 BK', NULL, NULL, 11, 6, 3, 1, 2, 0, '2021-06-18', 'MUARA DANAU', '1997-12-10', 1, '', '', 'KP.CIHIDEUNG RT.005/003 CISEUREUH', 'PURWAKARTA', 1, 9, 83, 6),
(972, 'ENDANG SAEPULOH', 'I-3990 BK', NULL, NULL, 26, 6, 3, 1, 2, 0, '2021-06-23', 'KARAWANG', '1999-04-11', 1, '', '', 'PERUM PERMATA REGENCY JL.BIDURI 8 NO.18', 'KOTABARU KARAWANG', 1, 9, 83, 6),
(973, 'RIZKI AL KAHFI', 'I-4230 BK', NULL, NULL, 14, 6, 3, 1, 2, 0, '2021-08-05', 'KARAWANG', '1995-01-29', 1, '', '', 'DUSUN II KP.KEBON KALAPA RT.008/004', 'DS.KUTAPOHACI KEC.CIAMPEL KAB.KARAWANG', 1, 9, 83, 6),
(974, 'RIA ANGGRAENI', 'I-4080 BK', NULL, NULL, 12, 6, 3, 2, 2, 0, '2021-07-24', 'KARAWANG', '1995-07-05', 1, '', '', 'DSN.PASIRTALAGA II RT.008/003', 'DS.PASIRTALAGA KEC.TELAGASARI KARAWANG', 1, 9, 83, 6),
(975, 'CHRISTANTO GALIH PRANADA', 'I-3980 BK', NULL, NULL, 17, 6, 3, 1, 2, 0, '2021-07-22', 'KARAWANG', '1998-04-08', 1, '', '', 'PERUM JOMIN ESTATE BLOK C2/17 RT.003/009', 'KOTABARU - KARAWANG 41374', 1, 9, 83, 6),
(976, 'RIKI', 'I-3981 BK', NULL, NULL, 17, 6, 3, 1, 2, 0, '2021-08-03', 'LEBAK', '1999-09-14', 1, '', '', 'PERUM BUMI KOSAMBI PERMAI BLOK B2 NO.3', 'RT.009/003 KARAWANG', 1, 9, 83, 6),
(977, 'KRISNA IVAN HARDIANSYAH', 'I-4231 BK', NULL, NULL, 17, 6, 3, 1, 2, 0, '2021-09-01', 'SERANG', '1996-03-30', 1, '', '', 'PERUM REGENCY JL.CEMPAKA 3 NO.4 RT.01/05', 'DS.CIKAMPEK UTARA KEC.KOTABARU KAB.KRW', 1, 9, 83, 6),
(978, 'IBNU CHAHRUL HIDAYAH', 'I-4232 BK', NULL, NULL, 17, 6, 3, 1, 2, 0, '2021-09-01', 'PEMALANG', '1999-04-07', 1, '', '', 'WONOGIRIRT.001/005 DS.WONOGIRI', 'DS.AMPELGADING KAB.PEMALANG', 1, 9, 83, 6),
(979, 'SYAHRUL RAMDANI', 'I-4233 BK', NULL, NULL, 17, 6, 3, 1, 2, 0, '2021-09-01', 'KARAWANG', '2001-11-08', 1, '', '', 'BAKAN MAJA TIMUR RT.002/001 DS.JOMIN', 'BARAT KEC.KOTABARU KAB.KARAWANG', 1, 9, 83, 6),
(980, 'ABDUL MUNTOLIB', 'I-3234 BK', NULL, NULL, 4, 6, 3, 1, 1, 1, '2021-08-16', 'BREBES', '1978-02-09', 1, '', 'O', 'KEPUH KALAPA DUA RT.04/17', 'KEL.KARANG PAWITAN, KARAW', 1, 9, 83, 6),
(981, 'BUDI TARMAN', 'I-3697 BK', NULL, NULL, 4, 6, 3, 1, 1, 1, '2021-08-16', 'KARAWANG', '1969-07-23', 1, '', 'A', 'JL.SYEH QURO RT.01/01 DSN.KRAJAN', 'KEC.TELAGASARI - KARAWANG', 1, 9, 83, 6),
(982, 'D FIRMANSYAH', 'I-3837 BK', NULL, NULL, 4, 6, 3, 1, 1, 2, '2021-08-16', 'KARAWANG', '1975-08-28', 1, '', 'B', 'PALEDANG GG.JAMAIKA I RT.13/19 KEL.', 'KARAWANG KULON KARAWANG BARAT 41311', 1, 9, 83, 6),
(983, 'ENDA SUHENDA', 'I-3694 BK', NULL, NULL, 4, 6, 3, 1, 1, 2, '2021-08-15', 'KARAWANG', '1973-06-25', 1, '', 'O', 'DSN.SAWAH BARU RT.02/07 DS.JATIBARU', 'KEC.JATISARI - KARAWANG', 1, 9, 83, 6),
(984, 'ENDIN WAHIDIN', 'I-3238 BK', NULL, NULL, 4, 6, 3, 1, 1, 2, '2021-08-15', 'KARAWANG', '1968-04-06', 1, '', 'A', 'DSN.KRAJAN RT.03 RW.01 DS', 'KEC.KLARI, KARAWANG', 1, 9, 83, 6),
(985, 'HARIANTO', 'I-3705 BK', NULL, NULL, 4, 6, 3, 1, 1, 2, '2021-08-16', 'PACITAN', '1978-05-14', 1, '', 'AB', 'DSN.KARANGANYAR RT.034/010 DS.DUREN', 'KEC.KLARI KARAWANG', 1, 9, 83, 6),
(986, 'HERI SUYOKO', 'I-3836 BK', NULL, NULL, 4, 6, 3, 1, 1, 2, '2021-08-16', 'KULON PROGO', '1974-03-30', 1, '', 'A', 'GRIYA PANORAMA INDAH BLOK A3 NO.47 RT.03', 'RW.10 PURWASARI KARAWANG', 1, 9, 83, 6),
(987, 'MUHAMAD SAMAN ALIYANTO', 'I-3835 BK', NULL, NULL, 4, 6, 3, 1, 1, 3, '2021-08-16', 'KARAWANG', '1978-03-18', 1, '', 'A', 'CINANGOH BARAT II RT.01/08 KARAWANG', 'WETAN KEC.KARAWANG TIMUR 41314', 1, 9, 83, 6),
(988, 'NANANG BAHRUDIN', 'I-3696 BK', NULL, NULL, 4, 6, 3, 1, 1, 3, '2021-08-16', 'KARAWANG', '1971-03-15', 1, '', 'AB', 'JL.PRAMUKA NO.220 RT.05/02 DS.BUNDER', 'JATILUHUR - PURWAKARTA', 1, 9, 83, 6),
(989, 'OKIH KARYADI', 'I-3706 BK', NULL, NULL, 4, 6, 3, 1, 1, 2, '2021-08-16', 'BEKASI', '1978-07-09', 1, '', 'A', 'KP.PENGASINAN RT.017/006 DS.KARANG PATRI', 'KEC.PEBAYURAN BEKASI', 1, 9, 83, 6),
(990, 'SUKARNO', 'I-3704 BK', NULL, NULL, 4, 6, 3, 1, 1, 2, '2021-08-16', 'SRAGEN', '1978-05-15', 1, '', 'O', 'KRAJAN II RT.01/02 TEGAL SAWAH', 'KARAWANG TIMUR', 1, 9, 83, 6),
(991, 'UJANG MUCHTAR', 'I-3695 BK', NULL, NULL, 4, 6, 3, 1, 1, 2, '2021-08-16', 'KARAWANG', '1974-04-08', 1, '', 'AB', 'JL.SYEH QURO, DSN.CARIU I RT.02/01', 'DS.CARIU MULYA KARAWANG 41381', 1, 9, 83, 6),
(992, 'UNTUNG HARTANTO', 'I-3707 BK', NULL, NULL, 4, 6, 3, 1, 1, 5, '2021-08-16', 'TEGAL', '1976-08-18', 1, '', 'A', 'DSN.DUREN RT.14/04 DS.DUREN KEC.KLARI', 'KARAWANG', 1, 9, 83, 6),
(993, 'YAYAN HARYANTO F', 'I-3236 BK', NULL, NULL, 4, 6, 3, 1, 1, 2, '2021-08-16', 'KARAWANG', '1972-08-11', 1, '', 'AB', 'KP.CIAMPEL KEC.CIAMPEL RT', 'MULYASARI KARAWANG', 1, 9, 83, 6),
(994, 'FAISHAL AJI PRATAMA', 'I-4234 BK', NULL, NULL, 5, 6, 3, 1, 1, 1, '2021-09-16', 'KARAWANG', '1998-10-03', 1, '', '', 'KP.RAWABOLANG RT.001/004 KEL.DAWUAN', 'TENGAH KEC.CIKAMPEK KAB.KARAWANG', 1, 9, 83, 6),
(995, 'ALVHIN PRAYOGA', 'II-4235BK', NULL, NULL, 1, 5, 3, 1, 2, 0, '2021-10-11', 'BASUNGAN', '1995-12-14', 1, '', 'B+', 'JL. HJ.MUCHTAR NO.3 RT.004/003, DURI', 'KOSAMBI, CENGKARENG, JAKARTA BARAT', 1, 9, 83, 6),
(996, 'TRIANA MUNITA', 'II-4236BK', NULL, NULL, 25, 5, 3, 2, 2, 1, '2021-10-18', 'CIANJUR', '1994-04-10', 1, '', '', 'PERUM CLUSTER PERMATA RESIDENCE KRAJAN', 'II RT.05/02 DS.BENGLE MAJALAYA KARAWANG', 1, 9, 83, 6),
(997, 'M. AFIF FAJAR RAMADHAN', 'I-4237 BK', NULL, NULL, 40, 6, 3, 1, 2, 0, '2021-10-18', 'JAKARTA', '1997-01-12', 1, '', '', 'PERUM VIP HALIM BLOK B1/11 RT.07/15', 'DS.CIKAMPEK BARAT KAB.KARAWANG', 1, 9, 83, 6),
(998, 'MUHAMMAD FARHANUDDIEN ANH', 'II-4238BK', NULL, NULL, 1, 5, 3, 1, 2, 0, '2021-11-01', 'JAKARTA', '1994-07-14', 1, '', '', 'KOMP.BEA CUKAI JL.MELATI NO.1 SUKAPURA', 'CILINCING JAKARTA UTARA', 1, 9, 83, 6),
(999, 'HUSSEIN KEMAL TIANFATULLA', 'I-4098 BK', NULL, NULL, 24, 6, 3, 1, 1, 0, '2021-10-23', 'BEKASI', '1992-07-21', 1, '', 'O', 'T.GRIYA PERMAI BLOK C10/4 RT.002/008', 'DS.PUCUNG KEC.KOTABARU KARAWANG', 1, 9, 83, 6),
(1000, 'ABDUL ROHMAN', 'I-3786 BK', NULL, NULL, 17, 6, 3, 1, 2, 0, '2021-10-26', 'SUMEDANG', '1993-06-11', 1, '', '', 'DSN.PASIR POGOR DS.KIARAPAYUNG', 'KEC.KLARI KAB.KARAWANG', 1, 9, 83, 6),
(1001, 'SUGIHARTO', 'I-3730 BK', NULL, NULL, 17, 6, 3, 1, 1, 1, '2021-10-26', 'KARAWANG', '1983-05-09', 1, '', '', 'DSN.BABAKAN RT.10/04 DS.KIARAPAYUNG', 'KEC.KLARI - KARAWANG', 1, 9, 83, 6),
(1002, 'ROHIMAN', 'I-3785 BK', NULL, NULL, 17, 6, 3, 1, 1, 0, '2021-10-16', 'LAMPUNG BARAT', '1987-08-17', 1, '', '', 'DUSUN II KP.KEBON KELAPA RT.08/04', 'KOTAPOHACI - CIAMPEL - KARAWANG', 1, 9, 83, 6),
(1003, 'YASEP PAHRUROJI', 'I-3729 BK', NULL, NULL, 17, 6, 3, 1, 1, 2, '2021-10-26', 'KARAWANG', '1984-09-02', 1, '', '', 'DSN. KALIJERUK RT.15/04 DS.DARAWOLONG', 'KEC.PURWASARI - KARAWANG', 1, 9, 83, 6),
(1004, 'JHOAN AGESTIN', 'I-4005 BK', NULL, NULL, 17, 6, 3, 1, 1, 1, '2021-10-16', 'KARAWANG', '1994-07-30', 1, '', '', 'KARANG TENGAH RT.015/004 KEL.PLAWAD', 'KEC.KARAWANG TIMUR KARAWANG 41351', 1, 9, 83, 6),
(1005, 'SUHENDI WALUYA JAYA', 'I-4007 BK', NULL, NULL, 17, 6, 3, 1, 1, 1, '2021-10-26', 'KARAWANG', '1993-03-04', 1, '', '', 'PERUM CENGKONG PERSADA A 14/02 RT.01/05', 'DS.CENGKONG KEC.PURWASARI KARAWANG', 1, 9, 83, 6),
(1006, 'MOCHAMMAD IRWAN', 'V-1727 BK', NULL, NULL, 16, 2, 3, 1, 1, 1, '2021-10-25', 'JAKARTA', '1964-11-02', 1, '', 'B', 'PERUM TAMAN JOMIN ESTATE RT.0409 DS.', 'JOMIN BARAT KEC.KOTABARU KARAWANG', 1, 9, 83, 6),
(1007, 'ADMINISTRATOR', '-', NULL, NULL, 17, 6, 3, 1, 2, 0, '2023-01-01', '', '2023-01-01', 0, NULL, NULL, NULL, NULL, 1, 9, 83, 6),
(1008, 'Dadi Iskandar', 'nik123', 'dadi@gmail.com', NULL, 9, 2, 1, 1, 2, 0, '2021-06-20', 'Bandung', '1994-06-16', 1, 'Sunda', 'A', 'Alamat lengkap 1', 'alamat lengkap 2', 1, 10, 100, 14);
INSERT INTO `memployee` (`intIdEmployee`, `txtNameEmployee`, `txtNikEmployee`, `txtEmail`, `txtNomorWa`, `intIdDepartment`, `intIdJabatan`, `intTpk`, `intKpw`, `intKtk`, `intJumlahAnak`, `dtmTanggalMasuk`, `txtTempatLahir`, `dtmTanggalLahir`, `intIdAgama`, `txtSuku`, `txtGolonganDarah`, `txtAlamat1`, `txtAlamat2`, `intIdNegara`, `intIdProvinsi`, `intIdKota`, `intIdJenjangPendidikan`) VALUES
(1009, 'ADMINISTRATOR', 'administrator', NULL, NULL, 17, 7, 3, 1, 2, 0, '2023-01-01', '-', '2023-01-01', 1, '', '', '-', '-', 1, 0, 0, 0),
(1011, 'Wulandari', '320304', 'wulan@gmail.com', '081919956872', 8, 6, 3, 2, 2, 0, '2022-02-16', 'Purwakarta', '1997-04-04', 1, 'Sunda', 'AB', 'Purwakarta', 'Bandung', 1, 9, 83, 14),
(1012, 'Dadi Iskandar', '12345', 'dadi@gmail.com', '0812121212', 44, 6, 1, 1, 2, 0, '2022-06-17', 'Bandung', '1995-01-10', 1, 'Sunda', 'AB', 'Bandung', 'Purwakarta', 1, 9, 63, 14);

-- --------------------------------------------------------

--
-- Struktur dari tabel `menu`
--

CREATE TABLE `menu` (
  `id_menu` int(11) NOT NULL,
  `nama_menu` varchar(20) NOT NULL,
  `link_menu` text NOT NULL,
  `type` varchar(20) NOT NULL,
  `color` varchar(50) NOT NULL,
  `icon` varchar(128) NOT NULL,
  `is_active` int(11) NOT NULL,
  `editable` enum('N/A','YES','') NOT NULL
) ENGINE=InnoDB DEFAULT CHARSET=latin1 ROW_FORMAT=DYNAMIC;

--
-- Dumping data untuk tabel `menu`
--

INSERT INTO `menu` (`id_menu`, `nama_menu`, `link_menu`, `type`, `color`, `icon`, `is_active`, `editable`) VALUES
(1, 'DASHBOARD', 'dashboard', 'dinamis', '2B7B70', '<i class=\"fas fa-tachometer-alt fa-sm\"></i>', 1, 'YES'),
(2, 'MANAGEMENT', 'manajemen', 'statis', '', '<i class=\"fas fa-columns fa-sm\"></i>', 0, 'YES'),
(3, 'RISK MANAGEMENT', 'risk_management', 'statis', 'FFF', '<i class=\"fas fa-columns fa-sm\"></i>', 1, 'YES'),
(4, 'LEGAL COMPLIANCE', 'legal_compliance', 'statis', '', '<i class=\"fas fa-columns fa-sm\"></i>', 1, 'YES'),
(6, 'NCR &CA', 'ncr_ca', 'statis', 'FFF', '<i class=\"fas fa-table fa-sm\"></i>', 1, 'YES'),
(7, 'PERFORMANCE MANAGEME', 'performance_management', 'statis', 'FFF', '<i class=\"fas fa-columns fa-sm\"></i>', 1, 'YES'),
(8, 'MANAGEMENT MENU', 'manajemen_menu', 'statis', 'FFF', '<i class=\"fas fa-columns fa-sm\"></i>', 1, 'YES'),
(9, 'MANAGEMENT DATA', 'manajemen_data', 'statis', 'FFF', '<i class=\"fas fa-columns fa-sm\"></i>', 1, 'YES'),
(10, 'MANAGEMENT PLANT', 'manajemen_plant', 'statis', 'FFF', '<i class=\"fas fa-columns fa-sm\"></i>', 1, 'YES'),
(11, 'MANAGEMENT MASTER', 'manajemen_master', 'statis', 'FFF', '<i class=\"fas fa-columns fa-sm\"></i>', 1, 'YES');

-- --------------------------------------------------------

--
-- Struktur dari tabel `mfirefacility`
--

CREATE TABLE `mfirefacility` (
  `intId` int(11) NOT NULL,
  `txtNama` varchar(128) NOT NULL
) ENGINE=InnoDB DEFAULT CHARSET=latin1 ROW_FORMAT=DYNAMIC;

--
-- Dumping data untuk tabel `mfirefacility`
--

INSERT INTO `mfirefacility` (`intId`, `txtNama`) VALUES
(1, 'Detektor Asap'),
(2, 'Alarm kebakaran otomatis'),
(3, 'Tabung Pemadam / APAR'),
(4, 'Sistem Hidran'),
(5, 'Sistem Springkler');

-- --------------------------------------------------------

--
-- Struktur dari tabel `mfitur`
--

CREATE TABLE `mfitur` (
  `intIdFitur` int(11) NOT NULL,
  `txtFitur` varchar(255) DEFAULT NULL,
  `bitStatus` smallint(6) DEFAULT NULL
) ENGINE=InnoDB DEFAULT CHARSET=latin1 ROW_FORMAT=DYNAMIC;

-- --------------------------------------------------------

--
-- Struktur dari tabel `mhospital`
--

CREATE TABLE `mhospital` (
  `IdHospital` int(11) NOT NULL,
  `HospitalName` varchar(30) NOT NULL,
  `HospitalAddress` varchar(100) NOT NULL,
  `HospitalStatus` tinyint(1) NOT NULL
) ENGINE=InnoDB DEFAULT CHARSET=latin1 ROW_FORMAT=DYNAMIC;

--
-- Dumping data untuk tabel `mhospital`
--

INSERT INTO `mhospital` (`IdHospital`, `HospitalName`, `HospitalAddress`, `HospitalStatus`) VALUES
(1, 'RSUD Bayu Asih', 'Jl. Jenderal Sudirman', 1),
(2, 'RS Siloam', 'Jl. Bungursari', 1),
(3, 'RS Amira', 'Jl. Munjul Jaya', 1),
(9, 'RS Rama Hadi', 'Jl. Cimaung', 0),
(10, 'RS Thamrin', 'Jl. Cibungur', 1);

-- --------------------------------------------------------

--
-- Struktur dari tabel `migrations`
--

CREATE TABLE `migrations` (
  `id` int(10) UNSIGNED NOT NULL,
  `migration` varchar(255) COLLATE utf8mb4_unicode_ci NOT NULL,
  `batch` int(11) NOT NULL
) ENGINE=InnoDB DEFAULT CHARSET=utf8mb4 COLLATE=utf8mb4_unicode_ci;

--
-- Dumping data untuk tabel `migrations`
--

INSERT INTO `migrations` (`id`, `migration`, `batch`) VALUES
(1, '2023_11_20_042654_create_ms_regulation_relateds_table', 1),
(2, '2023_11_20_115505_add_menu_regulation_relateds', 1),
(3, '2023_11_20_145334_create_ms_regulation_levels_table', 1),
(4, '2023_11_20_152319_add_menu_regulation_levels', 1),
(5, '2023_11_20_154248_create_ms_regulation_status_table', 1),
(6, '2023_11_20_163620_add_menu_regulation_status', 1),
(7, '2023_11_20_170134_create_ms_regulation_types_table', 1),
(8, '2023_11_20_171429_add_menu_regulation_types', 1);

-- --------------------------------------------------------

--
-- Struktur dari tabel `mincident_level`
--

CREATE TABLE `mincident_level` (
  `id` int(11) NOT NULL,
  `level_name` varchar(50) NOT NULL,
  `description` text NOT NULL,
  `status` int(2) NOT NULL COMMENT 'active = 1, 0 = notactive'
) ENGINE=InnoDB DEFAULT CHARSET=utf8mb4;

--
-- Dumping data untuk tabel `mincident_level`
--

INSERT INTO `mincident_level` (`id`, `level_name`, `description`, `status`) VALUES
(1, 'FIRST AID', '', 1),
(2, 'MINOR', '', 1),
(3, 'LIT/MAJOR', '', 1),
(4, 'FATALITY', '', 1);

-- --------------------------------------------------------

--
-- Struktur dari tabel `mjabatan`
--

CREATE TABLE `mjabatan` (
  `intIdJabatan` int(11) NOT NULL,
  `txtNamaJabatan` varchar(30) NOT NULL,
  `bitActive` int(11) NOT NULL
) ENGINE=InnoDB DEFAULT CHARSET=latin1 ROW_FORMAT=DYNAMIC;

--
-- Dumping data untuk tabel `mjabatan`
--

INSERT INTO `mjabatan` (`intIdJabatan`, `txtNamaJabatan`, `bitActive`) VALUES
(1, 'Administrator', 1),
(2, 'Manager', 1),
(3, 'Senior Superintendent', 1),
(4, 'Superintendent', 1),
(5, 'Supervisor', 1),
(6, 'Operator', 1),
(7, 'General Manager', 1),
(9, 'Director', 1),
(10, 'Vice President', 1),
(11, 'Directur', 0),
(12, 'Directur', 0);

-- --------------------------------------------------------

--
-- Struktur dari tabel `mjenjangpendidikan`
--

CREATE TABLE `mjenjangpendidikan` (
  `intIdJenjangPendidikan` int(11) NOT NULL,
  `txtNamaJenjangPendidikan` varchar(128) NOT NULL
) ENGINE=InnoDB DEFAULT CHARSET=latin1 ROW_FORMAT=DYNAMIC;

--
-- Dumping data untuk tabel `mjenjangpendidikan`
--

INSERT INTO `mjenjangpendidikan` (`intIdJenjangPendidikan`, `txtNamaJenjangPendidikan`) VALUES
(1, 'PAUD'),
(2, 'TK / sederajat'),
(3, 'Putus SD'),
(4, 'SD / sederajat'),
(5, 'SMP / sederajat'),
(6, 'SMA / sederajat'),
(7, 'Paket A'),
(8, 'Paket B'),
(9, 'Paket C'),
(10, 'D1'),
(11, 'D2'),
(12, 'D3'),
(13, 'D4'),
(14, 'S1'),
(15, 'Profesi'),
(16, 'Sp-1'),
(17, 'S2'),
(18, 'S2 Terapan'),
(19, 'Sp-2'),
(20, 'S3'),
(21, 'S3 Terapan'),
(22, 'Non formal'),
(23, 'Informal'),
(24, 'Lainnya'),
(100, 'Tidak Sekolah');

-- --------------------------------------------------------

--
-- Struktur dari tabel `mkota`
--

CREATE TABLE `mkota` (
  `intIdKota` bigint(20) UNSIGNED NOT NULL,
  `intIdProvinsi` int(11) NOT NULL,
  `txtNamaKota` varchar(255) COLLATE utf8mb4_unicode_ci NOT NULL
) ENGINE=InnoDB DEFAULT CHARSET=utf8mb4 COLLATE=utf8mb4_unicode_ci ROW_FORMAT=DYNAMIC;

--
-- Dumping data untuk tabel `mkota`
--

INSERT INTO `mkota` (`intIdKota`, `intIdProvinsi`, `txtNamaKota`) VALUES
(1, 1, 'Badung'),
(2, 1, 'Bangli'),
(3, 1, 'Buleleng'),
(4, 1, 'Denpasar'),
(5, 1, 'Gianyar'),
(6, 1, 'Jembrana'),
(7, 1, 'Karangasem'),
(8, 1, 'Klungkung'),
(9, 1, 'Tabanan'),
(10, 2, 'Bangka'),
(11, 2, 'Bangka Barat'),
(12, 2, 'Bangka Selatan'),
(13, 2, 'Bangka Tengah'),
(14, 2, 'Belitung'),
(15, 2, 'Belitung Timur'),
(16, 2, 'Pangkal Pinang'),
(17, 3, 'Cilegon'),
(18, 3, 'Lebak'),
(19, 3, 'Pandeglang'),
(20, 3, 'Serang'),
(21, 3, 'Serang'),
(22, 3, 'Tangerang'),
(23, 3, 'Tangerang'),
(24, 3, 'Tangerang Selatan'),
(25, 4, 'Bengkulu'),
(26, 4, 'Bengkulu Selatan'),
(27, 4, 'Bengkulu Tengah'),
(28, 4, 'Bengkulu Utara'),
(29, 4, 'Kaur'),
(30, 4, 'Kepahiang'),
(31, 4, 'Lebong'),
(32, 4, 'Muko Muko'),
(33, 4, 'Rejang Lebong'),
(34, 4, 'Seluma'),
(35, 5, 'Bantul'),
(36, 5, 'Gunung Kidul'),
(37, 5, 'Kulon Progo'),
(38, 5, 'Sleman'),
(39, 5, 'Yogyakarta'),
(40, 6, 'Jakarta Barat'),
(41, 6, 'Jakarta Pusat'),
(42, 6, 'Jakarta Selatan'),
(43, 6, 'Jakarta Timur'),
(44, 6, 'Jakarta Utara'),
(45, 6, 'Kepulauan Seribu'),
(46, 7, 'Boalemo'),
(47, 7, 'Bone Bolango'),
(48, 7, 'Gorontalo'),
(49, 7, 'Gorontalo'),
(50, 7, 'Gorontalo Utara'),
(51, 7, 'Pohuwato'),
(52, 8, 'Batang Hari'),
(53, 8, 'Bungo'),
(54, 8, 'Jambi'),
(55, 8, 'Kerinci'),
(56, 8, 'Merangin'),
(57, 8, 'Muaro Jambi'),
(58, 8, 'Sarolangun'),
(59, 8, 'Sungaipenuh'),
(60, 8, 'Tanjung Jabung Barat'),
(61, 8, 'Tanjung Jabung Timur'),
(62, 8, 'Tebo'),
(63, 9, 'Bandung'),
(64, 9, 'Bandung'),
(65, 9, 'Bandung Barat'),
(66, 9, 'Banjar'),
(67, 9, 'Bekasi'),
(68, 9, 'Bekasi'),
(69, 9, 'Bogor'),
(70, 9, 'Bogor'),
(71, 9, 'Ciamis'),
(72, 9, 'Cianjur'),
(73, 9, 'Cimahi'),
(74, 9, 'Cirebon'),
(75, 9, 'Cirebon'),
(76, 9, 'Depok'),
(77, 9, 'Garut'),
(78, 9, 'Indramayu'),
(79, 9, 'Karawang'),
(80, 9, 'Kuningan'),
(81, 9, 'Majalengka'),
(82, 9, 'Pangandaran'),
(83, 9, 'Purwakarta'),
(84, 9, 'Subang'),
(85, 9, 'Sukabumi'),
(86, 9, 'Sukabumi'),
(87, 9, 'Sumedang'),
(88, 9, 'Tasikmalaya'),
(89, 9, 'Tasikmalaya'),
(90, 10, 'Banjarnegara'),
(91, 10, 'Banyumas'),
(92, 10, 'Batang'),
(93, 10, 'Blora'),
(94, 10, 'Boyolali'),
(95, 10, 'Brebes'),
(96, 10, 'Cilacap'),
(97, 10, 'Demak'),
(98, 10, 'Grobogan'),
(99, 10, 'Jepara'),
(100, 10, 'Karanganyar'),
(101, 10, 'Kebumen'),
(102, 10, 'Kendal'),
(103, 10, 'Klaten'),
(104, 10, 'Kudus'),
(105, 10, 'Magelang'),
(106, 10, 'Magelang'),
(107, 10, 'Pati'),
(108, 10, 'Pekalongan'),
(109, 10, 'Pekalongan'),
(110, 10, 'Pemalang'),
(111, 10, 'Purbalingga'),
(112, 10, 'Purworejo'),
(113, 10, 'Rembang'),
(114, 10, 'Salatiga'),
(115, 10, 'Semarang'),
(116, 10, 'Semarang'),
(117, 10, 'Sragen'),
(118, 10, 'Sukoharjo'),
(119, 10, 'Surakarta (Solo)'),
(120, 10, 'Tegal'),
(121, 10, 'Tegal'),
(122, 10, 'Temanggung'),
(123, 10, 'Wonogiri'),
(124, 10, 'Wonosobo'),
(125, 11, 'Bangkalan'),
(126, 11, 'Banyuwangi'),
(127, 11, 'Batu'),
(128, 11, 'Blitar'),
(129, 11, 'Blitar'),
(130, 11, 'Bojonegoro'),
(131, 11, 'Bondowoso'),
(132, 11, 'Gresik'),
(133, 11, 'Jember'),
(134, 11, 'Jombang'),
(135, 11, 'Kediri'),
(136, 11, 'Kediri'),
(137, 11, 'Lamongan'),
(138, 11, 'Lumajang'),
(139, 11, 'Madiun'),
(140, 11, 'Madiun'),
(141, 11, 'Magetan'),
(142, 11, 'Malang'),
(143, 11, 'Malang'),
(144, 11, 'Mojokerto'),
(145, 11, 'Mojokerto'),
(146, 11, 'Nganjuk'),
(147, 11, 'Ngawi'),
(148, 11, 'Pacitan'),
(149, 11, 'Pamekasan'),
(150, 11, 'Pasuruan'),
(151, 11, 'Pasuruan'),
(152, 11, 'Ponorogo'),
(153, 11, 'Probolinggo'),
(154, 11, 'Probolinggo'),
(155, 11, 'Sampang'),
(156, 11, 'Sidoarjo'),
(157, 11, 'Situbondo'),
(158, 11, 'Sumenep'),
(159, 11, 'Surabaya'),
(160, 11, 'Trenggalek'),
(161, 11, 'Tuban'),
(162, 11, 'Tulungagung'),
(163, 12, 'Bengkayang'),
(164, 12, 'Kapuas Hulu'),
(165, 12, 'Kayong Utara'),
(166, 12, 'Ketapang'),
(167, 12, 'Kubu Raya'),
(168, 12, 'Landak'),
(169, 12, 'Melawi'),
(170, 12, 'Pontianak'),
(171, 12, 'Pontianak'),
(172, 12, 'Sambas'),
(173, 12, 'Sanggau'),
(174, 12, 'Sekadau'),
(175, 12, 'Singkawang'),
(176, 12, 'Sintang'),
(177, 13, 'Balangan'),
(178, 13, 'Banjar'),
(179, 13, 'Banjarbaru'),
(180, 13, 'Banjarmasin'),
(181, 13, 'Barito Kuala'),
(182, 13, 'Hulu Sungai Selatan'),
(183, 13, 'Hulu Sungai Tengah'),
(184, 13, 'Hulu Sungai Utara'),
(185, 13, 'Kotabaru'),
(186, 13, 'Tabalong'),
(187, 13, 'Tanah Bumbu'),
(188, 13, 'Tanah Laut'),
(189, 13, 'Tapin'),
(190, 14, 'Barito Selatan'),
(191, 14, 'Barito Timur'),
(192, 14, 'Barito Utara'),
(193, 14, 'Gunung Mas'),
(194, 14, 'Kapuas'),
(195, 14, 'Katingan'),
(196, 14, 'Kotawaringin Barat'),
(197, 14, 'Kotawaringin Timur'),
(198, 14, 'Lamandau'),
(199, 14, 'Murung Raya'),
(200, 14, 'Palangka Raya'),
(201, 14, 'Pulang Pisau'),
(202, 14, 'Seruyan'),
(203, 14, 'Sukamara'),
(204, 15, 'Balikpapan'),
(205, 15, 'Berau'),
(206, 15, 'Bontang'),
(207, 15, 'Kutai Barat'),
(208, 15, 'Kutai Kartanegara'),
(209, 15, 'Kutai Timur'),
(210, 15, 'Paser'),
(211, 15, 'Penajam Paser Utara'),
(212, 15, 'Samarinda'),
(213, 16, 'Bulungan (Bulongan)'),
(214, 16, 'Malinau'),
(215, 16, 'Nunukan'),
(216, 16, 'Tana Tidung'),
(217, 16, 'Tarakan'),
(218, 17, 'Batam'),
(219, 17, 'Bintan'),
(220, 17, 'Karimun'),
(221, 17, 'Kepulauan Anambas'),
(222, 17, 'Lingga'),
(223, 17, 'Natuna'),
(224, 17, 'Tanjung Pinang'),
(225, 18, 'Bandar Lampung'),
(226, 18, 'Lampung Barat'),
(227, 18, 'Lampung Selatan'),
(228, 18, 'Lampung Tengah'),
(229, 18, 'Lampung Timur'),
(230, 18, 'Lampung Utara'),
(231, 18, 'Mesuji'),
(232, 18, 'Metro'),
(233, 18, 'Pesawaran'),
(234, 18, 'Pesisir Barat'),
(235, 18, 'Pringsewu'),
(236, 18, 'Tanggamus'),
(237, 18, 'Tulang Bawang'),
(238, 18, 'Tulang Bawang Barat'),
(239, 18, 'Way Kanan'),
(240, 19, 'Ambon'),
(241, 19, 'Buru'),
(242, 19, 'Buru Selatan'),
(243, 19, 'Kepulauan Aru'),
(244, 19, 'Maluku Barat Daya'),
(245, 19, 'Maluku Tengah'),
(246, 19, 'Maluku Tenggara'),
(247, 19, 'Maluku Tenggara Barat'),
(248, 19, 'Seram Bagian Barat'),
(249, 19, 'Seram Bagian Timur'),
(250, 19, 'Tual'),
(251, 20, 'Halmahera Barat'),
(252, 20, 'Halmahera Selatan'),
(253, 20, 'Halmahera Tengah'),
(254, 20, 'Halmahera Timur'),
(255, 20, 'Halmahera Utara'),
(256, 20, 'Kepulauan Sula'),
(257, 20, 'Pulau Morotai'),
(258, 20, 'Ternate'),
(259, 20, 'Tidore Kepulauan'),
(260, 21, 'Aceh Barat'),
(261, 21, 'Aceh Barat Daya'),
(262, 21, 'Aceh Besar'),
(263, 21, 'Aceh Jaya'),
(264, 21, 'Aceh Selatan'),
(265, 21, 'Aceh Singkil'),
(266, 21, 'Aceh Tamiang'),
(267, 21, 'Aceh Tengah'),
(268, 21, 'Aceh Tenggara'),
(269, 21, 'Aceh Timur'),
(270, 21, 'Aceh Utara'),
(271, 21, 'Banda Aceh'),
(272, 21, 'Bener Meriah'),
(273, 21, 'Bireuen'),
(274, 21, 'Gayo Lues'),
(275, 21, 'Langsa'),
(276, 21, 'Lhokseumawe'),
(277, 21, 'Nagan Raya'),
(278, 21, 'Pidie'),
(279, 21, 'Pidie Jaya'),
(280, 21, 'Sabang'),
(281, 21, 'Simeulue'),
(282, 21, 'Subulussalam'),
(283, 22, 'Bima'),
(284, 22, 'Bima'),
(285, 22, 'Dompu'),
(286, 22, 'Lombok Barat'),
(287, 22, 'Lombok Tengah'),
(288, 22, 'Lombok Timur'),
(289, 22, 'Lombok Utara'),
(290, 22, 'Mataram'),
(291, 22, 'Sumbawa'),
(292, 22, 'Sumbawa Barat'),
(293, 23, 'Alor'),
(294, 23, 'Belu'),
(295, 23, 'Ende'),
(296, 23, 'Flores Timur'),
(297, 23, 'Kupang'),
(298, 23, 'Kupang'),
(299, 23, 'Lembata'),
(300, 23, 'Manggarai'),
(301, 23, 'Manggarai Barat'),
(302, 23, 'Manggarai Timur'),
(303, 23, 'Nagekeo'),
(304, 23, 'Ngada'),
(305, 23, 'Rote Ndao'),
(306, 23, 'Sabu Raijua'),
(307, 23, 'Sikka'),
(308, 23, 'Sumba Barat'),
(309, 23, 'Sumba Barat Daya'),
(310, 23, 'Sumba Tengah'),
(311, 23, 'Sumba Timur'),
(312, 23, 'Timor Tengah Selatan'),
(313, 23, 'Timor Tengah Utara'),
(314, 24, 'Asmat'),
(315, 24, 'Biak Numfor'),
(316, 24, 'Boven Digoel'),
(317, 24, 'Deiyai (Deliyai)'),
(318, 24, 'Dogiyai'),
(319, 24, 'Intan Jaya'),
(320, 24, 'Jayapura'),
(321, 24, 'Jayapura'),
(322, 24, 'Jayawijaya'),
(323, 24, 'Keerom'),
(324, 24, 'Kepulauan Yapen (Yapen Waropen)'),
(325, 24, 'Lanny Jaya'),
(326, 24, 'Mamberamo Raya'),
(327, 24, 'Mamberamo Tengah'),
(328, 24, 'Mappi'),
(329, 24, 'Merauke'),
(330, 24, 'Mimika'),
(331, 24, 'Nabire'),
(332, 24, 'Nduga'),
(333, 24, 'Paniai'),
(334, 24, 'Pegunungan Bintang'),
(335, 24, 'Puncak'),
(336, 24, 'Puncak Jaya'),
(337, 24, 'Sarmi'),
(338, 24, 'Supiori'),
(339, 24, 'Tolikara'),
(340, 24, 'Waropen'),
(341, 24, 'Yahukimo'),
(342, 24, 'Yalimo'),
(343, 25, 'Fakfak'),
(344, 25, 'Kaimana'),
(345, 25, 'Manokwari'),
(346, 25, 'Manokwari Selatan'),
(347, 25, 'Maybrat'),
(348, 25, 'Pegunungan Arfak'),
(349, 25, 'Raja Ampat'),
(350, 25, 'Sorong'),
(351, 25, 'Sorong'),
(352, 25, 'Sorong Selatan'),
(353, 25, 'Tambrauw'),
(354, 25, 'Teluk Bintuni'),
(355, 25, 'Teluk Wondama'),
(356, 26, 'Bengkalis'),
(357, 26, 'Dumai'),
(358, 26, 'Indragiri Hilir'),
(359, 26, 'Indragiri Hulu'),
(360, 26, 'Kampar'),
(361, 26, 'Kepulauan Meranti'),
(362, 26, 'Kuantan Singingi'),
(363, 26, 'Pekanbaru'),
(364, 26, 'Pelalawan'),
(365, 26, 'Rokan Hilir'),
(366, 26, 'Rokan Hulu'),
(367, 26, 'Siak'),
(368, 27, 'Majene'),
(369, 27, 'Mamasa'),
(370, 27, 'Mamuju'),
(371, 27, 'Mamuju Utara'),
(372, 27, 'Polewali Mandar'),
(373, 28, 'Bantaeng'),
(374, 28, 'Barru'),
(375, 28, 'Bone'),
(376, 28, 'Bulukumba'),
(377, 28, 'Enrekang'),
(378, 28, 'Gowa'),
(379, 28, 'Jeneponto'),
(380, 28, 'Luwu'),
(381, 28, 'Luwu Timur'),
(382, 28, 'Luwu Utara'),
(383, 28, 'Makassar'),
(384, 28, 'Maros'),
(385, 28, 'Palopo'),
(386, 28, 'Pangkajene Kepulauan'),
(387, 28, 'Parepare'),
(388, 28, 'Pinrang'),
(389, 28, 'Selayar (Kepulauan Selayar)'),
(390, 28, 'Sidenreng Rappang/Rapang'),
(391, 28, 'Sinjai'),
(392, 28, 'Soppeng'),
(393, 28, 'Takalar'),
(394, 28, 'Tana Toraja'),
(395, 28, 'Toraja Utara'),
(396, 28, 'Wajo'),
(397, 29, 'Banggai'),
(398, 29, 'Banggai Kepulauan'),
(399, 29, 'Buol'),
(400, 29, 'Donggala'),
(401, 29, 'Morowali'),
(402, 29, 'Palu'),
(403, 29, 'Parigi Moutong'),
(404, 29, 'Poso'),
(405, 29, 'Sigi'),
(406, 29, 'Tojo Una-Una'),
(407, 29, 'Toli-Toli'),
(408, 30, 'Bau-Bau'),
(409, 30, 'Bombana'),
(410, 30, 'Buton'),
(411, 30, 'Buton Utara'),
(412, 30, 'Kendari'),
(413, 30, 'Kolaka'),
(414, 30, 'Kolaka Utara'),
(415, 30, 'Konawe'),
(416, 30, 'Konawe Selatan'),
(417, 30, 'Konawe Utara'),
(418, 30, 'Muna'),
(419, 30, 'Wakatobi'),
(420, 31, 'Bitung'),
(421, 31, 'Bolaang Mongondow (Bolmong)'),
(422, 31, 'Bolaang Mongondow Selatan'),
(423, 31, 'Bolaang Mongondow Timur'),
(424, 31, 'Bolaang Mongondow Utara'),
(425, 31, 'Kepulauan Sangihe'),
(426, 31, 'Kepulauan Siau Tagulandang Biaro (Sitaro)'),
(427, 31, 'Kepulauan Talaud'),
(428, 31, 'Kotamobagu'),
(429, 31, 'Manado'),
(430, 31, 'Minahasa'),
(431, 31, 'Minahasa Selatan'),
(432, 31, 'Minahasa Tenggara'),
(433, 31, 'Minahasa Utara'),
(434, 31, 'Tomohon'),
(435, 32, 'Agam'),
(436, 32, 'Bukittinggi'),
(437, 32, 'Dharmasraya'),
(438, 32, 'Kepulauan Mentawai'),
(439, 32, 'Lima Puluh Koto/Kota'),
(440, 32, 'Padang'),
(441, 32, 'Padang Panjang'),
(442, 32, 'Padang Pariaman'),
(443, 32, 'Pariaman'),
(444, 32, 'Pasaman'),
(445, 32, 'Pasaman Barat'),
(446, 32, 'Payakumbuh'),
(447, 32, 'Pesisir Selatan'),
(448, 32, 'Sawah Lunto'),
(449, 32, 'Sijunjung (Sawah Lunto Sijunjung)'),
(450, 32, 'Solok'),
(451, 32, 'Solok'),
(452, 32, 'Solok Selatan'),
(453, 32, 'Tanah Datar'),
(454, 33, 'Banyuasin'),
(455, 33, 'Empat Lawang'),
(456, 33, 'Lahat'),
(457, 33, 'Lubuk Linggau'),
(458, 33, 'Muara Enim'),
(459, 33, 'Musi Banyuasin'),
(460, 33, 'Musi Rawas'),
(461, 33, 'Ogan Ilir'),
(462, 33, 'Ogan Komering Ilir'),
(463, 33, 'Ogan Komering Ulu'),
(464, 33, 'Ogan Komering Ulu Selatan'),
(465, 33, 'Ogan Komering Ulu Timur'),
(466, 33, 'Pagar Alam'),
(467, 33, 'Palembang'),
(468, 33, 'Prabumulih'),
(469, 34, 'Asahan'),
(470, 34, 'Batu Bara'),
(471, 34, 'Binjai'),
(472, 34, 'Dairi'),
(473, 34, 'Deli Serdang'),
(474, 34, 'Gunungsitoli'),
(475, 34, 'Humbang Hasundutan'),
(476, 34, 'Karo'),
(477, 34, 'Labuhan Batu'),
(478, 34, 'Labuhan Batu Selatan'),
(479, 34, 'Labuhan Batu Utara'),
(480, 34, 'Langkat'),
(481, 34, 'Mandailing Natal'),
(482, 34, 'Medan'),
(483, 34, 'Nias'),
(484, 34, 'Nias Barat'),
(485, 34, 'Nias Selatan'),
(486, 34, 'Nias Utara'),
(487, 34, 'Padang Lawas'),
(488, 34, 'Padang Lawas Utara'),
(489, 34, 'Padang Sidempuan'),
(490, 34, 'Pakpak Bharat'),
(491, 34, 'Pematang Siantar'),
(492, 34, 'Samosir'),
(493, 34, 'Serdang Bedagai'),
(494, 34, 'Sibolga'),
(495, 34, 'Simalungun'),
(496, 34, 'Tanjung Balai'),
(497, 34, 'Tapanuli Selatan'),
(498, 34, 'Tapanuli Tengah'),
(499, 34, 'Tapanuli Utara'),
(500, 34, 'Tebing Tinggi'),
(501, 34, 'Toba Samosir');

-- --------------------------------------------------------

--
-- Struktur dari tabel `mlikelihood`
--

CREATE TABLE `mlikelihood` (
  `intIdLikelihood` int(11) NOT NULL,
  `intLikelihoodNumber` int(11) NOT NULL,
  `txtNamaLikelihood` varchar(255) NOT NULL,
  `txtKeteranganLikelihood` varchar(255) NOT NULL,
  `intInsertedBy` int(11) NOT NULL,
  `dtmInsertedDate` date NOT NULL,
  `intUpdatedBy` int(11) NOT NULL,
  `dtmUpdatedDate` date NOT NULL
) ENGINE=InnoDB DEFAULT CHARSET=latin1 ROW_FORMAT=DYNAMIC;

--
-- Dumping data untuk tabel `mlikelihood`
--

INSERT INTO `mlikelihood` (`intIdLikelihood`, `intLikelihoodNumber`, `txtNamaLikelihood`, `txtKeteranganLikelihood`, `intInsertedBy`, `dtmInsertedDate`, `intUpdatedBy`, `dtmUpdatedDate`) VALUES
(1, 1, 'LEVEL 1 (RARE)', 'JARANG (< 1 KALI/TAHUN)', 1, '2022-04-08', 1, '2022-04-15'),
(2, 2, 'LEVEL 2 (UNLIKELY)', 'KONDISI ABNORMAL (1-10 KALI/TAHUN)', 1, '2022-04-08', 1, '2022-04-15'),
(3, 3, 'LEVEL3 (POSSIBLE)', 'SERING (11-20 KALI/TAHUN)', 1, '2022-04-08', 1, '2022-04-15'),
(4, 4, 'LEVEL 4 (PROBABLE)', 'SERING SEKALI (20-40 KALI / TAHUN)', 1, '2022-04-08', 1, '2022-04-15'),
(5, 5, 'LEVEL 5 (ALMOST CERTAIN)', 'TERUS MENERUS', 1, '2022-04-08', 1, '2022-04-15');

-- --------------------------------------------------------

--
-- Struktur dari tabel `mmcutype`
--

CREATE TABLE `mmcutype` (
  `idMcuType` int(11) NOT NULL,
  `type` varchar(3) NOT NULL,
  `description` varchar(30) NOT NULL
) ENGINE=InnoDB DEFAULT CHARSET=latin1 ROW_FORMAT=DYNAMIC;

--
-- Dumping data untuk tabel `mmcutype`
--

INSERT INTO `mmcutype` (`idMcuType`, `type`, `description`) VALUES
(1, 'A1', ''),
(2, 'B1', ''),
(3, 'C1', '');

-- --------------------------------------------------------

--
-- Struktur dari tabel `mmedicine`
--

CREATE TABLE `mmedicine` (
  `idObat` int(11) NOT NULL,
  `namaObat` varchar(50) NOT NULL
) ENGINE=InnoDB DEFAULT CHARSET=latin1 ROW_FORMAT=DYNAMIC;

--
-- Dumping data untuk tabel `mmedicine`
--

INSERT INTO `mmedicine` (`idObat`, `namaObat`) VALUES
(1, 'Sanmol'),
(2, 'Ibuprofen');

-- --------------------------------------------------------

--
-- Struktur dari tabel `mnegara`
--

CREATE TABLE `mnegara` (
  `intIdNegara` int(11) NOT NULL,
  `txtKodeNegara` char(5) NOT NULL,
  `txtNamaNegara` varchar(100) NOT NULL
) ENGINE=InnoDB DEFAULT CHARSET=latin1 ROW_FORMAT=DYNAMIC;

--
-- Dumping data untuk tabel `mnegara`
--

INSERT INTO `mnegara` (`intIdNegara`, `txtKodeNegara`, `txtNamaNegara`) VALUES
(1, 'ID', 'Indonesia');

-- --------------------------------------------------------

--
-- Struktur dari tabel `mparamedic`
--

CREATE TABLE `mparamedic` (
  `idparamedic` int(11) NOT NULL,
  `paramedic_name` varchar(30) NOT NULL,
  `gender` tinyint(1) NOT NULL,
  `specialist` varchar(30) NOT NULL
) ENGINE=InnoDB DEFAULT CHARSET=latin1 ROW_FORMAT=DYNAMIC;

--
-- Dumping data untuk tabel `mparamedic`
--

INSERT INTO `mparamedic` (`idparamedic`, `paramedic_name`, `gender`, `specialist`) VALUES
(1, 'Ahmad Sadikin', 1, 'Umum');

-- --------------------------------------------------------

--
-- Struktur dari tabel `mplant`
--

CREATE TABLE `mplant` (
  `intIdPlant` int(11) NOT NULL,
  `txtNamaPlant` varchar(255) NOT NULL,
  `bitActive` tinyint(1) NOT NULL,
  `intInsertedBy` int(11) NOT NULL,
  `dtmInsertedDate` date NOT NULL,
  `intUpdatedBy` int(11) DEFAULT NULL,
  `dtmUpdatedDate` date DEFAULT NULL,
  `txtSingkatan` varchar(50) DEFAULT NULL
) ENGINE=InnoDB DEFAULT CHARSET=latin1 ROW_FORMAT=DYNAMIC;

--
-- Dumping data untuk tabel `mplant`
--

INSERT INTO `mplant` (`intIdPlant`, `txtNamaPlant`, `bitActive`, `intInsertedBy`, `dtmInsertedDate`, `intUpdatedBy`, `dtmUpdatedDate`, `txtSingkatan`) VALUES
(1, 'APF KARAWANG', 1, 1, '2022-04-01', 1, '2022-06-10', 'APF-K'),
(3, 'APF KENDAL - SEMARANG', 1, 1, '2022-06-10', 1, '2022-06-10', 'APF-S');

-- --------------------------------------------------------

--
-- Struktur dari tabel `mprovinsi`
--

CREATE TABLE `mprovinsi` (
  `intIdProvinsi` bigint(20) UNSIGNED NOT NULL,
  `intIdNegara` int(11) NOT NULL,
  `txtNamaProvinsi` varchar(255) COLLATE utf8mb4_unicode_ci NOT NULL
) ENGINE=InnoDB DEFAULT CHARSET=utf8mb4 COLLATE=utf8mb4_unicode_ci ROW_FORMAT=DYNAMIC;

--
-- Dumping data untuk tabel `mprovinsi`
--

INSERT INTO `mprovinsi` (`intIdProvinsi`, `intIdNegara`, `txtNamaProvinsi`) VALUES
(1, 1, 'Bali'),
(2, 1, 'Bangka Belitung'),
(3, 1, 'Banten'),
(4, 1, 'Bengkulu'),
(5, 1, 'DI Yogyakarta'),
(6, 1, 'DKI Jakarta'),
(7, 1, 'Gorontalo'),
(8, 1, 'Jambi'),
(9, 1, 'Jawa Barat'),
(10, 1, 'Jawa Tengah'),
(11, 1, 'Jawa Timur'),
(12, 1, 'Kalimantan Barat'),
(13, 1, 'Kalimantan Selatan'),
(14, 1, 'Kalimantan Tengah'),
(15, 1, 'Kalimantan Timur'),
(16, 1, 'Kalimantan Utara'),
(17, 1, 'Kepulauan Riau'),
(18, 1, 'Lampung'),
(19, 1, 'Maluku'),
(20, 1, 'Maluku Utara'),
(21, 1, 'Nanggroe Aceh Darussalam (NAD)'),
(22, 1, 'Nusa Tenggara Barat (NTB)'),
(23, 1, 'Nusa Tenggara Timur (NTT)'),
(24, 1, 'Papua'),
(25, 1, 'Papua Barat'),
(26, 1, 'Riau'),
(27, 1, 'Sulawesi Barat'),
(28, 1, 'Sulawesi Selatan'),
(29, 1, 'Sulawesi Tengah'),
(30, 1, 'Sulawesi Tenggara'),
(31, 1, 'Sulawesi Utara'),
(32, 1, 'Sumatera Barat'),
(33, 1, 'Sumatera Selatan'),
(34, 1, 'Sumatera Utara');

-- --------------------------------------------------------

--
-- Struktur dari tabel `mreccurent_proability`
--

CREATE TABLE `mreccurent_proability` (
  `id` int(11) NOT NULL,
  `recc_name` varchar(50) NOT NULL,
  `description` text NOT NULL,
  `status` int(2) NOT NULL COMMENT '1=acticve, 0=notactive'
) ENGINE=InnoDB DEFAULT CHARSET=utf8mb4;

--
-- Dumping data untuk tabel `mreccurent_proability`
--

INSERT INTO `mreccurent_proability` (`id`, `recc_name`, `description`, `status`) VALUES
(1, 'POSSIBLE', '', 1),
(2, 'IMPOSSIBLE', '', 1);

-- --------------------------------------------------------

--
-- Struktur dari tabel `mriskassessmentmatrix`
--

CREATE TABLE `mriskassessmentmatrix` (
  `intIdRiskAssessmentMatrix` int(11) NOT NULL,
  `intIdRiskConsequence` int(11) NOT NULL,
  `intIdLikelihood` int(11) NOT NULL,
  `txtTingkatResiko` varchar(256) NOT NULL,
  `txtRiskMatrix` varchar(10) NOT NULL,
  `txtNamaResiko` varchar(256) NOT NULL,
  `txtNamaResikoDetail` varchar(256) NOT NULL,
  `intIsAcceptable` int(11) NOT NULL,
  `intInsertedBy` int(11) NOT NULL,
  `dtmInsertedDate` date NOT NULL,
  `intUpdatedBy` int(11) NOT NULL,
  `dtmUpdatedDate` date NOT NULL,
  `txtRiskOwner` varchar(255) DEFAULT NULL
) ENGINE=InnoDB DEFAULT CHARSET=latin1 ROW_FORMAT=DYNAMIC;

--
-- Dumping data untuk tabel `mriskassessmentmatrix`
--

INSERT INTO `mriskassessmentmatrix` (`intIdRiskAssessmentMatrix`, `intIdRiskConsequence`, `intIdLikelihood`, `txtTingkatResiko`, `txtRiskMatrix`, `txtNamaResiko`, `txtNamaResikoDetail`, `intIsAcceptable`, `intInsertedBy`, `dtmInsertedDate`, `intUpdatedBy`, `dtmUpdatedDate`, `txtRiskOwner`) VALUES
(1, 1, 1, 'LOW', '1L', 'ACCEPTABLE', 'ACCEPTABLE', 1, 1, '2022-04-16', 0, '2023-01-01', 'OPERATOR'),
(2, 1, 2, 'LOW', '2L', 'ACCEPTABLE', 'ACCEPTABLE', 1, 1, '2022-04-16', 0, '2023-01-01', 'OPERATOR'),
(3, 1, 3, 'LOW', '3L', 'ACCEPTABLE', 'ACCEPTABLE', 1, 1, '2022-04-16', 0, '2023-01-01', 'OPERATOR'),
(4, 1, 4, 'LOW', '4L', 'ACCEPTABLE', 'ACCEPTABLE', 1, 1, '2022-04-16', 0, '2023-01-01', 'OPERATOR'),
(5, 1, 5, 'MEDIUM', '5M', 'UNACCEPTABLE', 'SUPPLEMANTARY ISSUE', 0, 1, '2022-04-16', 0, '2023-01-01', 'SUPER INTENDENT/SUPERVISOR'),
(6, 2, 1, 'LOW', '2L', 'ACCEPTABLE', 'ACCEPTABLE', 1, 1, '2022-04-16', 0, '2023-01-01', 'OPERATOR'),
(7, 2, 2, 'LOW', '4L', 'ACCEPTABLE', 'ACCEPTABLE', 1, 1, '2022-04-16', 0, '2023-01-01', 'OPERATOR'),
(8, 2, 3, 'MEDIUM', '6M', 'UNACCEPTABLE', 'SUPPLEMANTARY ISSUE', 0, 1, '2022-04-16', 0, '2023-01-01', 'INTENDENT/SUPERVISOR'),
(9, 2, 4, 'MEDIUM', '8M', 'UNACCEPTABLE', 'SUPPLEMANTARY ISSUE', 0, 1, '2022-04-16', 0, '2023-01-01', 'INTENDENT/SUPERVISOR'),
(10, 2, 5, 'HIGH', '10H', 'UNACCEPTABLE', 'ISSUE', 0, 1, '2022-04-16', 0, '2023-01-01', 'GM/MANAGER'),
(11, 3, 1, 'MEDIUM', '3M', 'UNACCEPTABLE', 'SUPPLEMANTARY ISSUE', 0, 1, '2022-04-16', 0, '2023-01-01', 'INTENDENT/SUPERVISOR'),
(12, 3, 2, 'MEDIUM', '6M', 'UNACCEPTABLE', 'SUPPLEMANTARY ISSUE', 0, 1, '2022-04-16', 0, '2023-01-01', 'INTENDENT/SUPERVISOR'),
(13, 3, 3, 'HIGH', '9H', 'UNACCEPTABLE', 'ISSUE', 0, 1, '2022-04-16', 0, '2023-01-01', 'GM/MANAGER'),
(14, 3, 4, 'HIGH', '12H', 'UNACCEPTABLE', 'ISSUE', 0, 1, '2022-04-16', 0, '2023-01-01', 'GM/MANAGER'),
(15, 3, 5, 'EXTREME', '15E', 'UNACCEPTABLE', 'UNACCEPTABLE', 0, 1, '2022-04-16', 0, '2023-01-01', 'DIRECTUR/VP'),
(16, 4, 1, 'HIGH', '4H', 'UNACCEPTABLE', 'ISSUE', 0, 1, '2022-04-16', 0, '2023-01-01', 'GM/MANAGER'),
(17, 4, 2, 'HIGH', '8H', 'UNACCEPTABLE', 'ISSUE', 0, 1, '2022-04-16', 0, '2023-01-01', 'GM/MANAGER'),
(18, 4, 3, 'EXTREME', '12E', 'UNACCEPTABLE', 'UNACCEPTABLE', 0, 1, '2022-04-16', 0, '2023-01-01', 'DIRECTUR/VP'),
(19, 4, 4, 'EXTREME', '16E', 'UNACCEPTABLE', 'UNACCEPTABLE', 0, 1, '2022-04-16', 0, '2023-01-01', 'DIRECTUR/VP'),
(20, 4, 5, 'EXTREME', '20E', 'UNACCEPTABLE', 'UNACCEPTABLE', 0, 1, '2022-04-16', 0, '2023-01-01', 'DIRECTUR/VP'),
(21, 5, 1, 'EXTREME', '5E', 'UNACCEPTABLE', 'UNACCEPTABLE', 0, 1, '2022-04-16', 0, '2023-01-01', 'DIRECTUR/VP'),
(22, 5, 2, 'EXTREME', '10E', 'UNACCEPTABLE', 'UNACCEPTABLE', 0, 1, '2022-04-16', 0, '2023-01-01', 'DIRECTUR/VP'),
(23, 5, 3, 'EXTREME', '15E', 'UNACCEPTABLE', 'UNACCEPTABLE', 0, 1, '2022-04-16', 0, '2023-01-01', 'DIRECTUR/VP'),
(24, 5, 4, 'EXTREME', '20E', 'UNACCEPTABLE', 'UNACCEPTABLE', 0, 1, '2022-04-16', 0, '2023-01-01', 'DIRECTUR/VP'),
(25, 5, 5, 'EXTREME', '25E', 'UNACCEPTABLE', 'UNACCEPTABLE', 0, 1, '2022-04-16', 0, '2023-01-01', 'DIRECTUR/VP');

-- --------------------------------------------------------

--
-- Struktur dari tabel `mriskconsequence`
--

CREATE TABLE `mriskconsequence` (
  `intIdRiskConsequence` int(11) NOT NULL,
  `intTingkatKlasifikasi` int(11) NOT NULL,
  `txtNamaTingkatKlasifikasi` varchar(255) NOT NULL,
  `txtTingkatKeparahan` varchar(255) NOT NULL,
  `txtSebaranResiko` varchar(255) NOT NULL,
  `txtBiayaPemulihan` varchar(255) NOT NULL,
  `txtLamaPemulihan` varchar(255) NOT NULL,
  `txtCitraPerusahaan` varchar(255) NOT NULL,
  `bitActive` int(11) NOT NULL,
  `intInsertedBy` int(11) NOT NULL,
  `dtmInsertedDate` date NOT NULL,
  `intUpdatedBy` int(11) NOT NULL,
  `dtmUpdatedDate` date NOT NULL
) ENGINE=InnoDB DEFAULT CHARSET=latin1 ROW_FORMAT=DYNAMIC;

--
-- Dumping data untuk tabel `mriskconsequence`
--

INSERT INTO `mriskconsequence` (`intIdRiskConsequence`, `intTingkatKlasifikasi`, `txtNamaTingkatKlasifikasi`, `txtTingkatKeparahan`, `txtSebaranResiko`, `txtBiayaPemulihan`, `txtLamaPemulihan`, `txtCitraPerusahaan`, `bitActive`, `intInsertedBy`, `dtmInsertedDate`, `intUpdatedBy`, `dtmUpdatedDate`) VALUES
(1, 1, 'LEVEL 1 (INSIGNIFICANT)', 'RIsiko minimal (Tidak ada Cidera), tidak terkait peraturan perundangan dan persyaratan K3L', 'Didalam Area Kerja', '< Rp. 500.000,-', '< 1 hari', 'Tidak menurunkan citra perusahaan', 1, 1, '2022-04-07', 1, '2022-04-08'),
(2, 2, 'LEVEL 2 (MINOR)', 'Risiko tidak mempengaruhi mutu, keselamatan kesehatan kerja (Cidera Kecil), lingkungan  namun menggangu, tidak melanggar peraturan perundangan & persyaratan K3L', 'Sampai Batas Dalam Konsesi Perusahaan', 'Rp. 500.000,-  sd Rp. 5.000.000,-', '1 sd 7 hari', 'Menurunkan citra perusahaan dalam kabupaten/ kotamadya', 1, 1, '2022-04-08', 1, '2022-04-08'),
(3, 3, 'LEVEL 3 (MODERATE)', 'Risiko mempengaruhi mutu, keselamatan kesehatan kerja (Cidera Sedang), lingkungan  jangka panjang, tidak konsisten pada peraturan perundangan & persyaratan K3L', 'Keluar Area Konsesi Perusahaan sampai 3 km (Sekitar perusahaan)', 'Rp.5.000.000,- sd Rp.50.000.000,-', '7 sd 30 hari', 'Menurunkan citra perusahaan dalam propinsi', 1, 1, '2022-04-08', 1, '2022-04-08'),
(4, 4, 'LEVEL 4 (MAJOR)', 'Risiko berakibat kritis pada mutu, keselamatan kesehatan kerja (Cidera Berat), lingkungan  serta tidak menerapkan peraturan perundangan & persyaratan K3L', 'Keluar Area Konsesi Perusahaan sampai 10 km', 'Rp.50.000.000,- sd Rp.100.000.000,-', '1 bulan sd 1 tahun', 'Menurunkan citra perusahaan nasional', 1, 1, '2022-04-08', 1, '2022-04-08'),
(5, 5, 'LEVEL 5 (CATASTROPIC)', 'Risiko menyebabkan kegagalan total, bencana atau kematian (Fatality) dan melanggar peraturan perundangan & persyaratan K3L', 'Keluar Area Konsesi Perusahaan lebih dari 10 km', '> Rp.200.000.000,-', '> 1 tahun', 'Menurunkan citra perusahaan internasional', 1, 1, '2022-04-08', 1, '2022-04-08');

-- --------------------------------------------------------

--
-- Struktur dari tabel `mrisk_category`
--

CREATE TABLE `mrisk_category` (
  `id` int(11) NOT NULL,
  `name` varchar(150) NOT NULL,
  `description` varchar(200) NOT NULL
) ENGINE=InnoDB DEFAULT CHARSET=latin1 ROW_FORMAT=DYNAMIC;

--
-- Dumping data untuk tabel `mrisk_category`
--

INSERT INTO `mrisk_category` (`id`, `name`, `description`) VALUES
(1, 'Organization Risk', ''),
(2, 'Business Risk', ''),
(3, 'Legal Risk', ''),
(4, 'Social Risk', '');

-- --------------------------------------------------------

--
-- Struktur dari tabel `mrisk_condition`
--

CREATE TABLE `mrisk_condition` (
  `id` int(11) NOT NULL,
  `name` varchar(150) NOT NULL,
  `description` varchar(200) NOT NULL
) ENGINE=InnoDB DEFAULT CHARSET=latin1 ROW_FORMAT=DYNAMIC;

--
-- Dumping data untuk tabel `mrisk_condition`
--

INSERT INTO `mrisk_condition` (`id`, `name`, `description`) VALUES
(1, 'Normal', ''),
(2, 'Abnormal', ''),
(3, 'Start-Up', ''),
(4, 'Shut Down', ''),
(5, 'Emergency', '');

-- --------------------------------------------------------

--
-- Struktur dari tabel `mrisk_status`
--

CREATE TABLE `mrisk_status` (
  `id` int(11) NOT NULL,
  `name` varchar(150) NOT NULL,
  `description` varchar(200) NOT NULL
) ENGINE=InnoDB DEFAULT CHARSET=latin1 ROW_FORMAT=DYNAMIC;

--
-- Dumping data untuk tabel `mrisk_status`
--

INSERT INTO `mrisk_status` (`id`, `name`, `description`) VALUES
(1, 'Accepted', ''),
(2, 'Not Accepted', '');

-- --------------------------------------------------------

--
-- Struktur dari tabel `mrisk_type`
--

CREATE TABLE `mrisk_type` (
  `id` int(11) NOT NULL,
  `name` varchar(150) NOT NULL,
  `description` varchar(200) NOT NULL
) ENGINE=InnoDB DEFAULT CHARSET=latin1 ROW_FORMAT=DYNAMIC;

--
-- Dumping data untuk tabel `mrisk_type`
--

INSERT INTO `mrisk_type` (`id`, `name`, `description`) VALUES
(1, 'Quality Risk', ''),
(2, 'Energy Risk', ''),
(3, 'Environmental Risk', ''),
(4, 'Safety Risk', ''),
(5, 'Security Risk', ''),
(6, 'Social Risk', ''),
(7, 'Health Risk', '');

-- --------------------------------------------------------

--
-- Struktur dari tabel `msection`
--

CREATE TABLE `msection` (
  `intIdSection` int(11) NOT NULL,
  `txtNamaSection` varchar(50) NOT NULL,
  `bitActive` tinyint(1) NOT NULL,
  `intInsertBy` int(11) NOT NULL,
  `dtmInsertedDate` date NOT NULL,
  `intUpdatedBy` int(11) DEFAULT NULL,
  `dtmUpdatedDate` date DEFAULT NULL,
  `intIdPlant` int(11) DEFAULT NULL
) ENGINE=InnoDB DEFAULT CHARSET=latin1 ROW_FORMAT=DYNAMIC;

--
-- Dumping data untuk tabel `msection`
--

INSERT INTO `msection` (`intIdSection`, `txtNamaSection`, `bitActive`, `intInsertBy`, `dtmInsertedDate`, `intUpdatedBy`, `dtmUpdatedDate`, `intIdPlant`) VALUES
(1, 'OPERATION GROUP', 0, 1, '2022-04-01', 1, '2022-06-10', 1),
(2, 'FINANCE', 1, 1, '2022-04-01', NULL, NULL, 1),
(3, 'HUMAN RESOURCES', 0, 1, '2022-06-10', NULL, NULL, 1),
(4, 'CENTRAL TECHNICAL', 0, 1, '2022-06-10', NULL, NULL, 1),
(5, 'SITE SERVICE', 0, 1, '2022-06-10', NULL, NULL, 1),
(6, 'DIRECTOR', 0, 1, '2022-06-10', 1, '2024-10-03', 1),
(7, 'IT', 1, 1, '2022-06-10', NULL, NULL, 1),
(11, 'BUSINESS EXECUTION', 1, 1, '2024-10-03', NULL, NULL, 1),
(12, 'BUSINESS SUPPORT AND SUSTAINABILITY', 1, 1, '2024-10-03', NULL, NULL, 1);

-- --------------------------------------------------------

--
-- Struktur dari tabel `mseverity_level`
--

CREATE TABLE `mseverity_level` (
  `id` int(11) NOT NULL,
  `level_name` varchar(50) NOT NULL,
  `description` text NOT NULL,
  `status` int(2) NOT NULL COMMENT 'active = 1, 0 = notactive'
) ENGINE=InnoDB DEFAULT CHARSET=utf8mb4;

--
-- Dumping data untuk tabel `mseverity_level`
--

INSERT INTO `mseverity_level` (`id`, `level_name`, `description`, `status`) VALUES
(1, 'LOW', '', 1),
(2, 'MEDIUM', '', 1),
(3, 'HIGHT', '', 1);

-- --------------------------------------------------------

--
-- Struktur dari tabel `ms_regulation_levels`
--

CREATE TABLE `ms_regulation_levels` (
  `id` bigint(20) UNSIGNED NOT NULL,
  `name` varchar(255) COLLATE utf8mb4_unicode_ci NOT NULL,
  `status` enum('active','non active') COLLATE utf8mb4_unicode_ci NOT NULL,
  `created_by` varchar(255) COLLATE utf8mb4_unicode_ci NOT NULL,
  `created_at` timestamp NOT NULL DEFAULT current_timestamp(),
  `updated_by` varchar(255) COLLATE utf8mb4_unicode_ci NOT NULL,
  `updated_at` timestamp NOT NULL DEFAULT current_timestamp() ON UPDATE current_timestamp(),
  `deleted_at` datetime DEFAULT NULL
) ENGINE=InnoDB DEFAULT CHARSET=utf8mb4 COLLATE=utf8mb4_unicode_ci;

-- --------------------------------------------------------

--
-- Struktur dari tabel `ms_regulation_relateds`
--

CREATE TABLE `ms_regulation_relateds` (
  `id` bigint(20) UNSIGNED NOT NULL,
  `name` varchar(255) COLLATE utf8mb4_unicode_ci NOT NULL,
  `status` enum('active','non active') COLLATE utf8mb4_unicode_ci NOT NULL,
  `created_by` varchar(255) COLLATE utf8mb4_unicode_ci NOT NULL,
  `created_at` timestamp NOT NULL DEFAULT current_timestamp(),
  `updated_by` varchar(255) COLLATE utf8mb4_unicode_ci NOT NULL,
  `updated_at` timestamp NOT NULL DEFAULT current_timestamp() ON UPDATE current_timestamp(),
  `deleted_at` datetime DEFAULT NULL
) ENGINE=InnoDB DEFAULT CHARSET=utf8mb4 COLLATE=utf8mb4_unicode_ci;

-- --------------------------------------------------------

--
-- Struktur dari tabel `ms_regulation_status`
--

CREATE TABLE `ms_regulation_status` (
  `id` bigint(20) UNSIGNED NOT NULL,
  `name` varchar(255) COLLATE utf8mb4_unicode_ci NOT NULL,
  `status` enum('active','non active') COLLATE utf8mb4_unicode_ci NOT NULL,
  `created_by` varchar(255) COLLATE utf8mb4_unicode_ci NOT NULL,
  `created_at` timestamp NOT NULL DEFAULT current_timestamp(),
  `updated_by` varchar(255) COLLATE utf8mb4_unicode_ci NOT NULL,
  `updated_at` timestamp NOT NULL DEFAULT current_timestamp() ON UPDATE current_timestamp(),
  `deleted_at` datetime DEFAULT NULL
) ENGINE=InnoDB DEFAULT CHARSET=utf8mb4 COLLATE=utf8mb4_unicode_ci;

-- --------------------------------------------------------

--
-- Struktur dari tabel `ms_regulation_types`
--

CREATE TABLE `ms_regulation_types` (
  `id` bigint(20) UNSIGNED NOT NULL,
  `name` varchar(255) COLLATE utf8mb4_unicode_ci NOT NULL,
  `status` enum('active','non active') COLLATE utf8mb4_unicode_ci NOT NULL,
  `created_by` varchar(255) COLLATE utf8mb4_unicode_ci NOT NULL,
  `created_at` timestamp NOT NULL DEFAULT current_timestamp(),
  `updated_by` varchar(255) COLLATE utf8mb4_unicode_ci NOT NULL,
  `updated_at` timestamp NOT NULL DEFAULT current_timestamp() ON UPDATE current_timestamp(),
  `deleted_at` datetime DEFAULT NULL
) ENGINE=InnoDB DEFAULT CHARSET=utf8mb4 COLLATE=utf8mb4_unicode_ci;

-- --------------------------------------------------------

--
-- Struktur dari tabel `mtahapanproses`
--

CREATE TABLE `mtahapanproses` (
  `intIdTahapanProses` int(11) NOT NULL,
  `intIdActivty` int(11) NOT NULL,
  `txtNamaTahapan` varchar(255) NOT NULL,
  `bitActive` tinyint(1) NOT NULL,
  `intInsertedBy` int(11) NOT NULL,
  `dtmInsertedDate` date NOT NULL,
  `intUpdateBy` int(11) DEFAULT NULL,
  `dtmUpdatedDate` date DEFAULT NULL
) ENGINE=InnoDB DEFAULT CHARSET=latin1 ROW_FORMAT=DYNAMIC;

--
-- Dumping data untuk tabel `mtahapanproses`
--

INSERT INTO `mtahapanproses` (`intIdTahapanProses`, `intIdActivty`, `txtNamaTahapan`, `bitActive`, `intInsertedBy`, `dtmInsertedDate`, `intUpdateBy`, `dtmUpdatedDate`) VALUES
(1, 2, 'NAIK KE POSISI LAMPU PAKAI CRANE', 1, 1, '2022-05-18', NULL, NULL),
(2, 3, 'SWITCH OFF POWER SUPPLY', 1, 8, '2022-06-16', NULL, NULL),
(6, 4, 'NAIK KE POSISI LAMPU DI ATAS PIPERACK', 1, 8, '2022-06-16', NULL, NULL),
(7, 4, 'BERJALAN DI ATAS WALK WAY', 1, 8, '2022-06-16', NULL, NULL),
(8, 4, 'BONGKAR LAMPU SOROT YANG MATI', 1, 8, '2022-06-16', NULL, NULL),
(9, 4, 'MEMASANG LAMPU 1 SET', 1, 8, '2022-06-16', NULL, NULL),
(10, 5, 'PASANG TANGGA FORTABLE', 1, 8, '2022-06-16', NULL, NULL),
(11, 5, 'MENAIKI TANGGA UNTUK IKAT TANGGA PADA SUPPORT LAMPU', 1, 8, '2022-06-16', NULL, NULL),
(25, 3, 'NAIK KE POSISI LAMPU PAKAI CRANE', 1, 8, '2022-06-16', NULL, NULL),
(26, 3, 'DISCONNECT POWER LAMPU', 1, 8, '2022-06-17', NULL, NULL),
(27, 3, 'MEMBONGKAR LAMPU 1 SET', 1, 8, '2022-06-17', NULL, NULL),
(28, 3, 'CONNECT POWER SUPPLY', 1, 8, '2022-06-17', NULL, NULL),
(29, 3, 'SWITCH ON POWER SUPPLY', 1, 8, '2022-06-17', NULL, NULL),
(30, 3, 'TURUN DARI CRANE', 1, 8, '2022-06-17', NULL, NULL),
(31, 5, 'PASANG LAMPU SOROT PENGGANTI', 1, 8, '2022-06-17', NULL, NULL),
(32, 5, 'LEPAS IKATAN TANGGA DAN TURUN ', 1, 8, '2022-06-17', NULL, NULL),
(33, 5, 'BONGKAR TANGGA FORTABLE', 1, 8, '2022-06-17', NULL, NULL),
(34, 6, 'MENGANGKAT MOTOR KE WORKSHOP ELEKTRIK', 1, 8, '2022-06-17', NULL, NULL),
(35, 6, 'CEK RESISTANCE DAN MEGGER WINDING MOTOR', 1, 8, '2022-06-17', NULL, NULL),
(36, 6, 'MELEPAS COUPLING/PULLY MOTOR', 1, 8, '2022-06-17', NULL, NULL),
(37, 6, 'MELEPAS COVER BEARING DE/NDE', 1, 8, '2022-06-17', NULL, NULL),
(38, 6, 'MENGANTI BEARING DE/NDE', 1, 8, '2022-06-17', NULL, NULL),
(39, 6, 'MENGECEK RESISTANCE DAN MEGGER WINDING MOTOR', 1, 8, '2022-06-17', NULL, NULL),
(40, 6, 'MENGANGKAT MOTOR DAN TARUH PADA PONDASINYA', 1, 8, '2022-06-17', NULL, NULL),
(41, 7, 'CLEANNING BATTERY', 1, 8, '2022-06-17', NULL, NULL),
(42, 7, 'UKUR TEGANGAN BATTERY PER CELL DAN TOTAL', 1, 8, '2022-06-17', NULL, NULL),
(43, 7, 'CEK LEVEL AIR, BILA KURANG TAMBAH AIRNYA', 1, 8, '2022-06-17', NULL, NULL),
(44, 8, 'SWITCH OFF POWER DAN RACK OUT BREAKER DARI COMPARTMENT', 1, 8, '2022-06-17', NULL, NULL),
(45, 8, 'BERSIHKAN BREAKER DARI DEBU, TIGHNESS DAN TEST FUNGSIONAL DI WORKSHOP', 1, 8, '2022-06-17', NULL, NULL),
(46, 8, 'RACK IN BREAKER PADA COMPART- MENT DAN SWITCH ON POWER', 1, 8, '2022-06-17', NULL, NULL),
(47, 9, 'SWITCH OFF DAN RACK OUT CIRCUIT BREAKER DARI COMPARTMENT', 1, 8, '2022-06-17', NULL, NULL),
(48, 9, 'CLEANNING CIRCUIT BREAKER ', 1, 8, '2022-06-17', NULL, NULL),
(49, 9, 'CEK RESISTANCE DAN MEGGER KUTUB BREAKER', 1, 8, '2022-06-17', NULL, NULL),
(50, 9, 'BERSIHKAN COMPARTMENT BREAKER DARI DEBU', 1, 8, '2022-06-17', NULL, NULL),
(51, 9, 'BERSIHKAN COMPARTMENT CONTROL  DARI DEBU & TIGHNESS', 1, 8, '2022-06-17', NULL, NULL),
(52, 9, 'BUKA COMPARTEMENT CABLE, PASANG GROUNDING UNTUK KABEL POWER', 1, 8, '2022-06-17', NULL, NULL),
(53, 9, 'BERSIHKAN COMPARTMENT KABEL DARI DEBU & TIGHNESS', 1, 8, '2022-06-17', NULL, NULL),
(54, 9, 'RACK IN CIRCUIT BREAKER PADA COMPARTMENT', 1, 8, '2022-06-17', NULL, NULL),
(55, 5, 'BONGKAR LAMPU SOROT YANG MATISSS', 1, 8, '2022-06-29', NULL, NULL),
(56, 22, 'TEST', 1, 1, '2022-06-29', NULL, NULL),
(57, 22, 'TEST1', 1, 1, '2022-06-29', NULL, NULL),
(58, 3, 'MMEMASANG LAMPU 1 SET', 1, 8, '2022-06-29', NULL, NULL),
(59, 23, 'TEST3', 1, 1, '2022-06-29', NULL, NULL);

-- --------------------------------------------------------

--
-- Struktur dari tabel `owner`
--

CREATE TABLE `owner` (
  `owner_id` int(11) NOT NULL,
  `owner_name` varchar(150) NOT NULL,
  `level` int(11) NOT NULL,
  `description` varchar(200) NOT NULL
) ENGINE=InnoDB DEFAULT CHARSET=latin1 ROW_FORMAT=DYNAMIC;

--
-- Dumping data untuk tabel `owner`
--

INSERT INTO `owner` (`owner_id`, `owner_name`, `level`, `description`) VALUES
(1, 'Manager / GM', 1, '');

-- --------------------------------------------------------

--
-- Struktur dari tabel `risk_management`
--

CREATE TABLE `risk_management` (
  `id_rm` int(11) NOT NULL,
  `activity` varchar(100) NOT NULL,
  `tahapan` varchar(100) NOT NULL,
  `risk_source_id` varchar(100) NOT NULL,
  `risk_context` varchar(100) NOT NULL,
  `risk_analysis` varchar(100) NOT NULL,
  `risk_type` int(11) NOT NULL,
  `risk_category` int(11) NOT NULL,
  `risk_condition` int(11) NOT NULL,
  `risk_treatment` text NOT NULL,
  `consequences` int(11) NOT NULL,
  `likelihood` int(11) NOT NULL,
  `risk_level` int(11) NOT NULL,
  `risk_status` int(11) NOT NULL,
  `risk_owner` int(11) NOT NULL,
  `id_user` int(11) NOT NULL COMMENT 'for log'
) ENGINE=InnoDB DEFAULT CHARSET=latin1 ROW_FORMAT=DYNAMIC;

--
-- Dumping data untuk tabel `risk_management`
--

INSERT INTO `risk_management` (`id_rm`, `activity`, `tahapan`, `risk_source_id`, `risk_context`, `risk_analysis`, `risk_type`, `risk_category`, `risk_condition`, `risk_treatment`, `consequences`, `likelihood`, `risk_level`, `risk_status`, `risk_owner`, `id_user`) VALUES
(1, 'cdcz', 'cdcvvv', 'cdzz', 'cd', 'cdggg', 2, 2, 2, 'nhnhnh', 1, 1, 7, 1, 2, 1);

-- --------------------------------------------------------

--
-- Struktur dari tabel `submenu`
--

CREATE TABLE `submenu` (
  `id_submenu` int(11) NOT NULL,
  `id_menu` int(11) NOT NULL,
  `nama_submenu` varchar(50) NOT NULL,
  `url` varchar(128) NOT NULL,
  `icon` varchar(128) NOT NULL,
  `is_active` int(11) NOT NULL COMMENT 'untuk status menu'
) ENGINE=InnoDB DEFAULT CHARSET=latin1 ROW_FORMAT=DYNAMIC;

--
-- Dumping data untuk tabel `submenu`
--

INSERT INTO `submenu` (`id_submenu`, `id_menu`, `nama_submenu`, `url`, `icon`, `is_active`) VALUES
(1, 8, 'Menu', 'manajemen_menu/menu', '<i class=\"fas fa-sitemap\"></i>', 1),
(2, 3, 'Home', 'risk_management/home', '<i class=\"fas fa-home\"></i>', 1),
(3, 8, 'Sub Menu', 'manajemen_menu/sub_menu', '<i class=\"fas fa-sitemap\"></i>', 1),
(4, 8, 'User', 'manajemen_menu/user', '<i class=\"fas fa-users\"></i>', 1),
(5, 8, 'Role Access', 'manajemen_menu/role_access', '<i class=\"fas fa-users-cog\"></i>', 1),
(6, 3, 'Input New Risk Register', 'risk_management/input_new_risk_register', '<i class=\"fas fa-pen\"></i>', 0),
(7, 3, 'Risk Manj Performance', 'risk_management/risk_manj_performance', '<i class=\"fas fa-chart-pie\"></i>', 1),
(8, 4, 'Legal Compliance Home', 'legal_compliance/legal_compliance_home', '<i class=\"fas fa-clipboard\"></i>', 1),
(9, 4, 'Input New Regulation', 'legal_compliance/input_new_regulation', '<i class=\"fas fa-pen\"></i>', 1),
(10, 4, 'Masterlist Regulation', 'legal_compliance/masterlist_regulation', '<i class=\"fas fa-list-alt\"></i>', 1),
(11, 4, 'Regulation Compliance', 'legal_compliance/regulation_compliance', '<i class=\"fas fa-chart-pie\"></i>', 1),
(12, 4, 'Action Plan', 'legal_compliance/action_plan', '<i class=\"fas fa-list\"></i>', 1),
(22, 10, 'Department', 'manajemen/department', '<i class=\"fas fa-sitemap\"></i>', 1),
(23, 10, 'Function', 'manajemen/section', '<i class=\"fas fa-sitemap\"></i>', 1),
(24, 10, 'Plant', 'manajemen/plant', '<i class=\"fas fa-sitemap\"></i>', 1),
(25, 11, 'Activity', 'manajemen_master/activity', '<i class=\"fas fa-sitemap\"></i>', 1),
(26, 11, 'Sub Activity', 'manajemen_master/sub_activity', '<i class=\"fas fa-sitemap\"></i>', 1),
(27, 11, 'Risk Consequence', 'manajemen_master/risk_consequence', '<i class=\"fas fa-sitemap\"></i>', 1),
(28, 11, 'Likelihood', 'manajemen_master/likelihood', '<i class=\"fas fa-sitemap\"></i>', 0),
(29, 11, 'Likelihood', 'manajemen_master/likelihood', '<i class=\"fas fa-sitemap\"></i>', 1),
(30, 3, 'Input Risk Register', 'risk_management/input_risk_register', '<i class=\"fas fa-pen\" />', 1),
(31, 11, 'Risk Assessment Matrix', 'manajemen_master/risk_assessment_matrix', '<i class=\"fas fa-sitemap\"></i>', 1),
(32, 6, 'Incident Investigation', 'ncr_ca/Incident_Investigation', '<i class=\"fas fa-clipboard fa-xs\"></i>', 1),
(33, 6, 'Fire Investigation', 'ncr_ca/Fire_Investigation', '<i class=\"fas fa-clipboard fa-xs\"></i>', 1),
(34, 7, 'Medical Checkup	', 'performance_management/medical_checkup', '<i class=\"fas fa-columns\"></i>', 1),
(35, 7, 'Internal Clinic', 'performance_management/internal_clinic', '<i class=\"fas fa-columns\"></i>', 1),
(36, 7, 'Doctor Health Followup', 'performance_management/doctor_health_followup', '<i class=\"fas fa-columns\"></i>', 1),
(37, 9, 'Agama', 'manajemen_data/agama', '<i class=\"fas fa-sitemap\"></i>', 1),
(38, 9, 'Jabatan', 'manajemen_data/jabatan', '<i class=\"fas fa-sitemap\"></i>', 1),
(39, 9, 'Negara', 'manajemen_data/negara', '<i class=\"fas fa-sitemap\"></i>', 1),
(40, 9, 'Jenjang Pendidikan', 'manajemen_data/jenjang_pendidikan', '<i class=\"fas fa-sitemap\"></i>', 1),
(41, 9, 'Employee', 'manajemen_data/employee', '<i class=\"fas fa-users\"></i>', 1),
(42, 6, 'Environment Abnormality', 'ncr_ca/environment_abnormality', '<i class=\"fas fa-clipboard fa-xs\"></i>', 1),
(43, 6, 'Corrective Action', 'ncr_ca/corrective_action', '<i class=\"fas fa-clipboard fa-xs\"></i>', 1),
(44, 6, 'NCR Performance', 'ncr_ca/ncr_performance', '<i class=\"fas fa-clipboard fa-xs\"></i>', 1),
(45, 9, 'Hospital', 'manajemen_data/hospital', '<i class=\"fas fa-sitemap\"></i>', 1),
(46, 11, 'Regulation Relateds', 'manajemen_master/regulation_relateds', '<i class=\"fas fa-sitemap\"></i>', 1),
(47, 11, 'Regulation Levels', 'manajemen_master/regulation_levels', '<i class=\"fas fa-sitemap\"></i>', 1),
(48, 11, 'Regulation Status', 'manajemen_master/regulation_status', '<i class=\"fas fa-sitemap\"></i>', 1),
(49, 11, 'Regulation Types', 'manajemen_master/regulation_types', '<i class=\"fas fa-sitemap\"></i>', 1);

-- --------------------------------------------------------

--
-- Struktur dari tabel `tractivityriskregister`
--

CREATE TABLE `tractivityriskregister` (
  `intIdActivityRisk` bigint(20) NOT NULL,
  `txtActivity` text DEFAULT NULL COMMENT 'akan dihapus',
  `intIdDokRiskRegister` int(11) NOT NULL,
  `intInsertedBy` int(11) NOT NULL,
  `dtmInsertedDate` date NOT NULL,
  `intIdActivity` int(11) DEFAULT NULL,
  `txtStatusImplementation` varchar(255) DEFAULT NULL
) ENGINE=InnoDB DEFAULT CHARSET=latin1 ROW_FORMAT=DYNAMIC;

--
-- Dumping data untuk tabel `tractivityriskregister`
--

INSERT INTO `tractivityriskregister` (`intIdActivityRisk`, `txtActivity`, `intIdDokRiskRegister`, `intInsertedBy`, `dtmInsertedDate`, `intIdActivity`, `txtStatusImplementation`) VALUES
(1, NULL, 1, 8, '2022-07-04', 3, NULL),
(2, NULL, 2, 1, '2022-07-22', 22, NULL),
(3, NULL, 1, 8, '2022-07-24', 7, NULL),
(4, NULL, 2, 1, '2022-12-21', 23, NULL),
(5, NULL, 2, 1, '2022-12-21', 24, NULL);

-- --------------------------------------------------------

--
-- Struktur dari tabel `trdokriskregister`
--

CREATE TABLE `trdokriskregister` (
  `intIdDokRiskRegister` bigint(20) NOT NULL,
  `txtDocNumber` varchar(255) NOT NULL,
  `txtStatus` varchar(50) NOT NULL,
  `intInsertedBy` int(11) NOT NULL,
  `dtmInsertedBy` date NOT NULL,
  `intInspectedBy` int(11) DEFAULT NULL,
  `dtmInspectedDate` date DEFAULT NULL,
  `intValidateBy` int(11) DEFAULT NULL,
  `dtmValidatedDate` date DEFAULT NULL,
  `intIdDepartement` int(11) NOT NULL
) ENGINE=InnoDB DEFAULT CHARSET=latin1 ROW_FORMAT=DYNAMIC;

--
-- Dumping data untuk tabel `trdokriskregister`
--

INSERT INTO `trdokriskregister` (`intIdDokRiskRegister`, `txtDocNumber`, `txtStatus`, `intInsertedBy`, `dtmInsertedBy`, `intInspectedBy`, `dtmInspectedDate`, `intValidateBy`, `dtmValidatedDate`, `intIdDepartement`) VALUES
(1, 'APF-1.1-RM-APF-K- TEST.001', 'ON PROGRESS', 8, '2022-07-04', NULL, NULL, NULL, NULL, 8),
(2, 'APF-1.1-RM-APF-K- TEST.001', 'ON PROGRESS', 1, '2022-07-18', NULL, NULL, NULL, NULL, 17),
(3, 'APF-1.1-RM-APF-K- TEST.002', 'ON PROGRESS', 1, '2022-12-21', NULL, NULL, NULL, NULL, 17),
(4, 'APF-1.1-RM-APF-K- TEST.005', 'ON PROGRESS', 1, '2022-12-21', NULL, NULL, NULL, NULL, 17),
(5, 'APF-1.1-RM-APF-K- TEST.001', 'ON PROGRESS', 1, '2022-12-21', NULL, NULL, NULL, NULL, 17),
(6, 'APF-1.1-RM-APF-K- TEST.001', 'ON PROGRESS', 1, '2022-12-21', NULL, NULL, NULL, NULL, 17),
(7, 'APF-1.1-RM-UTL-ELEC.001', 'ON PROGRESS', 1, '2023-07-22', NULL, NULL, NULL, NULL, 17);

-- --------------------------------------------------------

--
-- Struktur dari tabel `trenvinvestigation`
--

CREATE TABLE `trenvinvestigation` (
  `int_id_Envinvestigation` int(11) NOT NULL,
  `dtm_date_incident` date DEFAULT NULL,
  `txt_incident_plant` text NOT NULL,
  `txt_incident_departement` text NOT NULL,
  `txt_incident_location` text NOT NULL,
  `txt_report_by` text NOT NULL,
  `txt_fd_incident_desc` text NOT NULL,
  `txt_fd_action_taken` text NOT NULL,
  `txt_fd_material_polluter` text NOT NULL,
  `txt_fd_env_inpact_to` text NOT NULL,
  `txt_fd_estimate_quantity` text NOT NULL,
  `txt_fd_probable_reason` text NOT NULL,
  `txt_fd_cnr_action` text NOT NULL,
  `txt_rca_manpower` text NOT NULL,
  `txt_rca_methode` text NOT NULL,
  `txt_rca_machine` text NOT NULL,
  `txt_rca_material` text NOT NULL,
  `txt_de_basic_cause` text NOT NULL,
  `txt_de_indirect_cause` text NOT NULL,
  `txt_de_direct_cause` text NOT NULL,
  `txt_de_loses` text NOT NULL,
  `txt_pca_preventive_action` text NOT NULL,
  `txt_pca_person_responsibility` text NOT NULL,
  `txt_pca_time_target` text NOT NULL,
  `txt_incident_image` text NOT NULL,
  `txt_investigation_lead` text NOT NULL,
  `txt_investigation_member` text DEFAULT NULL,
  `int_create_by` int(11) NOT NULL,
  `dtm_create_date` date DEFAULT NULL,
  `dtm_create_time` time DEFAULT current_timestamp(),
  `int_update_by` int(11) NOT NULL,
  `dtm_update_date` date DEFAULT NULL,
  `dtm_update_time` time DEFAULT NULL
) ENGINE=InnoDB DEFAULT CHARSET=utf8 ROW_FORMAT=DYNAMIC;

--
-- Dumping data untuk tabel `trenvinvestigation`
--

INSERT INTO `trenvinvestigation` (`int_id_Envinvestigation`, `dtm_date_incident`, `txt_incident_plant`, `txt_incident_departement`, `txt_incident_location`, `txt_report_by`, `txt_fd_incident_desc`, `txt_fd_action_taken`, `txt_fd_material_polluter`, `txt_fd_env_inpact_to`, `txt_fd_estimate_quantity`, `txt_fd_probable_reason`, `txt_fd_cnr_action`, `txt_rca_manpower`, `txt_rca_methode`, `txt_rca_machine`, `txt_rca_material`, `txt_de_basic_cause`, `txt_de_indirect_cause`, `txt_de_direct_cause`, `txt_de_loses`, `txt_pca_preventive_action`, `txt_pca_person_responsibility`, `txt_pca_time_target`, `txt_incident_image`, `txt_investigation_lead`, `txt_investigation_member`, `int_create_by`, `dtm_create_date`, `dtm_create_time`, `int_update_by`, `dtm_update_date`, `dtm_update_time`) VALUES
(1, '2022-11-30', '1', '17', 'Drain Residue Recovery ', 'RCA Team', 'Polymer process operator drained the liquid residual waste into the drum, the work started by prepared the drum and inserted the drain hose, then opened the valve to filled the drum./When filled the liquid residual waste into the drum, the operator has left it for another job./The drum used is a used TX88 drum which has a plastic hole at the bottom. When entered hot residual liquid waste the hole melted and opened than the residual liquid waste leaked to the drainage./TX88 used drums are not for place liquid residual waste.', 'Operator replaced the drum with DEG used drum/Operator was took the liquid residual waste in the drainage and monitored the drainage flow./Safety Team went to location and checked the all condition.', 'Residue  ', 'water', ' Drum', 'Seet at the Fish Bone', 'Re-training residu drain job/Make WI for this job/Make roof and embankment in residu drain area.', 'Not knowing which standard drum to use  ', 'No Work Instruction for Drain Residue Liquid Waste Leakage in the drum Activity', 'The area is not equipped with proper bund wall causing the overflow can flowed to the drainage', 'The drum used is a used TX88 drum which has a plastic hole at the bottom. When entered hot residual liquid waste the hole melted and opened', 'No or Like Of Procedure,No or Like Of Awareness', 'Work Factor,Personal Factor', 'Unsafe Actions,Unsafe Conditions', 'Human,Machine,Environment', 'Make Work Instruction for Drain Residue Liquid Waste Leakage in the drum Activity', 'Saptaii', 'Satu bulan', 'Picture1.jpg,Picture2.jpg,Pic776339.jpg,Pic748975.jpg,Pic378994.jpeg', 'Saptai', NULL, 1, '2022-11-30', '07:03:32', 1, '2022-11-30', '07:03:32');

-- --------------------------------------------------------

--
-- Struktur dari tabel `trfileriskevidence`
--

CREATE TABLE `trfileriskevidence` (
  `intIdTrRiskEvidence` bigint(20) NOT NULL COMMENT 'file risk evidence',
  `intIdRiskSourceIdentification` int(11) DEFAULT NULL,
  `txtFileEvidence` varchar(255) DEFAULT NULL
) ENGINE=InnoDB DEFAULT CHARSET=latin1 ROW_FORMAT=DYNAMIC;

-- --------------------------------------------------------

--
-- Struktur dari tabel `trfireinvestigation`
--

CREATE TABLE `trfireinvestigation` (
  `int_id_Fireinvestigation` int(11) NOT NULL,
  `dtm_date_incident` date DEFAULT current_timestamp(),
  `dtm_time_incident` time DEFAULT current_timestamp(),
  `txt_incident_area` text NOT NULL,
  `txt_incident_plant` text NOT NULL,
  `txt_incident_machine` text NOT NULL,
  `txt_ii_incident_desc` text NOT NULL,
  `txt_ii_action_taken` text NOT NULL,
  `txt_ii_fire_level` text NOT NULL,
  `txt_ii_severity_level` text NOT NULL,
  `txt_ii_reccurent_proability` text NOT NULL,
  `txt_ii_fire_facility_used` text NOT NULL,
  `txt_rca_manpower` text NOT NULL,
  `txt_rca_methode` text NOT NULL,
  `txt_rca_machine` text NOT NULL,
  `txt_rca_material` text NOT NULL,
  `txt_de_basic_cause` text NOT NULL,
  `txt_de_indirect_cause` text NOT NULL,
  `txt_de_direct_cause` text NOT NULL,
  `txt_de_loses` text NOT NULL,
  `txt_pca_preventive_action` text NOT NULL,
  `txt_pca_person_responsibility` text NOT NULL,
  `txt_pca_time_target` text NOT NULL,
  `txt_incident_image` text NOT NULL,
  `txt_investigation_lead` text NOT NULL,
  `txt_investigation_member` text DEFAULT NULL,
  `int_create_by` int(11) NOT NULL,
  `dtm_create_date` date DEFAULT NULL,
  `dtm_create_time` time DEFAULT NULL,
  `int_update_by` int(11) NOT NULL,
  `dtm_update_date` date DEFAULT NULL,
  `dtm_update_time` time DEFAULT NULL
) ENGINE=InnoDB DEFAULT CHARSET=utf8 ROW_FORMAT=DYNAMIC;

--
-- Dumping data untuk tabel `trfireinvestigation`
--

INSERT INTO `trfireinvestigation` (`int_id_Fireinvestigation`, `dtm_date_incident`, `dtm_time_incident`, `txt_incident_area`, `txt_incident_plant`, `txt_incident_machine`, `txt_ii_incident_desc`, `txt_ii_action_taken`, `txt_ii_fire_level`, `txt_ii_severity_level`, `txt_ii_reccurent_proability`, `txt_ii_fire_facility_used`, `txt_rca_manpower`, `txt_rca_methode`, `txt_rca_machine`, `txt_rca_material`, `txt_de_basic_cause`, `txt_de_indirect_cause`, `txt_de_direct_cause`, `txt_de_loses`, `txt_pca_preventive_action`, `txt_pca_person_responsibility`, `txt_pca_time_target`, `txt_incident_image`, `txt_investigation_lead`, `txt_investigation_member`, `int_create_by`, `dtm_create_date`, `dtm_create_time`, `int_update_by`, `dtm_update_date`, `dtm_update_time`) VALUES
(2, '2022-08-24', '11:22:00', 'FIBER MACHINE AREA', '1', 'MESIN-001', 'TERJADI KONSLETING HINGGA MENIMBULKAN API', 'PEMADAMAN DENGAN APAR', 'MINOR', 'LOW', 'POSSIBLE', '3', 'No refresh training about the job', 'Didnt use proper tools to push the cans box ', 'Almost all of the rollers on the traversing  line was broke', 'The cans box is too heavy', 'No or Like Of Procedure,No or Like Of Tools,No or Like Of Awareness', 'Work Factor', 'Unsafe Conditions', 'Machine', 'Schedule maintenance of QTV machine', 'Mr. Haryanto / Mr. Asep Hendra', 'November, 2022', 'Picture1.jpg,Picture2.jpg', 'LEAD NAME', 'MEMBER NAME 1', 1, '2022-08-24', '06:23:14', 1, '2022-08-24', '06:23:14'),
(3, '2022-11-29', '10:15:00', 'POG FIB', '1', 'MESIN-005', 'TEST FIRE INCIDENT 5', '', 'MAYOR', 'LOW', 'POSSIBLE', '1', 'No refresh training about the job,PAKDHA,E FBG F', 'Didnt use proper tools to push the cans box ,TWRERF', 'Almost all of the rollers on the traversing  line was broke,uwdugdf,HJAD,Almost all of the rollers on the traversing  line was broke', 'The cans box is too heavy', 'No or Like Of Procedure,No or Like Of Tools,No or Like Of Awareness,No Of Cooperation', 'Personal Factor', 'Unsafe Actions,Unsafe Conditions', 'Machine,Material,Environment', 'NO ACTION TAKEN', 'Mr. Haryanto / Mr. Asep Hendra', '3 JAM', 'Picture1.jpg,Picture2.jpg,Picture3.jpg', 'LEAD NAME', 'MEMBER NAME 1', 1, '2022-11-29', '04:17:52', 1, '2022-11-29', '04:17:52');

-- --------------------------------------------------------

--
-- Struktur dari tabel `trinternalclinic`
--

CREATE TABLE `trinternalclinic` (
  `internalclinic_id` int(11) NOT NULL,
  `intIdEmployee` int(11) NOT NULL,
  `service_period` text NOT NULL,
  `age` int(11) NOT NULL,
  `date` date NOT NULL,
  `idparamedic` text NOT NULL,
  `idcomplaint` text NOT NULL,
  `action` text NOT NULL,
  `idMedicine` text NOT NULL
) ENGINE=InnoDB DEFAULT CHARSET=latin1 ROW_FORMAT=DYNAMIC;

--
-- Dumping data untuk tabel `trinternalclinic`
--

INSERT INTO `trinternalclinic` (`internalclinic_id`, `intIdEmployee`, `service_period`, `age`, `date`, `idparamedic`, `idcomplaint`, `action`, `idMedicine`) VALUES
(1, 0, 'test', 12, '2022-07-15', 'test', 'test', 'test', 'test'),
(2, 0, 'test2', 13, '2022-07-15', 'test2', 'test2', 'test2', 'test2'),
(9, 2, '36 Tahun', 53, '2022-08-03', '1', '5', 'dd', '1'),
(10, 23, '27 Tahun', 46, '2022-08-18', '1', '5', 'Istirahat', '2'),
(11, 101, '26 Tahun', 51, '2022-08-04', '1', '8', 'Teh hangat', '1'),
(12, 5, '35 Tahun', 57, '2022-08-11', '1', '6', 'Teh hangat', '2'),
(13, 49, '26 Tahun', 45, '2022-08-12', '1', '5', 'Istirahat', '1'),
(14, 38, '26 Tahun', 49, '2022-08-09', '1', '9', 'Istirahat', '1'),
(15, 47, '26 Tahun', 46, '2022-08-08', '1', '9', 'Istirahat', '1'),
(16, 651, '10 Tahun', 48, '2022-08-03', '1', '5', 'Istirahat', '1'),
(17, 750, '2 Tahun', 38, '2022-08-03', '1', '8', 'Teh hangat', '1'),
(18, 709, '1 Tahun', 38, '2022-08-07', '1', '8', 'Teh hangat', '1'),
(19, 24, '27 Tahun', 49, '2022-08-12', '1', '6', 'Istirahat', '1'),
(20, 20, '27 Tahun', 46, '2022-10-13', '1', '5', 'Istirahat', '1'),
(21, 64, '27 Tahun', 50, '2022-10-27', '1', '15', '^&$#$%^^&*$%^', '2'),
(22, 19, '27 Tahun', 54, '2022-12-30', '1', '10', 'xdcrftucfjvghbhunjilvghukilbhj', '2'),
(23, 1, '2 Tahun', 57, '2022-12-03', '1', '6', 'asd', '2'),
(24, 54, '27 Tahun', 50, '2023-04-04', '1', '6', 'Istirahat', '2'),
(25, 10, '28 Tahun', 55, '2023-04-02', '1', '6', 'Istirahat', '1');

-- --------------------------------------------------------

--
-- Struktur dari tabel `trinvestigation`
--

CREATE TABLE `trinvestigation` (
  `int_id_investigation` int(11) NOT NULL,
  `txt_inv_type` text NOT NULL COMMENT '1=incident, 2=fire, 3=env abnormal',
  `dtm_date_incident` date DEFAULT current_timestamp(),
  `dtm_time_incident` time DEFAULT current_timestamp(),
  `txt_incident_area` text NOT NULL,
  `txt_incident_plant` text NOT NULL,
  `txt_vi_employee_number` text NOT NULL,
  `int_vi_employee_id` int(11) NOT NULL,
  `txt_vi_victim_name` text NOT NULL,
  `txt_vi_victim_department` text NOT NULL,
  `int_vi_victim_age` int(11) NOT NULL,
  `txt_vi_employee_level` text NOT NULL,
  `txt_vi_victim_service_period` text NOT NULL,
  `txt_ii_incident_desc` text NOT NULL,
  `txt_ii_injuried_body_part` text NOT NULL,
  `txt_ii_condition_of_wound` text NOT NULL,
  `txt_ii_incident_level` text NOT NULL,
  `txt_ii_severity_level` text NOT NULL,
  `txt_ii_reccurent_proability` text NOT NULL,
  `txt_ii_action_taken` text NOT NULL,
  `dtm_ii_date_back_to_work` date DEFAULT NULL,
  `txt_rca_manpower` text NOT NULL,
  `txt_rca_methode` text NOT NULL,
  `txt_rca_machine` text NOT NULL,
  `txt_rca_material` text NOT NULL,
  `txt_de_basic_cause` text NOT NULL,
  `txt_de_indirect_cause` text NOT NULL,
  `txt_de_direct_cause` text NOT NULL,
  `txt_de_loses` text NOT NULL,
  `txt_pca_preventive_action` text NOT NULL,
  `txt_pca_person_responsibility` text NOT NULL,
  `txt_pca_time_target` text NOT NULL,
  `txt_incident_image` text NOT NULL,
  `txt_investigation_lead` text NOT NULL,
  `txt_investigation_member` text DEFAULT NULL,
  `int_create_by` int(11) NOT NULL,
  `dtm_create_date` date DEFAULT current_timestamp(),
  `dtm_create_time` time DEFAULT current_timestamp(),
  `int_update_by` int(11) NOT NULL,
  `dtm_update_date` date DEFAULT current_timestamp(),
  `dtm_update_time` time DEFAULT current_timestamp()
) ENGINE=InnoDB DEFAULT CHARSET=utf8 ROW_FORMAT=DYNAMIC;

--
-- Dumping data untuk tabel `trinvestigation`
--

INSERT INTO `trinvestigation` (`int_id_investigation`, `txt_inv_type`, `dtm_date_incident`, `dtm_time_incident`, `txt_incident_area`, `txt_incident_plant`, `txt_vi_employee_number`, `int_vi_employee_id`, `txt_vi_victim_name`, `txt_vi_victim_department`, `int_vi_victim_age`, `txt_vi_employee_level`, `txt_vi_victim_service_period`, `txt_ii_incident_desc`, `txt_ii_injuried_body_part`, `txt_ii_condition_of_wound`, `txt_ii_incident_level`, `txt_ii_severity_level`, `txt_ii_reccurent_proability`, `txt_ii_action_taken`, `dtm_ii_date_back_to_work`, `txt_rca_manpower`, `txt_rca_methode`, `txt_rca_machine`, `txt_rca_material`, `txt_de_basic_cause`, `txt_de_indirect_cause`, `txt_de_direct_cause`, `txt_de_loses`, `txt_pca_preventive_action`, `txt_pca_person_responsibility`, `txt_pca_time_target`, `txt_incident_image`, `txt_investigation_lead`, `txt_investigation_member`, `int_create_by`, `dtm_create_date`, `dtm_create_time`, `int_update_by`, `dtm_update_date`, `dtm_update_time`) VALUES
(8, '1', '2022-07-18', '08:57:00', 'TEST AREA', '1', 'I-2464', 269, 'Mr. SOBIRIN', '11', 53, 'Operator', '26', 'sdgfgdfgh', '11,13', 'wdfdfsdf', 'MINOR', 'LOW', 'POSSIBLE', 'dfhghfghj', '2022-07-18', 'AXCSD,E FBG F', 'TWRERF,DFGDFG', 'DFGDFG,ARFWR', 'AEWR,DFGDFG', 'No or Like Of Procedure,No or Like Of Tools,No or Like Of Obedience', 'Work Factor,Personal Factor', 'Unsafe Actions,Unsafe Conditions', 'Human,Machine,Material', 'erhgh', 'YES', '1 JAM', 'default.jpg', 'LEAD NAME', 'MEMBER NAME 1', 1, '2022-07-18', '03:58:48', 1, '2022-07-18', '03:58:48'),
(9, '1', '2022-07-01', '09:02:00', 'POLY MACHINE AREA', '1', 'III-386', 115, 'Mr. DEDI DARMADI', '17', 53, 'Superintendent', '27', 'NO DESC OFF INCIDENT', '27,29', 'NO CONDITION ', 'MINOR', 'MEDIUM', 'POSSIBLE', 'NO ACTION TAKEN', '2022-07-18', 'PAKDHA,KAHDJAHD', 'DFGDFG,mAHGD', 'uwdugdf,AFFSVFSGH,YHETSF', 'TEGGSF,KGDGHDVGD', 'No or Like Of Tools,No or Like Of Obedience', 'Work Factor', 'Unsafe Actions,Unsafe Conditions', 'Human,Machine', 'NO COMMENCT', 'YES', '3 JAM', 'default.jpg', 'LEAD NAME', 'MEMBER NAME 1,MEMBER NAME 2', 1, '2022-07-18', '04:04:08', 1, '2022-07-18', '04:04:08'),
(10, '1', '2022-07-04', '03:07:00', 'FIBER MACHINE AREA', '1', 'II-1691', 250, 'Mr. CANDRA HAYAT', '11', 48, 'Supervisor', '26', 'Mesin overheat, sehingga menimbulkan ledakan./Terkena percikan FIBER saat melintasi mesin.', '13', 'NO PROBLEM', 'MINOR', 'MEDIUM', 'POSSIBLE', 'NO ACTION', '2022-07-18', 'AXCSD,E FBG F,PAKDHA', 'TWRERF,LKAHDN,DFGDFG', 'HJAD,ARFWR', 'TEGGSF', 'No or Like Of Tools', 'Work Factor,Personal Factor', 'Unsafe Actions', 'Machine,Material', 'MOJHADGA', 'YES', '1 JAM', '1.jpg,2.jpg', 'LEAD NAME', 'MEMBER NAME 1,MEMBER NAME 2', 1, '2022-07-18', '04:09:44', 1, '2022-07-18', '04:09:44'),
(11, '1', '2022-07-19', '14:10:00', 'POLY MACHINE AREA', '1', 'I-3158', 559, 'Mr. FAISAL KODAR', '17', 37, 'Operator', '12', 'At 13.30 Mr. Reza Maulana and his partners prepared a cans box that contained tow on return line then they inserted that cans box to the traversing line 31.\r\n13.35 Mr. Reza and his two partners pushed the cans box manually because the QTV machine was broke\r\n13.40 When Mr. Reza pushed the cans box, his forefinger was caught between the cans box and he spontaneously pulled his hand and he got a torn wound on his forefinger\r\n', '13', 'A torn wound on the forefinger of his right hand, got 17 stitches', 'MINOR', 'LOW', 'POSSIBLE', 'sdgfgfgh', '2022-07-19', 'PAKDHA', 'TWRERF', 'ARFWR', 'AEWR', 'No or Like Of Procedure,No or Like Of Tools', 'Personal Factor', 'Unsafe Actions,Unsafe Conditions', 'Human,Machine,Environment', 'dsgfdgdfg', 'efrhgfgh', 'erfhtht', 'default.jpg', 'LEAD NAME', 'dgsdgdfg', 1, '2022-07-18', '09:11:10', 1, '2022-07-18', '09:11:10'),
(12, '1', '2022-07-04', '15:17:00', 'FIBER MACHINE AREA', '1', 'I-4035 BK', 823, 'Mr. GALIH DIMYATI', '11', 24, 'Operator', '2', 'r tryrewtye5y 5reywery', '13', 'ret wretret ', 'MINOR', 'LOW', 'POSSIBLE', 'rewtyeryery', '2022-07-12', 'PAKDHA', 'TWRERF', 'ARFWR', 'TEGGSF', 'No or Like Of Procedure,No or Like Of Tools', 'Work Factor', 'Unsafe Actions,Unsafe Conditions', 'Machine,Material', 'erywrey', 'YES', '1 JAM', 'default.jpg', 'LEAD NAME', NULL, 1, '2022-07-18', '09:19:08', 1, '2022-07-18', '09:19:08'),
(13, '1', '2022-08-23', '08:55:00', 'POG FIB', '1', 'I-227', 46, 'Mr. ACHMAD SAPUTRA', '2', 52, 'Operator', '27', 'At 13.30 Mr. Reza Maulana and his partners prepared a cans box that contained tow on return line then they inserted that cans box to the traversing line 31.\n13.35 Mr. Reza and his two partners pushed the cans box manually because the QTV machine was broke\n13.40 When Mr. Reza pushed the cans box, his forefinger was caught between the cans box and he spontaneously pulled his hand and he got a torn wound on his forefinger', '22', 'A torn wound on the forefinger of his right hand, got 17 stitches', 'MINOR', 'MEDIUM', 'POSSIBLE', 'headed to the pratama clinic PT. Asia Pacific Fibers, the wound was cleaned and taken to the hospital', '2022-08-26', 'No refresh training about the job,Lack of coordination when pushing the cans box', 'Didnt use proper tools to push the cans box ', 'Almost all of the rollers on the traversing  line was broke,The QVT machine was broke', 'The cans box is too heavy', 'No or Like Of Procedure,No or Like Of Tools,No or Like Of Awareness', 'Personal Factor', 'Unsafe Actions,Unsafe Conditions', 'Human,Machine,Material,Environment', 'Provide refresh training about the job', 'Mr. Haryanto / Mr. Asep Hendra', 'November, 2022', 'default.jpg', 'LEAD NAME', 'MEMBER NAME 1', 1, '2022-08-23', '04:01:12', 1, '2022-08-23', '04:01:12'),
(14, '1', '2024-10-11', '15:17:00', 'ADADAD', '1', 'II-3877', 760, 'Mrs. WINDA DWI PUSPA', '22', 32, 'Supervisor', '5', 'ADAD/ADAD/LKAJSKJJUAOISIJALSKI/KJAYSKUA LKAJSYUOIAS', '1,2,3', 'ADAD ADAD', '1', '2', '1', 'ADAD', '2024-10-11', 'ADAD ADAD', 'ADAD', 'ADAD', 'ADA ADAD', 'No or Like Of Procedure,No or Like Of Tools,No or Like Of Awareness', 'Work Factor,Personal Factor', 'Unsafe Actions,Unsafe Conditions', 'Human,Machine', 'Fire Blanket replaced  with a longer one/Provide a Face shield and a gloves/Drum cut to a shorter length', 'AAN SULAEMAN,BAITUL HAMDI,GALIH AKBAR', '2024-10-11,2024-10-11,2024-10-10', 'compressed_incident_image_0.JPG,compressed_incident_image_1.JPG,compressed_incident_image_2.JPG,compressed_incident_image_3.JPG,compressed_incident_image_4.JPG', 'LEAD INV', 'MEMBER  1', 1, '2024-10-11', '10:40:25', 1, '2024-10-11', '10:40:25'),
(15, '1', '2024-10-11', '16:58:00', 'Green Land', '1', 'V-2099', 190, 'Mr. ESRON ALEX TAMPUBOLON', '3', 55, 'Manager', '28', 'Mr. Andika is a fiber process operator. /When the HSE Academy in Fire Drill session the fire extinguishing activity in the drum using a fire blanket, Mr. Andika got the 4th turn to cover the fire drum using a fire blanket with a large fire condition (that was experienced by all participants)/Mr. Andika when covering the fire drum using a fire blanket too quickly and panicked then stepped back a little so that the fire drum was not completely covered, then Mr. Andika lifted the fire blanket too high so that the fire blanket exceeded the surface of the drum and suddenly the fire that was not completely covered by the fire blanket then the fire hit the right side of his face/Then Mr. Andika\'s burns were given running water for 15 minutes and treated by doctors and paramedics', '2,3,4', 'Nothing', '2', '2', '1', 'Immediately doused the face with running water 15 minutes/After that, Mr. Andika given treatment immediately in PT. Asia Pacific Fiber Pratama Clinic by doctor and paramedic/Treatment by doctors and paramedics with administration of burnazin and bioplacenton ointment for skin burns type 1 - 2 and burn area 6 - 9%', '2024-10-11', 'Too fast, and was panic so fire blanket raise above the height of drum ', 'Not using PPE (face shield, fire resistant gloves) ', 'ADAD, KAHSDK', 'The standard size of the fire blanket is too short', 'No or Like Of Procedure,No or Like Of Tools,No or Like Of Awareness,No or Like Of Obedience', 'Personal Factor', 'Unsafe Actions,Unsafe Conditions', 'Human', 'Fire Blanket replaced  with a longer one/Provide a Face shield and a gloves /Drum cut to a shorter length/the addition of a safety shower', 'TOMY ARIYANTO,TOMY ARIYANTO,TOMY ARIYANTO,TOMY ARIYANTO', '2024-10-11,2024-10-11,2024-10-11,2024-10-11', 'compressed_incident_image_0.JPG,compressed_incident_image_1.JPG,compressed_incident_image_2.JPG', 'LEAD INV', 'MEMBER  1', 1, '2024-10-11', '17:09:14', 1, '2024-10-11', '17:09:14');

-- --------------------------------------------------------

--
-- Struktur dari tabel `trmcu`
--

CREATE TABLE `trmcu` (
  `id` int(11) NOT NULL,
  `service_period` varchar(10) NOT NULL,
  `mcu_period` varchar(10) NOT NULL,
  `hospital` varchar(20) NOT NULL,
  `mcu_type` varchar(10) NOT NULL,
  `mcu_date` varchar(20) NOT NULL,
  `health_status` varchar(15) NOT NULL,
  `identified_disease` varchar(20) NOT NULL,
  `treatment` varchar(50) NOT NULL,
  `doctor_note` varchar(500) NOT NULL,
  `mcu_report` varchar(500) NOT NULL,
  `intIdEmployee` int(11) NOT NULL,
  `age` int(11) NOT NULL,
  `height` int(11) NOT NULL,
  `weight` int(11) NOT NULL,
  `bmi` int(11) NOT NULL,
  `cholesterol` int(11) NOT NULL,
  `gout` int(11) NOT NULL,
  `bloodsugar` int(11) NOT NULL,
  `bloodpressure` int(11) NOT NULL
) ENGINE=InnoDB DEFAULT CHARSET=latin1 ROW_FORMAT=DYNAMIC;

--
-- Dumping data untuk tabel `trmcu`
--

INSERT INTO `trmcu` (`id`, `service_period`, `mcu_period`, `hospital`, `mcu_type`, `mcu_date`, `health_status`, `identified_disease`, `treatment`, `doctor_note`, `mcu_report`, `intIdEmployee`, `age`, `height`, `weight`, `bmi`, `cholesterol`, `gout`, `bloodsugar`, `bloodpressure`) VALUES
(11, 'July', '2022', '2', '2', '2022-07-19', 'Fit with Note', '5', 'Istirahat, Paracetam', '', '', 29, 52, 0, 0, 0, 0, 0, 0, 0),
(12, 'July', '2020', '1', '3', '2020-07-06', 'Unfit', '8', 'Berhenti Merokok', 'abdc', '', 3, 54, 0, 0, 0, 0, 0, 0, 0),
(13, 'July', '2022', '2', '3', '2022-07-20', 'Unfit', '8,15', 'tidur', 'note 1', '', 7, 57, 0, 0, 0, 0, 0, 0, 0),
(14, 'June', '2022', '1', '2', '2022-07-14', 'Fit with Note', '6', 'Tidur', '', '', 15, 51, 0, 0, 0, 0, 0, 0, 0),
(15, 'August', '2022', '2', '2', '2022-08-02', 'Fit with Note', '6', 'Berolahraga', '', '', 29, 52, 0, 0, 0, 0, 0, 0, 0),
(16, 'August', '2021', '2', '3', '2021-08-31', 'Fit with Note', '10', 'Tidur', '', '', 30, 56, 0, 0, 0, 0, 0, 0, 0),
(18, 'August', '2022', '9', '3', '2022-08-03', 'Unfit', '5', 'Rawat Inap', 'Catatan124', '', 29, 52, 0, 0, 0, 0, 0, 0, 0),
(26, '20 Tahun', '2022', '1', '3', '2022-08-05', 'Fit with Note', '10', 'Isitarahat', '', '', 12, 50, 0, 0, 0, 0, 0, 0, 0),
(27, '27 Tahun', '2022', '9', '3', '2021-08-11', 'Fit with Note', '10', 'Tidak diperkenankan makan makanan pedas', '', '', 65, 54, 0, 0, 0, 0, 0, 0, 0),
(28, '26 Tahun', '2022', '9', '3', '2022-08-24', 'Unfit', '8', 'Rawat inap', 'Laporan', '', 115, 53, 0, 0, 0, 0, 0, 0, 0),
(29, '34 Tahun', '2022', '3', '3', '2022-08-25', 'Fit for Work', '6', 'jkjk', '', '985374415.pdf', 6, 54, 0, 0, 0, 0, 0, 0, 0),
(30, '2 Tahun', '2022', '2', '3', '2022-08-08', 'Fit for Work', '5', 'Istirahat', '', '1529634994.pdf', 779, 23, 0, 0, 0, 0, 0, 0, 0),
(31, '1 Tahun', '2022', '3', '3', '2022-08-03', 'Unfit', '9', 'Istirahat', 'Catatan dokter 2', '538078312.pdf', 748, 48, 0, 0, 0, 0, 0, 0, 0),
(32, '27 Tahun', '2022', '10', '3', '2022-08-18', 'Fit with Note', '6', 'abc', '', '878432213.pdf', 62, 52, 0, 0, 0, 0, 0, 0, 0),
(33, '26 Tahun', '2022', '3', '3', '2022-08-12', 'Unfit', '10', 'Ambil cuti', 'Treatment Followup', '1423995001.pdf', 123, 55, 0, 0, 0, 0, 0, 0, 0),
(34, '27 Tahun', '2022', '10', '3', '2022-08-18', 'Unfit', '5,6', 'abc', 'Sudah Followup', '1616550495.pdf', 21, 50, 0, 0, 0, 0, 0, 0, 0),
(35, '1 Tahun', '2022', '1', '2', '2022-12-01', 'Unfit', '8,9', 'Rawat Inap', 'Komentar followup', '1887479132.pdf', 704, 27, 0, 0, 0, 0, 0, 0, 0),
(36, '1 Tahun', '2019', '2', '3', '2019-12-02', 'Unfit', '5', 'Rawat jalan', 'Catatan Followup', '138342304.pdf', 714, 46, 0, 0, 0, 0, 0, 0, 0),
(47, '3 Tahun', '2022', '9', '3', '2022-12-01', 'Fit for Work', '6', 'ABCD', '', '1702578545.pdf', 808, 25, 0, 0, 0, 0, 0, 0, 0),
(48, '28 Tahun', '2023', '1', '2', '2023-04-01', 'Fit for Work', '5,6', 'Istirahat', '', '1603352533.pdf', 21, 50, 0, 0, 0, 0, 0, 0, 0),
(49, '18 Tahun', '2023', '1', '3', '2023-04-03', 'Unfit', '5,8', 'Istirahat', 'Catatan action followup', '319062111.pdf', 434, 37, 0, 0, 0, 0, 0, 0, 0),
(50, '35 Tahun', '2023', '9', '2', '2023-05-11', 'Unfit', '10', 'xxx', '', 'AGUS_HENDRAYANA_321310393.pdf', 6, 54, 0, 0, 0, 0, 0, 0, 0),
(51, '2 Tahun', '2023', '3', '2', '2023-05-18', 'Fit with Note', '15', 'asdf', '', 'MUHAMAD_ADRIANSYAH_ALRAMA_1660342025.pdf', 804, 0, 170, 60, 21, 99, 10, 100, 110),
(52, '25 Tahun', '2023', '2', '2', '2023-05-19', 'Fit with Note', '5', 'treatment', '', 'AGUS_SUSILO_BUDI_DR_1219847444.pdf', 380, 55, 162, 59, 22, 99, 10, 100, 120);

-- --------------------------------------------------------

--
-- Struktur dari tabel `trriskcontext`
--

CREATE TABLE `trriskcontext` (
  `intIdTrRiskContext` bigint(20) NOT NULL,
  `intIdTahapanProsesRisk` int(11) DEFAULT NULL,
  `txtNamaContext` varchar(255) DEFAULT NULL,
  `dtmInsertedDate` date DEFAULT NULL,
  `intInsertedBy` int(11) DEFAULT NULL
) ENGINE=InnoDB DEFAULT CHARSET=latin1 ROW_FORMAT=DYNAMIC;

--
-- Dumping data untuk tabel `trriskcontext`
--

INSERT INTO `trriskcontext` (`intIdTrRiskContext`, `intIdTahapanProsesRisk`, `txtNamaContext`, `dtmInsertedDate`, `intInsertedBy`) VALUES
(1, 2, '<div>1. Beban lampu yang berat</div><div>2. Metode membongkar lampu yg salah</div> ', '2022-07-23', 8),
(2, 2, '<p>1. Lampu dibuang sembarangan</p><p>2. Kurangnya pengetahuan&nbsp;</p>', '2022-07-23', 8),
(3, 2, 'Test', '2022-07-24', 8),
(4, 4, '<div>1. Angin kencang</div><div>2. Tangga yang digunakan tidak kuat</div><div>3. Tidak menggunakan body harness</div><div>4. Kurang berhati-hati</div> ', '2022-08-12', 8),
(5, 5, '<p>1. Kebocoran arus listrik</p><p>2. Adanya kabel yang terkelupas</p><p>3. Lupa mematikan power</p>', '2022-08-12', 8),
(6, 6, '<div>1. Kebocoran arus listrik</div><div>2. Adanya kabel yang terkelupas</div><div>3. Lupa mematikan power</div> ', '2022-08-12', 8),
(7, 7, 'TES CONTEXT RISK 1', '2023-01-30', 1);

-- --------------------------------------------------------

--
-- Struktur dari tabel `trriskevaluation`
--

CREATE TABLE `trriskevaluation` (
  `intIdRiskEvaluation` bigint(20) NOT NULL,
  `intIdRiskSourceIdentification` int(11) DEFAULT NULL,
  `intConsequenceEvaluation` int(11) DEFAULT NULL,
  `intLikelihoodEvaluation` int(11) DEFAULT NULL,
  `txtRiskLevelEvaluation` varchar(4) DEFAULT NULL,
  `txtResidualRisk` varchar(255) DEFAULT NULL,
  `bitRiskStatus` tinyint(4) DEFAULT NULL,
  `txtRiskOwner` varchar(40) DEFAULT NULL,
  `dtmInsertedDate` datetime DEFAULT NULL,
  `intInsertedBy` int(11) DEFAULT NULL,
  `intIdRiskAssessmentMatrix` int(11) DEFAULT NULL
) ENGINE=InnoDB DEFAULT CHARSET=latin1 ROW_FORMAT=DYNAMIC;

--
-- Dumping data untuk tabel `trriskevaluation`
--

INSERT INTO `trriskevaluation` (`intIdRiskEvaluation`, `intIdRiskSourceIdentification`, `intConsequenceEvaluation`, `intLikelihoodEvaluation`, `txtRiskLevelEvaluation`, `txtResidualRisk`, `bitRiskStatus`, `txtRiskOwner`, `dtmInsertedDate`, `intInsertedBy`, `intIdRiskAssessmentMatrix`) VALUES
(1, 4, 1, 2, '2L', NULL, 1, 'OPERATOR', '2022-07-24 14:32:48', 8, 2),
(2, 4, 1, 2, '2L', NULL, 1, 'OPERATOR', '2022-07-26 13:42:45', 8, 2),
(3, 6, 3, 4, '12H', NULL, 0, 'GM/MANAGER', '2022-08-12 02:50:00', 8, 14);

-- --------------------------------------------------------

--
-- Struktur dari tabel `trriskidentification`
--

CREATE TABLE `trriskidentification` (
  `intIdRiskSourceIdentification` bigint(20) NOT NULL,
  `intIdTrRiskContext` int(11) DEFAULT NULL,
  `txtSourceRiskIden` varchar(255) DEFAULT NULL,
  `txtRiskAnalysis` varchar(255) DEFAULT NULL,
  `txtRiskType` varchar(255) DEFAULT NULL,
  `txtRiskCategory` varchar(255) DEFAULT NULL,
  `txtRiskCondition` varchar(255) DEFAULT NULL,
  `intConsequence` int(11) DEFAULT NULL,
  `intLikelihood` int(11) DEFAULT NULL,
  `txtRiskLevel` varchar(4) DEFAULT NULL,
  `bitStatusKepentingan` tinyint(1) DEFAULT NULL COMMENT 'bisa disebut risk status',
  `txtRiskOwner` varchar(255) DEFAULT NULL,
  `bitLastStatusRiskRegister` smallint(6) DEFAULT NULL COMMENT 'status risk terakhir akan disimpan disini',
  `txtLastRiskLevel` varchar(4) DEFAULT NULL COMMENT 'risk level terakhir',
  `dtmInsertedDate` datetime DEFAULT NULL,
  `dtmUpdatedDate` datetime DEFAULT NULL,
  `intInsertedBy` int(11) DEFAULT NULL,
  `intUpdatedBy` int(11) DEFAULT NULL,
  `intIdRiskAssessmentMatrix` int(11) DEFAULT NULL,
  `intLastIdRiskAssessmentMatrixEval` int(11) DEFAULT NULL COMMENT 'id risk matrix asesment terakhir yang telah dievaluasi'
) ENGINE=InnoDB DEFAULT CHARSET=latin1 ROW_FORMAT=DYNAMIC;

--
-- Dumping data untuk tabel `trriskidentification`
--

INSERT INTO `trriskidentification` (`intIdRiskSourceIdentification`, `intIdTrRiskContext`, `txtSourceRiskIden`, `txtRiskAnalysis`, `txtRiskType`, `txtRiskCategory`, `txtRiskCondition`, `intConsequence`, `intLikelihood`, `txtRiskLevel`, `bitStatusKepentingan`, `txtRiskOwner`, `bitLastStatusRiskRegister`, `txtLastRiskLevel`, `dtmInsertedDate`, `dtmUpdatedDate`, `intInsertedBy`, `intUpdatedBy`, `intIdRiskAssessmentMatrix`, `intLastIdRiskAssessmentMatrixEval`) VALUES
(1, 1, 'Tertimpa 1 set lampu', 'Luka ringan pada tubuh', 'Safety Risk', 'Organization Risk', 'Normal', 2, 1, '2L', 1, 'OPERATOR', 1, '2L', '2022-07-23 10:09:02', NULL, 8, NULL, 6, NULL),
(2, 1, 'Lampu Terjatuh ', 'Lampu Pecah', 'Safety Risk', 'Business Risk', 'Normal', 2, 1, '2L', 1, 'OPERATOR', 1, '2L', '2022-07-23 10:10:48', NULL, 8, NULL, 6, NULL),
(3, 2, 'Waste lampu', 'Pencemaran Lingkungan', 'Environmental Risk', 'Legal Risk', 'Normal', 2, 1, '2L', 1, 'OPERATOR', 1, '2L', '2022-07-23 10:13:05', NULL, 8, NULL, 6, NULL),
(4, 3, 'Test Eval', 'Test', 'Quality Risk', 'Organization Risk', 'Start-Up', 3, 4, '12H', 0, 'GM/MANAGER', 1, '2L', '2022-07-24 14:32:06', NULL, 8, NULL, 14, 2),
(5, 4, 'Terjatuh dari ketinggian', 'Luka ringan pada tubuh', '', 'Organization Risk', 'Normal', 2, 1, '2L', 1, 'OPERATOR', 1, '2L', '2022-08-12 02:36:27', NULL, 8, NULL, 6, NULL),
(6, 5, 'Eletrical Shock', 'Cidera tubuh ', 'Quality Risk', 'Organization Risk', 'Normal', 2, 3, '6M', 0, 'INTENDENT/SUPERVISOR', 0, '12H', '2022-08-12 02:45:19', NULL, 8, NULL, 8, 14),
(7, 6, 'Eletrical Shock', 'Cidera tubuh', 'Safety Risk', 'Organization Risk', 'Normal', 2, 1, '2L', 1, 'OPERATOR', 1, '2L', '2022-08-12 02:58:45', NULL, 8, NULL, 6, NULL);

-- --------------------------------------------------------

--
-- Struktur dari tabel `trriskpriorityconsideration`
--

CREATE TABLE `trriskpriorityconsideration` (
  `intIdTrRiskConsideration` bigint(20) NOT NULL COMMENT 'Risk priority consideration',
  `intIdTrRiskTreatmentFuture` bigint(20) DEFAULT NULL,
  `txtRiskPriorityConsideration` varchar(255) DEFAULT NULL
) ENGINE=InnoDB DEFAULT CHARSET=latin1 ROW_FORMAT=DYNAMIC;

--
-- Dumping data untuk tabel `trriskpriorityconsideration`
--

INSERT INTO `trriskpriorityconsideration` (`intIdTrRiskConsideration`, `intIdTrRiskTreatmentFuture`, `txtRiskPriorityConsideration`) VALUES
(1, 1, 'Regulation Compliance'),
(2, 2, 'Regulation Compliance');

-- --------------------------------------------------------

--
-- Struktur dari tabel `trrisktreatmentcurrent`
--

CREATE TABLE `trrisktreatmentcurrent` (
  `intIdTrRiskTreatmentCurrent` bigint(20) NOT NULL,
  `intIdRiskSourceIdentification` bigint(20) DEFAULT NULL,
  `txtRiskTreatmentCurrent` varchar(255) DEFAULT NULL,
  `bitActive` tinyint(4) DEFAULT NULL
) ENGINE=InnoDB DEFAULT CHARSET=latin1 ROW_FORMAT=DYNAMIC;

--
-- Dumping data untuk tabel `trrisktreatmentcurrent`
--

INSERT INTO `trrisktreatmentcurrent` (`intIdTrRiskTreatmentCurrent`, `intIdRiskSourceIdentification`, `txtRiskTreatmentCurrent`, `bitActive`) VALUES
(1, 0, 'Menggunakan metode yang benar', 1),
(2, 2, 'Menggunakan metode yang benar', 1),
(3, 3, 'Mengumpulkan lampu bekasnya dalam satu tempat dan dispose ke pihak ke 3 yg berizin', 1),
(4, 4, 'Menjaga', 1),
(5, 4, 'Melindungi', 1),
(6, 0, '1. Tidak bekerja saat angin kencang 2. Gunakan Tangga yang digunakan Kuat  3. Konsisten menggunakan body harness 4. Tetap berhati-hati', 1),
(7, 6, '1. Menggunakan bodyharness 2. Menggunakan sepatu safety eletrical resistance', 1),
(8, 0, 'Bekerja sesuai WI / Menggunakan Sarung Tangan eletrical resistance', 1);

-- --------------------------------------------------------

--
-- Struktur dari tabel `trrisktreatmentfuture`
--

CREATE TABLE `trrisktreatmentfuture` (
  `intIdTrRiskTreatmentFuture` bigint(20) NOT NULL,
  `intIdRiskSourceIdentification` bigint(20) DEFAULT NULL,
  `txtRiskTreatmentFuture` varchar(255) DEFAULT NULL,
  `charRiskPriority` varchar(1) DEFAULT NULL COMMENT '1 = urgent, 2 = medium, 3 = low',
  `txtImprovement` text DEFAULT NULL,
  `txtFileEvidance` varchar(255) DEFAULT NULL,
  `intTimePlantMonth` int(11) DEFAULT NULL,
  `intTimePlantYear` int(11) DEFAULT NULL,
  `txtStatusImplementation` varchar(255) DEFAULT NULL,
  `bitActive` tinyint(4) DEFAULT NULL
) ENGINE=InnoDB DEFAULT CHARSET=latin1 ROW_FORMAT=DYNAMIC;

--
-- Dumping data untuk tabel `trrisktreatmentfuture`
--

INSERT INTO `trrisktreatmentfuture` (`intIdTrRiskTreatmentFuture`, `intIdRiskSourceIdentification`, `txtRiskTreatmentFuture`, `charRiskPriority`, `txtImprovement`, `txtFileEvidance`, `intTimePlantMonth`, `intTimePlantYear`, `txtStatusImplementation`, `bitActive`) VALUES
(1, 4, 'Test', '1', 'Test', NULL, 1, 2022, 'In Progress', NULL),
(2, 6, '1. Konsisten menggunakan bodyharness 2. Konsisten menggunakan sepatu safety eletrical resistance', '1', 'Terus dikontrol, dievaluasi dan dikaji secara konsisten', 'evidance_1660272538.pdf', 6, 2022, 'In Progress', NULL);

-- --------------------------------------------------------

--
-- Struktur dari tabel `trtahapanprosesrisk`
--

CREATE TABLE `trtahapanprosesrisk` (
  `intIdTahapanProsesRisk` bigint(20) NOT NULL,
  `intIdActivityRisk` int(11) NOT NULL,
  `intInsertedBy` int(11) NOT NULL,
  `dtmInsertedDate` date NOT NULL,
  `intIdTahapanProses` int(11) NOT NULL
) ENGINE=InnoDB DEFAULT CHARSET=latin1 ROW_FORMAT=DYNAMIC;

--
-- Dumping data untuk tabel `trtahapanprosesrisk`
--

INSERT INTO `trtahapanprosesrisk` (`intIdTahapanProsesRisk`, `intIdActivityRisk`, `intInsertedBy`, `dtmInsertedDate`, `intIdTahapanProses`) VALUES
(1, 2, 1, '2022-07-22', 57),
(2, 1, 8, '2022-07-23', 27),
(3, 1, 8, '2022-08-12', 2),
(4, 1, 8, '2022-08-12', 25),
(5, 1, 8, '2022-08-12', 26),
(6, 1, 8, '2022-08-12', 28),
(7, 4, 1, '2022-12-21', 59),
(8, 2, 1, '2023-08-12', 56);

-- --------------------------------------------------------

--
-- Struktur dari tabel `user`
--

CREATE TABLE `user` (
  `user_id` int(10) UNSIGNED NOT NULL,
  `password` varchar(128) NOT NULL,
  `role_id` int(11) NOT NULL,
  `date_created` int(11) NOT NULL,
  `is_active` int(11) NOT NULL,
  `last_login` int(11) NOT NULL,
  `ip_address` int(11) NOT NULL,
  `employee_id` int(11) DEFAULT NULL,
  `isDefaultPassword` int(10) UNSIGNED DEFAULT 0 COMMENT '0 = blm d rubah; 1 =  sdh d rubah',
  `username` varchar(255) DEFAULT NULL
) ENGINE=InnoDB DEFAULT CHARSET=utf8mb4 ROW_FORMAT=DYNAMIC;

--
-- Dumping data untuk tabel `user`
--

INSERT INTO `user` (`user_id`, `password`, `role_id`, `date_created`, `is_active`, `last_login`, `ip_address`, `employee_id`, `isDefaultPassword`, `username`) VALUES
(1, '202cb962ac59075b964b07152d234b70', 1, 1643410800, 1, 0, 0, 1009, 1, 'administrator'),
(2, '21232f297a57a5a743894a0e4a801fc3', 2, 1643410800, 1, 0, 0, NULL, 0, NULL),
(3, '202cb962ac59075b964b07152d234b70', 2, 1643583600, 0, 0, 0, NULL, 0, NULL),
(6, '262201fe2fcb9ee8216cdccb04a85584', 3, 1654833077, 0, 0, 0, 1008, 0, NULL),
(8, '0f07406079696c67b72ee35a90d1f870', 6, 1655319294, 1, 0, 0, 1011, 1, 'wulandari71'),
(9, '5bd0b5fc0c874b35ac7b5bce5e6ea34d', 6, 1655439024, 0, 0, 0, 1012, 0, 'dadiiskandar80'),
(10, 'b1c1f65d2b0c9ac64e31f54c691f0ddb', 3, 1690022830, 1, 0, 0, 258, 1, 'aheriwidiyatmiko364100'),
(11, '08d7f48c2b6af7d53fe8d21876a86209', 3, 1690023483, 1, 0, 0, 561, 1, 'aepsaepulanwar30100');

-- --------------------------------------------------------

--
-- Struktur dari tabel `user_access_menu`
--

CREATE TABLE `user_access_menu` (
  `id` int(11) NOT NULL,
  `role_id` int(11) NOT NULL,
  `id_menu` int(11) NOT NULL
) ENGINE=InnoDB DEFAULT CHARSET=utf8mb4 ROW_FORMAT=DYNAMIC;

--
-- Dumping data untuk tabel `user_access_menu`
--

INSERT INTO `user_access_menu` (`id`, `role_id`, `id_menu`) VALUES
(1, 1, 1),
(2, 1, 3),
(4, 1, 4),
(5, 1, 2),
(6, 2, 3),
(7, 2, 4),
(10, 1, 6),
(11, 1, 7),
(12, 6, 1),
(13, 6, 3),
(14, 2, 6),
(15, 1, 8),
(16, 1, 9),
(17, 1, 10),
(18, 1, 11);

-- --------------------------------------------------------

--
-- Struktur dari tabel `user_detail`
--

CREATE TABLE `user_detail` (
  `user_detail_id` int(11) NOT NULL,
  `nama` varchar(128) NOT NULL,
  `email` varchar(60) NOT NULL,
  `divisi` varchar(128) NOT NULL,
  `jabatan` varchar(128) NOT NULL,
  `tlp` int(11) NOT NULL,
  `img` varchar(128) NOT NULL,
  `id_departemen` int(11) NOT NULL
) ENGINE=InnoDB DEFAULT CHARSET=utf8mb4 ROW_FORMAT=DYNAMIC;

--
-- Dumping data untuk tabel `user_detail`
--

INSERT INTO `user_detail` (`user_detail_id`, `nama`, `email`, `divisi`, `jabatan`, `tlp`, `img`, `id_departemen`) VALUES
(1, 'Admin System', 'rz.oktan@gmail.com', 'IT', '-', 62, 'default.jpg', 7),
(2, 'RICHO MAULAND', 'richo@gmail.com', 'HSE', 'CT', 62, 'default.jpg', 0),
(3, 'admintest', 'admintest@gmail.com', 'HSE', '-', 62, 'default.jpg', 0);

-- --------------------------------------------------------

--
-- Struktur dari tabel `user_role`
--

CREATE TABLE `user_role` (
  `role_id` int(11) NOT NULL,
  `role_type` varchar(128) NOT NULL,
  `description` text NOT NULL
) ENGINE=InnoDB DEFAULT CHARSET=utf8mb4 ROW_FORMAT=DYNAMIC;

--
-- Dumping data untuk tabel `user_role`
--

INSERT INTO `user_role` (`role_id`, `role_type`, `description`) VALUES
(1, 'Administrator', 'This is account for system administrator.'),
(2, 'Manager', 'This is account for regular admin.'),
(3, 'Sr.Spdt', 'This is accouunt for employee.'),
(4, 'Superinten', 'This is accouunt for employee.'),
(5, 'Supervisor', 'This is accouunt for employee.'),
(6, 'Operator', 'This is accouunt for employee.'),
(7, 'Gen.Mgr', 'This is accouunt for employee.');

--
-- Indexes for dumped tables
--

--
-- Indeks untuk tabel `mactivity`
--
ALTER TABLE `mactivity`
  ADD PRIMARY KEY (`intIdActivity`) USING BTREE;

--
-- Indeks untuk tabel `magama`
--
ALTER TABLE `magama`
  ADD PRIMARY KEY (`intidAgama`) USING BTREE;

--
-- Indeks untuk tabel `mbodypart`
--
ALTER TABLE `mbodypart`
  ADD PRIMARY KEY (`intIdBodyPart`) USING BTREE;

--
-- Indeks untuk tabel `mdepartemen`
--
ALTER TABLE `mdepartemen`
  ADD PRIMARY KEY (`intIdDepartement`) USING BTREE;

--
-- Indeks untuk tabel `mdisease`
--
ALTER TABLE `mdisease`
  ADD PRIMARY KEY (`intidDisease`) USING BTREE;

--
-- Indeks untuk tabel `memployee`
--
ALTER TABLE `memployee`
  ADD PRIMARY KEY (`intIdEmployee`) USING BTREE;

--
-- Indeks untuk tabel `menu`
--
ALTER TABLE `menu`
  ADD PRIMARY KEY (`id_menu`) USING BTREE,
  ADD KEY `id_menu` (`id_menu`,`is_active`) USING BTREE;

--
-- Indeks untuk tabel `mfirefacility`
--
ALTER TABLE `mfirefacility`
  ADD PRIMARY KEY (`intId`) USING BTREE;

--
-- Indeks untuk tabel `mfitur`
--
ALTER TABLE `mfitur`
  ADD PRIMARY KEY (`intIdFitur`) USING BTREE;

--
-- Indeks untuk tabel `mhospital`
--
ALTER TABLE `mhospital`
  ADD PRIMARY KEY (`IdHospital`) USING BTREE;

--
-- Indeks untuk tabel `migrations`
--
ALTER TABLE `migrations`
  ADD PRIMARY KEY (`id`);

--
-- Indeks untuk tabel `mincident_level`
--
ALTER TABLE `mincident_level`
  ADD PRIMARY KEY (`id`);

--
-- Indeks untuk tabel `mjabatan`
--
ALTER TABLE `mjabatan`
  ADD PRIMARY KEY (`intIdJabatan`) USING BTREE;

--
-- Indeks untuk tabel `mjenjangpendidikan`
--
ALTER TABLE `mjenjangpendidikan`
  ADD PRIMARY KEY (`intIdJenjangPendidikan`) USING BTREE;

--
-- Indeks untuk tabel `mkota`
--
ALTER TABLE `mkota`
  ADD PRIMARY KEY (`intIdKota`) USING BTREE;

--
-- Indeks untuk tabel `mlikelihood`
--
ALTER TABLE `mlikelihood`
  ADD PRIMARY KEY (`intIdLikelihood`) USING BTREE;

--
-- Indeks untuk tabel `mmcutype`
--
ALTER TABLE `mmcutype`
  ADD PRIMARY KEY (`idMcuType`) USING BTREE;

--
-- Indeks untuk tabel `mmedicine`
--
ALTER TABLE `mmedicine`
  ADD PRIMARY KEY (`idObat`) USING BTREE;

--
-- Indeks untuk tabel `mnegara`
--
ALTER TABLE `mnegara`
  ADD PRIMARY KEY (`intIdNegara`) USING BTREE,
  ADD UNIQUE KEY `txtKodeNegara` (`txtKodeNegara`) USING BTREE;

--
-- Indeks untuk tabel `mparamedic`
--
ALTER TABLE `mparamedic`
  ADD PRIMARY KEY (`idparamedic`) USING BTREE;

--
-- Indeks untuk tabel `mplant`
--
ALTER TABLE `mplant`
  ADD PRIMARY KEY (`intIdPlant`) USING BTREE;

--
-- Indeks untuk tabel `mprovinsi`
--
ALTER TABLE `mprovinsi`
  ADD PRIMARY KEY (`intIdProvinsi`) USING BTREE;

--
-- Indeks untuk tabel `mreccurent_proability`
--
ALTER TABLE `mreccurent_proability`
  ADD PRIMARY KEY (`id`);

--
-- Indeks untuk tabel `mriskassessmentmatrix`
--
ALTER TABLE `mriskassessmentmatrix`
  ADD PRIMARY KEY (`intIdRiskAssessmentMatrix`) USING BTREE;

--
-- Indeks untuk tabel `mriskconsequence`
--
ALTER TABLE `mriskconsequence`
  ADD PRIMARY KEY (`intIdRiskConsequence`) USING BTREE;

--
-- Indeks untuk tabel `mrisk_category`
--
ALTER TABLE `mrisk_category`
  ADD PRIMARY KEY (`id`) USING BTREE;

--
-- Indeks untuk tabel `mrisk_condition`
--
ALTER TABLE `mrisk_condition`
  ADD PRIMARY KEY (`id`) USING BTREE;

--
-- Indeks untuk tabel `mrisk_status`
--
ALTER TABLE `mrisk_status`
  ADD PRIMARY KEY (`id`) USING BTREE;

--
-- Indeks untuk tabel `mrisk_type`
--
ALTER TABLE `mrisk_type`
  ADD PRIMARY KEY (`id`) USING BTREE;

--
-- Indeks untuk tabel `msection`
--
ALTER TABLE `msection`
  ADD PRIMARY KEY (`intIdSection`) USING BTREE;

--
-- Indeks untuk tabel `mseverity_level`
--
ALTER TABLE `mseverity_level`
  ADD PRIMARY KEY (`id`);

--
-- Indeks untuk tabel `ms_regulation_levels`
--
ALTER TABLE `ms_regulation_levels`
  ADD PRIMARY KEY (`id`),
  ADD KEY `ms_regulation_levels_name_deleted_at_index` (`name`,`deleted_at`);

--
-- Indeks untuk tabel `ms_regulation_relateds`
--
ALTER TABLE `ms_regulation_relateds`
  ADD PRIMARY KEY (`id`),
  ADD KEY `ms_regulation_relateds_name_deleted_at_index` (`name`,`deleted_at`);

--
-- Indeks untuk tabel `ms_regulation_status`
--
ALTER TABLE `ms_regulation_status`
  ADD PRIMARY KEY (`id`),
  ADD KEY `ms_regulation_status_name_deleted_at_index` (`name`,`deleted_at`);

--
-- Indeks untuk tabel `ms_regulation_types`
--
ALTER TABLE `ms_regulation_types`
  ADD PRIMARY KEY (`id`),
  ADD KEY `ms_regulation_types_name_deleted_at_index` (`name`,`deleted_at`);

--
-- Indeks untuk tabel `mtahapanproses`
--
ALTER TABLE `mtahapanproses`
  ADD PRIMARY KEY (`intIdTahapanProses`) USING BTREE;

--
-- Indeks untuk tabel `owner`
--
ALTER TABLE `owner`
  ADD PRIMARY KEY (`owner_id`) USING BTREE;

--
-- Indeks untuk tabel `risk_management`
--
ALTER TABLE `risk_management`
  ADD PRIMARY KEY (`id_rm`) USING BTREE,
  ADD KEY `indexing_relation` (`risk_owner`,`risk_level`,`risk_type`,`risk_category`,`risk_condition`) USING BTREE,
  ADD KEY `id_user` (`id_user`) USING BTREE;

--
-- Indeks untuk tabel `submenu`
--
ALTER TABLE `submenu`
  ADD PRIMARY KEY (`id_submenu`) USING BTREE,
  ADD KEY `id_submenu` (`id_submenu`,`id_menu`,`is_active`) USING BTREE,
  ADD KEY `id_menu` (`id_menu`) USING BTREE;

--
-- Indeks untuk tabel `tractivityriskregister`
--
ALTER TABLE `tractivityriskregister`
  ADD PRIMARY KEY (`intIdActivityRisk`) USING BTREE;

--
-- Indeks untuk tabel `trdokriskregister`
--
ALTER TABLE `trdokriskregister`
  ADD PRIMARY KEY (`intIdDokRiskRegister`) USING BTREE;

--
-- Indeks untuk tabel `trenvinvestigation`
--
ALTER TABLE `trenvinvestigation`
  ADD PRIMARY KEY (`int_id_Envinvestigation`) USING BTREE,
  ADD KEY `int_create_by` (`int_create_by`) USING BTREE,
  ADD KEY `int_update_by` (`int_update_by`) USING BTREE;

--
-- Indeks untuk tabel `trfileriskevidence`
--
ALTER TABLE `trfileriskevidence`
  ADD PRIMARY KEY (`intIdTrRiskEvidence`) USING BTREE;

--
-- Indeks untuk tabel `trfireinvestigation`
--
ALTER TABLE `trfireinvestigation`
  ADD PRIMARY KEY (`int_id_Fireinvestigation`) USING BTREE,
  ADD KEY `int_create_by` (`int_create_by`) USING BTREE,
  ADD KEY `int_update_by` (`int_update_by`) USING BTREE;

--
-- Indeks untuk tabel `trinternalclinic`
--
ALTER TABLE `trinternalclinic`
  ADD PRIMARY KEY (`internalclinic_id`) USING BTREE;

--
-- Indeks untuk tabel `trinvestigation`
--
ALTER TABLE `trinvestigation`
  ADD PRIMARY KEY (`int_id_investigation`) USING BTREE,
  ADD KEY `int_victim_employe_id` (`int_vi_employee_id`) USING BTREE,
  ADD KEY `int_create_by` (`int_create_by`) USING BTREE,
  ADD KEY `int_update_by` (`int_update_by`) USING BTREE;

--
-- Indeks untuk tabel `trmcu`
--
ALTER TABLE `trmcu`
  ADD PRIMARY KEY (`id`) USING BTREE;

--
-- Indeks untuk tabel `trriskcontext`
--
ALTER TABLE `trriskcontext`
  ADD PRIMARY KEY (`intIdTrRiskContext`) USING BTREE;

--
-- Indeks untuk tabel `trriskevaluation`
--
ALTER TABLE `trriskevaluation`
  ADD PRIMARY KEY (`intIdRiskEvaluation`) USING BTREE;

--
-- Indeks untuk tabel `trriskidentification`
--
ALTER TABLE `trriskidentification`
  ADD PRIMARY KEY (`intIdRiskSourceIdentification`) USING BTREE;

--
-- Indeks untuk tabel `trriskpriorityconsideration`
--
ALTER TABLE `trriskpriorityconsideration`
  ADD PRIMARY KEY (`intIdTrRiskConsideration`) USING BTREE;

--
-- Indeks untuk tabel `trrisktreatmentcurrent`
--
ALTER TABLE `trrisktreatmentcurrent`
  ADD PRIMARY KEY (`intIdTrRiskTreatmentCurrent`) USING BTREE;

--
-- Indeks untuk tabel `trrisktreatmentfuture`
--
ALTER TABLE `trrisktreatmentfuture`
  ADD PRIMARY KEY (`intIdTrRiskTreatmentFuture`) USING BTREE;

--
-- Indeks untuk tabel `trtahapanprosesrisk`
--
ALTER TABLE `trtahapanprosesrisk`
  ADD PRIMARY KEY (`intIdTahapanProsesRisk`) USING BTREE;

--
-- Indeks untuk tabel `user`
--
ALTER TABLE `user`
  ADD PRIMARY KEY (`user_id`) USING BTREE,
  ADD KEY `user_id` (`user_id`,`role_id`,`is_active`) USING BTREE;

--
-- Indeks untuk tabel `user_access_menu`
--
ALTER TABLE `user_access_menu`
  ADD PRIMARY KEY (`id`) USING BTREE,
  ADD KEY `id` (`id`,`role_id`,`id_menu`) USING BTREE;

--
-- Indeks untuk tabel `user_detail`
--
ALTER TABLE `user_detail`
  ADD PRIMARY KEY (`user_detail_id`) USING BTREE;

--
-- Indeks untuk tabel `user_role`
--
ALTER TABLE `user_role`
  ADD PRIMARY KEY (`role_id`) USING BTREE,
  ADD KEY `role_id` (`role_id`,`role_type`) USING BTREE;

--
-- AUTO_INCREMENT untuk tabel yang dibuang
--

--
-- AUTO_INCREMENT untuk tabel `mactivity`
--
ALTER TABLE `mactivity`
  MODIFY `intIdActivity` int(11) NOT NULL AUTO_INCREMENT, AUTO_INCREMENT=25;

--
-- AUTO_INCREMENT untuk tabel `magama`
--
ALTER TABLE `magama`
  MODIFY `intidAgama` int(11) NOT NULL AUTO_INCREMENT, AUTO_INCREMENT=100;

--
-- AUTO_INCREMENT untuk tabel `mbodypart`
--
ALTER TABLE `mbodypart`
  MODIFY `intIdBodyPart` int(11) NOT NULL AUTO_INCREMENT, AUTO_INCREMENT=34;

--
-- AUTO_INCREMENT untuk tabel `mdepartemen`
--
ALTER TABLE `mdepartemen`
  MODIFY `intIdDepartement` int(11) NOT NULL AUTO_INCREMENT, AUTO_INCREMENT=53;

--
-- AUTO_INCREMENT untuk tabel `mdisease`
--
ALTER TABLE `mdisease`
  MODIFY `intidDisease` int(11) NOT NULL AUTO_INCREMENT, AUTO_INCREMENT=17;

--
-- AUTO_INCREMENT untuk tabel `memployee`
--
ALTER TABLE `memployee`
  MODIFY `intIdEmployee` int(11) NOT NULL AUTO_INCREMENT, AUTO_INCREMENT=1013;

--
-- AUTO_INCREMENT untuk tabel `menu`
--
ALTER TABLE `menu`
  MODIFY `id_menu` int(11) NOT NULL AUTO_INCREMENT, AUTO_INCREMENT=12;

--
-- AUTO_INCREMENT untuk tabel `mfirefacility`
--
ALTER TABLE `mfirefacility`
  MODIFY `intId` int(11) NOT NULL AUTO_INCREMENT, AUTO_INCREMENT=6;

--
-- AUTO_INCREMENT untuk tabel `mfitur`
--
ALTER TABLE `mfitur`
  MODIFY `intIdFitur` int(11) NOT NULL AUTO_INCREMENT;

--
-- AUTO_INCREMENT untuk tabel `mhospital`
--
ALTER TABLE `mhospital`
  MODIFY `IdHospital` int(11) NOT NULL AUTO_INCREMENT, AUTO_INCREMENT=11;

--
-- AUTO_INCREMENT untuk tabel `migrations`
--
ALTER TABLE `migrations`
  MODIFY `id` int(10) UNSIGNED NOT NULL AUTO_INCREMENT, AUTO_INCREMENT=9;

--
-- AUTO_INCREMENT untuk tabel `mincident_level`
--
ALTER TABLE `mincident_level`
  MODIFY `id` int(11) NOT NULL AUTO_INCREMENT, AUTO_INCREMENT=5;

--
-- AUTO_INCREMENT untuk tabel `mjabatan`
--
ALTER TABLE `mjabatan`
  MODIFY `intIdJabatan` int(11) NOT NULL AUTO_INCREMENT, AUTO_INCREMENT=19;

--
-- AUTO_INCREMENT untuk tabel `mjenjangpendidikan`
--
ALTER TABLE `mjenjangpendidikan`
  MODIFY `intIdJenjangPendidikan` int(11) NOT NULL AUTO_INCREMENT, AUTO_INCREMENT=101;

--
-- AUTO_INCREMENT untuk tabel `mkota`
--
ALTER TABLE `mkota`
  MODIFY `intIdKota` bigint(20) UNSIGNED NOT NULL AUTO_INCREMENT, AUTO_INCREMENT=502;

--
-- AUTO_INCREMENT untuk tabel `mlikelihood`
--
ALTER TABLE `mlikelihood`
  MODIFY `intIdLikelihood` int(11) NOT NULL AUTO_INCREMENT, AUTO_INCREMENT=26;

--
-- AUTO_INCREMENT untuk tabel `mmcutype`
--
ALTER TABLE `mmcutype`
  MODIFY `idMcuType` int(11) NOT NULL AUTO_INCREMENT, AUTO_INCREMENT=4;

--
-- AUTO_INCREMENT untuk tabel `mmedicine`
--
ALTER TABLE `mmedicine`
  MODIFY `idObat` int(11) NOT NULL AUTO_INCREMENT, AUTO_INCREMENT=3;

--
-- AUTO_INCREMENT untuk tabel `mnegara`
--
ALTER TABLE `mnegara`
  MODIFY `intIdNegara` int(11) NOT NULL AUTO_INCREMENT, AUTO_INCREMENT=33;

--
-- AUTO_INCREMENT untuk tabel `mparamedic`
--
ALTER TABLE `mparamedic`
  MODIFY `idparamedic` int(11) NOT NULL AUTO_INCREMENT, AUTO_INCREMENT=2;

--
-- AUTO_INCREMENT untuk tabel `mplant`
--
ALTER TABLE `mplant`
  MODIFY `intIdPlant` int(11) NOT NULL AUTO_INCREMENT, AUTO_INCREMENT=8;

--
-- AUTO_INCREMENT untuk tabel `mprovinsi`
--
ALTER TABLE `mprovinsi`
  MODIFY `intIdProvinsi` bigint(20) UNSIGNED NOT NULL AUTO_INCREMENT, AUTO_INCREMENT=41;

--
-- AUTO_INCREMENT untuk tabel `mreccurent_proability`
--
ALTER TABLE `mreccurent_proability`
  MODIFY `id` int(11) NOT NULL AUTO_INCREMENT, AUTO_INCREMENT=3;

--
-- AUTO_INCREMENT untuk tabel `mriskassessmentmatrix`
--
ALTER TABLE `mriskassessmentmatrix`
  MODIFY `intIdRiskAssessmentMatrix` int(11) NOT NULL AUTO_INCREMENT, AUTO_INCREMENT=26;

--
-- AUTO_INCREMENT untuk tabel `mriskconsequence`
--
ALTER TABLE `mriskconsequence`
  MODIFY `intIdRiskConsequence` int(11) NOT NULL AUTO_INCREMENT, AUTO_INCREMENT=11;

--
-- AUTO_INCREMENT untuk tabel `mrisk_category`
--
ALTER TABLE `mrisk_category`
  MODIFY `id` int(11) NOT NULL AUTO_INCREMENT, AUTO_INCREMENT=5;

--
-- AUTO_INCREMENT untuk tabel `mrisk_condition`
--
ALTER TABLE `mrisk_condition`
  MODIFY `id` int(11) NOT NULL AUTO_INCREMENT, AUTO_INCREMENT=6;

--
-- AUTO_INCREMENT untuk tabel `mrisk_status`
--
ALTER TABLE `mrisk_status`
  MODIFY `id` int(11) NOT NULL AUTO_INCREMENT, AUTO_INCREMENT=3;

--
-- AUTO_INCREMENT untuk tabel `mrisk_type`
--
ALTER TABLE `mrisk_type`
  MODIFY `id` int(11) NOT NULL AUTO_INCREMENT, AUTO_INCREMENT=8;

--
-- AUTO_INCREMENT untuk tabel `msection`
--
ALTER TABLE `msection`
  MODIFY `intIdSection` int(11) NOT NULL AUTO_INCREMENT, AUTO_INCREMENT=13;

--
-- AUTO_INCREMENT untuk tabel `mseverity_level`
--
ALTER TABLE `mseverity_level`
  MODIFY `id` int(11) NOT NULL AUTO_INCREMENT, AUTO_INCREMENT=4;

--
-- AUTO_INCREMENT untuk tabel `ms_regulation_levels`
--
ALTER TABLE `ms_regulation_levels`
  MODIFY `id` bigint(20) UNSIGNED NOT NULL AUTO_INCREMENT;

--
-- AUTO_INCREMENT untuk tabel `ms_regulation_relateds`
--
ALTER TABLE `ms_regulation_relateds`
  MODIFY `id` bigint(20) UNSIGNED NOT NULL AUTO_INCREMENT;

--
-- AUTO_INCREMENT untuk tabel `ms_regulation_status`
--
ALTER TABLE `ms_regulation_status`
  MODIFY `id` bigint(20) UNSIGNED NOT NULL AUTO_INCREMENT;

--
-- AUTO_INCREMENT untuk tabel `ms_regulation_types`
--
ALTER TABLE `ms_regulation_types`
  MODIFY `id` bigint(20) UNSIGNED NOT NULL AUTO_INCREMENT;

--
-- AUTO_INCREMENT untuk tabel `mtahapanproses`
--
ALTER TABLE `mtahapanproses`
  MODIFY `intIdTahapanProses` int(11) NOT NULL AUTO_INCREMENT, AUTO_INCREMENT=60;

--
-- AUTO_INCREMENT untuk tabel `owner`
--
ALTER TABLE `owner`
  MODIFY `owner_id` int(11) NOT NULL AUTO_INCREMENT, AUTO_INCREMENT=2;

--
-- AUTO_INCREMENT untuk tabel `risk_management`
--
ALTER TABLE `risk_management`
  MODIFY `id_rm` int(11) NOT NULL AUTO_INCREMENT, AUTO_INCREMENT=2;

--
-- AUTO_INCREMENT untuk tabel `submenu`
--
ALTER TABLE `submenu`
  MODIFY `id_submenu` int(11) NOT NULL AUTO_INCREMENT, AUTO_INCREMENT=50;

--
-- AUTO_INCREMENT untuk tabel `tractivityriskregister`
--
ALTER TABLE `tractivityriskregister`
  MODIFY `intIdActivityRisk` bigint(20) NOT NULL AUTO_INCREMENT, AUTO_INCREMENT=6;

--
-- AUTO_INCREMENT untuk tabel `trdokriskregister`
--
ALTER TABLE `trdokriskregister`
  MODIFY `intIdDokRiskRegister` bigint(20) NOT NULL AUTO_INCREMENT, AUTO_INCREMENT=8;

--
-- AUTO_INCREMENT untuk tabel `trenvinvestigation`
--
ALTER TABLE `trenvinvestigation`
  MODIFY `int_id_Envinvestigation` int(11) NOT NULL AUTO_INCREMENT, AUTO_INCREMENT=4;

--
-- AUTO_INCREMENT untuk tabel `trfileriskevidence`
--
ALTER TABLE `trfileriskevidence`
  MODIFY `intIdTrRiskEvidence` bigint(20) NOT NULL AUTO_INCREMENT COMMENT 'file risk evidence';

--
-- AUTO_INCREMENT untuk tabel `trfireinvestigation`
--
ALTER TABLE `trfireinvestigation`
  MODIFY `int_id_Fireinvestigation` int(11) NOT NULL AUTO_INCREMENT, AUTO_INCREMENT=4;

--
-- AUTO_INCREMENT untuk tabel `trinternalclinic`
--
ALTER TABLE `trinternalclinic`
  MODIFY `internalclinic_id` int(11) NOT NULL AUTO_INCREMENT, AUTO_INCREMENT=26;

--
-- AUTO_INCREMENT untuk tabel `trinvestigation`
--
ALTER TABLE `trinvestigation`
  MODIFY `int_id_investigation` int(11) NOT NULL AUTO_INCREMENT, AUTO_INCREMENT=16;

--
-- AUTO_INCREMENT untuk tabel `trmcu`
--
ALTER TABLE `trmcu`
  MODIFY `id` int(11) NOT NULL AUTO_INCREMENT, AUTO_INCREMENT=53;

--
-- AUTO_INCREMENT untuk tabel `trriskcontext`
--
ALTER TABLE `trriskcontext`
  MODIFY `intIdTrRiskContext` bigint(20) NOT NULL AUTO_INCREMENT, AUTO_INCREMENT=8;

--
-- AUTO_INCREMENT untuk tabel `trriskevaluation`
--
ALTER TABLE `trriskevaluation`
  MODIFY `intIdRiskEvaluation` bigint(20) NOT NULL AUTO_INCREMENT, AUTO_INCREMENT=4;

--
-- AUTO_INCREMENT untuk tabel `trriskidentification`
--
ALTER TABLE `trriskidentification`
  MODIFY `intIdRiskSourceIdentification` bigint(20) NOT NULL AUTO_INCREMENT, AUTO_INCREMENT=8;

--
-- AUTO_INCREMENT untuk tabel `trriskpriorityconsideration`
--
ALTER TABLE `trriskpriorityconsideration`
  MODIFY `intIdTrRiskConsideration` bigint(20) NOT NULL AUTO_INCREMENT COMMENT 'Risk priority consideration', AUTO_INCREMENT=3;

--
-- AUTO_INCREMENT untuk tabel `trrisktreatmentcurrent`
--
ALTER TABLE `trrisktreatmentcurrent`
  MODIFY `intIdTrRiskTreatmentCurrent` bigint(20) NOT NULL AUTO_INCREMENT, AUTO_INCREMENT=9;

--
-- AUTO_INCREMENT untuk tabel `trrisktreatmentfuture`
--
ALTER TABLE `trrisktreatmentfuture`
  MODIFY `intIdTrRiskTreatmentFuture` bigint(20) NOT NULL AUTO_INCREMENT, AUTO_INCREMENT=3;

--
-- AUTO_INCREMENT untuk tabel `trtahapanprosesrisk`
--
ALTER TABLE `trtahapanprosesrisk`
  MODIFY `intIdTahapanProsesRisk` bigint(20) NOT NULL AUTO_INCREMENT, AUTO_INCREMENT=9;

--
-- AUTO_INCREMENT untuk tabel `user`
--
ALTER TABLE `user`
  MODIFY `user_id` int(10) UNSIGNED NOT NULL AUTO_INCREMENT, AUTO_INCREMENT=12;

--
-- AUTO_INCREMENT untuk tabel `user_access_menu`
--
ALTER TABLE `user_access_menu`
  MODIFY `id` int(11) NOT NULL AUTO_INCREMENT, AUTO_INCREMENT=19;

--
-- AUTO_INCREMENT untuk tabel `user_detail`
--
ALTER TABLE `user_detail`
  MODIFY `user_detail_id` int(11) NOT NULL AUTO_INCREMENT, AUTO_INCREMENT=6;

--
-- AUTO_INCREMENT untuk tabel `user_role`
--
ALTER TABLE `user_role`
  MODIFY `role_id` int(11) NOT NULL AUTO_INCREMENT, AUTO_INCREMENT=8;

--
-- Ketidakleluasaan untuk tabel pelimpahan (Dumped Tables)
--

--
-- Ketidakleluasaan untuk tabel `submenu`
--
ALTER TABLE `submenu`
  ADD CONSTRAINT `submenu_ibfk_1` FOREIGN KEY (`id_menu`) REFERENCES `menu` (`id_menu`) ON DELETE CASCADE ON UPDATE CASCADE;
COMMIT;

/*!40101 SET CHARACTER_SET_CLIENT=@OLD_CHARACTER_SET_CLIENT */;
/*!40101 SET CHARACTER_SET_RESULTS=@OLD_CHARACTER_SET_RESULTS */;
/*!40101 SET COLLATION_CONNECTION=@OLD_COLLATION_CONNECTION */;
